Customer_ID,total_orders,total_revenue,revenue_per_order,first_order_date,last_order_date,customer_lifetime_months
C03892,7,328580.45,46940.06,2024-01-18,2025-08-26,19
C01580,9,276678.70,30742.08,2024-01-13,2025-12-09,22
C00549,7,269638.65,38519.81,2024-01-30,2025-11-09,21
C00864,3,259245.55,86415.18,2024-11-13,2025-12-29,13
C02700,5,257278.55,51455.71,2024-02-29,2025-11-07,20
C03580,4,254628.70,63657.18,2024-01-27,2025-11-20,21
C02703,4,253738.15,63434.54,2024-11-17,2025-12-15,12
C00387,5,250905.30,50181.06,2024-12-16,2025-08-08,7
C03919,4,246404.65,61601.16,2024-07-12,2025-12-05,16
C02685,3,245810.65,81936.88,2024-02-04,2024-11-08,9
C02537,5,241837.10,48367.42,2024-01-14,2025-10-08,20
C01310,4,233718.15,58429.54,2024-04-15,2025-07-10,14
C04634,6,231403.45,38567.24,2024-11-23,2025-12-06,12
C04545,6,228652.90,38108.82,2024-02-04,2025-06-29,16
C04764,5,224972.40,44994.48,2024-08-21,2025-09-27,13
C01546,3,224207.55,74735.85,2024-06-03,2025-11-21,17
C00212,4,222877.05,55719.26,2024-04-24,2025-05-03,12
C01110,7,222494.30,31784.90,2024-02-16,2025-04-20,14
C00919,8,221284.50,27660.56,2024-06-20,2025-09-17,14
C02695,6,220640.10,36773.35,2024-03-05,2025-11-27,20
C02271,6,220601.50,36766.92,2024-05-21,2025-10-20,16
C03440,5,213698.45,42739.69,2025-03-03,2025-11-18,8
C02078,7,208061.40,29723.06,2024-05-16,2025-12-20,19
C03903,6,207169.35,34528.23,2024-05-22,2025-08-13,14
C00518,4,203814.40,50953.60,2024-03-28,2025-01-06,9
C01316,1,201309.10,201309.10,2025-09-20,2025-09-20,0
C00313,1,199600.00,199600.00,2024-06-19,2024-06-19,0
C04450,6,197516.65,32919.44,2024-02-19,2025-08-29,18
C00719,5,197376.70,39475.34,2024-10-22,2025-11-02,12
C00172,7,197157.90,28165.41,2024-03-08,2025-11-10,20
C03318,2,197105.00,98552.50,2024-04-01,2025-09-06,17
C01472,3,194784.60,64928.20,2025-06-30,2025-10-27,3
C00086,11,194706.45,17700.59,2024-02-12,2025-08-12,18
C01077,3,191130.30,63710.10,2024-01-25,2025-12-22,22
C02923,2,189806.30,94903.15,2024-12-26,2025-12-21,11
C02187,3,188731.60,62910.53,2024-05-21,2024-12-30,7
C01435,3,188724.40,62908.13,2024-11-05,2025-04-25,5
C02539,4,188349.20,47087.30,2024-02-08,2025-07-10,17
C02489,3,187995.25,62665.08,2024-05-17,2024-12-23,7
C04222,7,187097.15,26728.16,2024-01-24,2025-07-16,17
C04872,6,186548.95,31091.49,2024-05-27,2025-12-11,18
C01319,5,185961.40,37192.28,2024-11-15,2025-07-21,8
C03207,6,185884.90,30980.82,2024-01-12,2025-11-12,22
C01430,2,185575.00,92787.50,2024-04-29,2025-07-28,14
C02922,7,185565.85,26509.41,2024-03-17,2025-11-10,19
C01843,6,182769.65,30461.61,2024-01-16,2025-10-07,20
C01317,3,182131.55,60710.52,2025-03-18,2025-09-16,5
C02949,6,181691.00,30281.83,2024-03-27,2025-12-11,20
C01307,6,181617.65,30269.61,2024-01-03,2025-07-10,18
C03274,2,181535.60,90767.80,2024-05-06,2025-10-09,17
C00797,6,181354.00,30225.67,2024-03-31,2025-08-28,16
C04094,10,178817.60,17881.76,2024-04-13,2025-10-31,18
C01192,8,177575.75,22196.97,2024-04-01,2025-05-31,13
C04761,4,171012.65,42753.16,2024-12-26,2025-09-29,9
C02973,4,170100.75,42525.19,2024-07-07,2025-03-21,8
C02712,4,169213.20,42303.30,2024-04-08,2025-09-29,17
C03026,2,168701.45,84350.73,2025-06-15,2025-12-01,5
C03272,6,168618.40,28103.07,2024-02-12,2025-12-17,22
C02504,8,167816.75,20977.09,2024-01-06,2025-11-14,22
C01361,3,166767.45,55589.15,2024-05-23,2025-05-31,12
C00660,3,166747.15,55582.38,2024-03-18,2025-07-01,15
C02263,4,166227.70,41556.93,2024-12-28,2025-09-07,8
C03873,4,165532.10,41383.03,2024-04-15,2025-12-02,19
C00551,4,163792.95,40948.24,2024-03-16,2025-12-04,20
C04755,4,163723.30,40930.83,2024-06-23,2025-07-07,12
C04366,6,163659.35,27276.56,2024-05-04,2024-10-18,5
C01299,4,163357.55,40839.39,2024-11-23,2025-08-14,8
C04765,4,162367.50,40591.88,2024-03-11,2025-07-01,15
C01148,5,161729.55,32345.91,2024-01-31,2025-09-14,19
C02865,6,161213.85,26868.98,2024-05-15,2025-10-01,16
C00275,4,161105.15,40276.29,2024-07-15,2025-10-01,14
C02472,7,159466.10,22780.87,2024-01-27,2025-11-09,21
C00822,4,158618.25,39654.56,2024-03-29,2025-12-13,20
C01643,4,158229.80,39557.45,2024-02-12,2025-09-18,19
C04467,2,158216.40,79108.20,2024-09-09,2025-09-29,12
C01072,6,158106.20,26351.03,2024-03-06,2025-12-20,21
C04274,8,157977.10,19747.14,2024-05-07,2025-12-29,19
C03045,5,157756.00,31551.20,2025-03-24,2025-12-19,8
C03945,5,156768.45,31353.69,2024-05-16,2025-08-08,14
C03586,2,156670.45,78335.23,2025-02-13,2025-08-20,6
C00203,4,156603.60,39150.90,2024-01-15,2025-07-14,17
C01923,7,156598.90,22371.27,2024-04-11,2025-11-21,19
C00079,3,156099.65,52033.22,2024-04-28,2025-09-23,16
C03088,2,154931.20,77465.60,2024-07-17,2024-10-04,2
C04875,4,154184.65,38546.16,2025-01-27,2025-06-20,4
C04192,5,153016.85,30603.37,2024-05-05,2025-04-28,11
C01511,7,152506.95,21786.71,2024-01-04,2025-07-24,18
C01324,3,150528.50,50176.17,2024-04-13,2025-08-12,15
C04127,1,149700.00,149700.00,2024-01-07,2024-01-07,0
C01400,3,149403.10,49801.03,2024-09-06,2025-10-05,12
C00188,3,149037.20,49679.07,2024-01-19,2025-04-02,14
C02077,3,148927.25,49642.42,2024-09-15,2025-12-13,14
C00949,2,148748.10,74374.05,2024-07-11,2025-04-08,8
C04071,2,148484.20,74242.10,2024-08-07,2024-09-23,1
C02842,2,148199.30,74099.65,2024-05-13,2024-05-15,0
C03729,5,147821.70,29564.34,2024-10-29,2025-06-02,7
C00671,3,147616.15,49205.38,2025-02-04,2025-08-18,6
C00398,3,145691.35,48563.78,2025-08-10,2025-10-12,2
C02991,2,144761.45,72380.73,2025-04-14,2025-12-24,8
C02794,4,144541.85,36135.46,2024-03-14,2025-12-16,21
C03755,2,144233.00,72116.50,2025-08-09,2025-09-09,1
C00636,3,144116.55,48038.85,2024-03-18,2025-11-29,20
C04829,3,143688.40,47896.13,2024-01-13,2025-08-05,18
C00324,5,143529.90,28705.98,2024-04-11,2025-01-15,9
C01552,5,143490.30,28698.06,2024-08-07,2025-11-27,15
C02743,2,143064.15,71532.08,2024-08-22,2025-08-26,12
C03250,2,142177.40,71088.70,2024-05-26,2024-09-16,3
C00877,3,141297.65,47099.22,2024-04-06,2025-11-28,19
C01852,5,141026.70,28205.34,2024-03-23,2025-06-09,14
C01790,3,140918.25,46972.75,2024-09-05,2025-12-03,14
C02136,8,138738.40,17342.30,2024-01-23,2025-12-16,22
C04312,1,137729.00,137729.00,2024-03-15,2024-03-15,0
C01421,5,137535.75,27507.15,2024-01-16,2024-04-26,3
C00936,2,137123.00,68561.50,2025-04-16,2025-11-09,6
C00381,4,136684.85,34171.21,2024-07-29,2025-10-12,14
C00012,5,136568.50,27313.70,2024-06-15,2025-10-05,15
C03165,3,136561.40,45520.47,2024-04-07,2025-04-21,12
C03110,1,136469.00,136469.00,2024-11-08,2024-11-08,0
C02869,8,135370.60,16921.33,2024-04-17,2025-11-25,19
C00661,1,134730.00,134730.00,2024-03-11,2024-03-11,0
C02055,1,134730.00,134730.00,2025-03-01,2025-03-01,0
C04007,4,134619.10,33654.78,2025-05-22,2025-11-05,5
C01845,8,134594.80,16824.35,2024-05-15,2025-12-10,18
C02463,2,134041.10,67020.55,2024-01-08,2024-06-13,5
C02500,5,133105.10,26621.02,2024-01-06,2025-08-31,19
C00503,1,131043.00,131043.00,2025-01-06,2025-01-06,0
C03427,6,130410.75,21735.13,2024-02-25,2025-11-12,20
C02917,6,130196.55,21699.43,2024-05-11,2025-10-28,17
C02007,2,130132.10,65066.05,2024-06-14,2025-02-13,7
C04864,7,130059.80,18579.97,2024-02-15,2025-12-03,21
C02531,4,130013.55,32503.39,2024-05-01,2025-10-11,17
C01135,5,129583.45,25916.69,2024-01-21,2025-12-01,22
C02592,7,129417.45,18488.21,2024-03-05,2025-11-04,19
C04593,5,129207.75,25841.55,2024-05-29,2025-06-15,12
C00505,5,129120.30,25824.06,2024-01-22,2025-12-20,22
C00330,4,128563.15,32140.79,2024-02-04,2025-12-13,22
C03709,4,128317.50,32079.38,2024-02-26,2025-11-30,21
C03931,6,127696.30,21282.72,2024-01-17,2025-08-24,19
C04577,3,125634.20,41878.07,2024-02-19,2025-10-19,20
C01745,4,125595.85,31398.96,2024-02-28,2025-02-25,11
C04067,7,125398.70,17914.10,2024-04-11,2025-12-30,20
C04564,4,125366.05,31341.51,2024-09-09,2025-11-06,13
C00698,4,125296.40,31324.10,2024-05-29,2025-11-27,17
C01349,8,125273.60,15659.20,2024-01-25,2025-11-30,22
C01754,7,125119.65,17874.24,2024-08-10,2025-09-18,13
C00917,6,124752.20,20792.03,2024-06-18,2025-08-31,14
C02590,6,124607.00,20767.83,2024-01-18,2025-12-20,23
C03457,3,124568.30,41522.77,2024-06-22,2025-11-14,16
C02550,5,124558.00,24911.60,2024-08-31,2025-12-27,15
C02946,8,123080.55,15385.07,2025-01-18,2025-12-02,10
C04301,6,123063.05,20510.51,2024-03-20,2025-08-26,17
C02916,6,122578.00,20429.67,2024-01-24,2025-12-15,22
C02881,5,122395.40,24479.08,2024-01-02,2025-05-24,16
C00806,7,121867.90,17409.70,2024-02-28,2025-08-07,17
C03124,4,120434.20,30108.55,2024-03-19,2025-03-07,11
C04555,6,119769.65,19961.61,2024-02-05,2025-08-21,18
C04031,1,119760.00,119760.00,2024-09-09,2024-09-09,0
C04798,4,119744.15,29936.04,2024-09-05,2025-11-22,14
C01764,4,119498.75,29874.69,2024-05-17,2025-12-28,19
C01358,6,119338.65,19889.78,2024-01-01,2024-12-07,11
C01402,1,119059.05,119059.05,2025-08-21,2025-08-21,0
C01839,3,118751.20,39583.73,2024-02-07,2025-03-26,13
C01760,3,118609.55,39536.52,2025-01-09,2025-12-06,10
C01342,7,118481.95,16925.99,2024-01-10,2025-05-30,16
C00953,4,118315.30,29578.83,2024-05-20,2025-06-22,13
C04283,5,118184.40,23636.88,2024-07-22,2025-08-26,13
C03866,4,117765.80,29441.45,2025-01-28,2025-12-23,10
C01162,1,117038.30,117038.30,2025-03-18,2025-03-18,0
C00632,5,116589.30,23317.86,2024-03-03,2025-10-04,19
C00391,1,115511.65,115511.65,2024-06-19,2024-06-19,0
C00227,3,115447.35,38482.45,2024-11-12,2025-05-28,6
C01672,6,115294.95,19215.83,2024-05-23,2025-07-21,13
C02952,5,115283.05,23056.61,2024-07-04,2025-11-25,16
C00224,2,115246.25,57623.13,2024-02-22,2025-03-01,12
C02931,4,114833.40,28708.35,2024-04-25,2025-09-13,16
C03767,2,114721.40,57360.70,2024-04-29,2024-05-16,0
C01286,2,114505.75,57252.88,2024-03-05,2024-10-21,7
C02629,5,113666.70,22733.34,2024-02-01,2025-12-23,22
C04898,5,112711.20,22542.24,2025-01-02,2025-12-05,11
C04989,8,112516.60,14064.58,2024-01-18,2025-11-08,21
C04352,4,112371.05,28092.76,2024-11-29,2025-10-12,10
C01632,5,112308.30,22461.66,2024-04-15,2025-08-12,15
C00121,7,112152.30,16021.76,2024-01-19,2025-06-02,16
C01658,3,112044.35,37348.12,2024-05-23,2025-10-20,16
C00021,3,111897.95,37299.32,2025-01-03,2025-06-14,5
C01697,4,111448.25,27862.06,2024-06-25,2025-07-17,12
C01057,5,111415.75,22283.15,2024-03-13,2025-12-27,21
C04925,6,110412.65,18402.11,2024-08-04,2025-09-17,13
C03678,5,110327.15,22065.43,2024-07-17,2025-08-31,13
C03013,4,110307.95,27576.99,2024-01-02,2025-11-29,22
C04346,2,110283.20,55141.60,2024-06-17,2025-07-10,12
C00369,7,110219.70,15745.67,2024-03-24,2025-12-10,20
C00948,6,110116.70,18352.78,2024-02-05,2025-09-23,19
C03933,4,110000.40,27500.10,2024-06-17,2025-09-17,15
C00673,4,109975.50,27493.88,2024-01-17,2025-06-12,16
C03971,4,109734.50,27433.63,2024-07-09,2025-05-29,10
C04137,6,109660.60,18276.77,2024-02-09,2025-11-26,21
C00773,6,109358.30,18226.38,2024-07-19,2025-10-18,14
C01690,5,109345.35,21869.07,2024-05-23,2025-12-19,18
C00607,4,109294.10,27323.53,2024-03-28,2025-04-29,13
C00320,5,109291.05,21858.21,2024-04-10,2025-09-07,16
C03600,3,108948.00,36316.00,2024-11-28,2025-12-31,13
C03656,4,108745.65,27186.41,2024-01-14,2025-09-05,19
C04952,2,108317.25,54158.63,2025-04-03,2025-07-19,3
C04601,7,108097.65,15442.52,2024-05-01,2025-09-20,16
C01381,3,108095.30,36031.77,2024-04-30,2025-09-22,16
C01021,2,107927.25,53963.63,2025-04-19,2025-11-23,7
C04636,4,107660.75,26915.19,2024-04-16,2024-12-09,7
C03227,4,107240.80,26810.20,2024-12-01,2025-07-16,7
C04153,3,106884.75,35628.25,2024-04-02,2024-11-08,7
C02069,5,106793.75,21358.75,2024-04-19,2025-04-22,12
C00191,3,106477.80,35492.60,2024-05-15,2025-04-06,10
C03608,2,106347.10,53173.55,2024-02-22,2025-04-23,14
C00640,6,106215.70,17702.62,2024-05-12,2025-09-05,15
C00192,5,106005.75,21201.15,2024-01-03,2025-11-12,22
C03099,2,105980.00,52990.00,2024-09-15,2025-02-24,5
C01609,5,105964.40,21192.88,2024-05-22,2025-10-22,17
C02194,2,105872.25,52936.13,2024-09-18,2025-06-12,8
C04116,5,105626.00,21125.20,2024-01-20,2025-11-19,21
C04845,5,105526.65,21105.33,2024-01-17,2025-01-16,11
C02067,4,105489.05,26372.26,2024-04-05,2025-06-30,14
C00506,3,105423.65,35141.22,2024-03-16,2025-05-26,14
C04265,3,105376.20,35125.40,2025-01-05,2025-04-13,3
C01443,3,104858.75,34952.92,2025-06-23,2025-11-07,4
C04941,2,104845.60,52422.80,2025-07-16,2025-07-18,0
C01461,7,104738.45,14962.64,2024-03-01,2025-12-30,21
C01698,5,104732.90,20946.58,2024-11-27,2025-11-25,11
C04633,5,104684.50,20936.90,2024-01-03,2025-11-08,22
C00663,1,104547.15,104547.15,2025-04-15,2025-04-15,0
C04724,2,104393.60,52196.80,2024-03-16,2024-04-12,0
C04734,3,104311.30,34770.43,2024-04-23,2025-05-05,12
C00440,5,104285.30,20857.06,2024-02-04,2025-10-05,20
C04743,3,104229.35,34743.12,2024-01-05,2025-05-20,16
C01750,3,104105.15,34701.72,2024-06-11,2024-11-28,5
C02259,2,103545.25,51772.63,2025-08-15,2025-11-11,2
C01236,1,103426.15,103426.15,2024-01-31,2024-01-31,0
C01872,3,103354.45,34451.48,2024-02-03,2025-01-13,11
C01492,2,103076.30,51538.15,2025-06-22,2025-10-17,3
C04305,3,102794.60,34264.87,2025-01-10,2025-10-31,9
C01538,2,102357.45,51178.73,2025-06-04,2025-12-28,6
C00065,3,102333.40,34111.13,2024-07-25,2025-11-18,15
C02196,2,101767.15,50883.58,2025-06-22,2025-09-20,2
C04411,6,101541.60,16923.60,2024-03-26,2025-12-23,20
C03610,1,101452.05,101452.05,2024-06-02,2024-06-02,0
C04172,2,101371.15,50685.58,2024-07-02,2025-10-27,15
C04057,2,101239.10,50619.55,2024-03-05,2025-03-01,11
C03353,2,101155.10,50577.55,2025-05-23,2025-06-25,1
C02510,4,101059.25,25264.81,2025-08-02,2025-11-17,3
C02465,1,100896.35,100896.35,2025-09-19,2025-09-19,0
C04861,7,100857.85,14408.26,2024-03-20,2025-11-28,20
C02300,4,100400.50,25100.13,2024-09-13,2025-04-30,7
C02593,4,100333.10,25083.28,2024-01-10,2025-08-28,19
C01689,3,100040.40,33346.80,2025-06-18,2025-11-21,5
C00165,1,99800.00,99800.00,2024-04-14,2024-04-14,0
C04849,3,99556.25,33185.42,2025-02-01,2025-06-17,4
C03735,4,99516.45,24879.11,2024-09-17,2025-09-09,11
C01533,5,99062.75,19812.55,2024-07-27,2025-12-05,16
C04115,1,98561.25,98561.25,2025-04-19,2025-04-19,0
C04004,4,98412.50,24603.13,2024-10-03,2025-10-03,12
C03522,2,98208.10,49104.05,2024-07-30,2024-09-24,1
C01149,3,98119.75,32706.58,2024-04-20,2025-07-22,15
C04763,1,98065.35,98065.35,2025-05-02,2025-05-02,0
C00278,4,97931.15,24482.79,2024-01-02,2025-05-16,16
C01182,5,97727.05,19545.41,2024-11-27,2025-10-08,10
C01220,4,97379.65,24344.91,2024-05-11,2025-09-28,16
C00455,5,97233.80,19446.76,2024-03-15,2025-06-26,15
C03008,2,97188.95,48594.48,2024-12-09,2025-11-06,10
C00593,1,97058.30,97058.30,2024-08-22,2024-08-22,0
C04660,3,96800.65,32266.88,2024-02-13,2025-02-25,12
C02203,2,96655.60,48327.80,2024-09-16,2024-12-12,2
C01817,1,96581.40,96581.40,2025-03-26,2025-03-26,0
C03467,2,96260.65,48130.33,2024-10-08,2025-05-29,7
C04254,5,96142.60,19228.52,2024-01-11,2025-03-13,14
C03398,1,96138.10,96138.10,2025-12-15,2025-12-15,0
C01198,3,95812.15,31937.38,2024-02-02,2025-10-07,20
C02672,1,95709.10,95709.10,2024-10-28,2024-10-28,0
C00939,5,95627.85,19125.57,2024-11-08,2025-08-23,9
C01399,6,95460.50,15910.08,2024-03-17,2025-11-16,19
C03392,1,95232.15,95232.15,2024-02-14,2024-02-14,0
C00570,3,95127.10,31709.03,2024-10-24,2025-12-04,13
C04151,8,94925.10,11865.64,2024-06-03,2025-10-11,16
C02329,1,94810.00,94810.00,2025-09-23,2025-09-23,0
C00358,3,94101.30,31367.10,2024-03-22,2025-03-08,11
C03308,4,93794.35,23448.59,2024-01-30,2025-11-14,21
C04236,4,93687.40,23421.85,2024-10-15,2025-04-26,6
C02339,3,93555.10,31185.03,2025-06-07,2025-11-22,5
C00887,1,93529.15,93529.15,2025-08-01,2025-08-01,0
C00786,4,93516.95,23379.24,2024-03-26,2025-12-16,20
C00213,3,93400.35,31133.45,2024-03-19,2025-10-27,19
C04680,3,93229.65,31076.55,2024-01-06,2025-10-18,21
C00168,3,92716.40,30905.47,2024-04-16,2025-08-10,15
C01433,2,92516.25,46258.13,2024-11-11,2025-12-16,13
C02211,6,92032.60,15338.77,2024-01-05,2025-08-04,18
C01601,5,91446.40,18289.28,2024-07-30,2025-12-24,16
C00750,9,91379.80,10153.31,2025-02-16,2025-11-19,9
C02554,6,91298.40,15216.40,2024-03-07,2025-10-31,19
C03611,4,91229.65,22807.41,2024-02-23,2025-11-16,20
C03648,1,90878.05,90878.05,2024-10-16,2024-10-16,0
C01395,6,90841.10,15140.18,2024-02-15,2025-12-27,22
C04751,4,90667.95,22666.99,2024-03-16,2025-01-20,10
C04912,3,90664.35,30221.45,2025-06-19,2025-10-09,3
C02846,1,90629.10,90629.10,2025-05-01,2025-05-01,0
C00108,7,90596.50,12942.36,2024-02-06,2025-08-31,18
C00292,2,90587.20,45293.60,2024-09-15,2024-12-28,3
C01059,1,90584.15,90584.15,2024-05-19,2024-05-19,0
C01934,3,90531.40,30177.13,2024-02-15,2025-12-09,21
C02581,2,90379.20,45189.60,2024-08-12,2024-08-19,0
C00350,4,90251.35,22562.84,2024-03-03,2025-11-18,20
C03985,3,89959.50,29986.50,2024-01-26,2024-10-15,8
C03841,5,89914.85,17982.97,2024-02-24,2025-11-21,20
C02061,6,89865.00,14977.50,2024-03-01,2025-08-12,17
C00319,1,89820.00,89820.00,2024-01-24,2024-01-24,0
C01215,1,89820.00,89820.00,2025-02-11,2025-02-11,0
C02702,1,89820.00,89820.00,2024-09-21,2024-09-21,0
C02226,2,89629.20,44814.60,2024-04-04,2025-11-19,19
C01268,5,89565.50,17913.10,2024-01-17,2025-02-11,12
C02610,4,89409.00,22352.25,2024-09-06,2025-11-02,13
C00846,5,89318.80,17863.76,2024-01-21,2025-03-13,13
C01113,4,88730.40,22182.60,2024-05-14,2025-06-20,13
C04471,4,88447.30,22111.83,2024-02-12,2025-04-30,14
C03924,6,88239.65,14706.61,2024-08-20,2025-08-09,11
C00146,6,88116.70,14686.12,2024-03-30,2025-11-13,19
C04619,5,88095.35,17619.07,2024-01-19,2025-05-16,15
C04955,6,87955.85,14659.31,2024-07-12,2025-04-14,9
C02775,4,87495.30,21873.83,2024-01-14,2025-04-19,15
C03319,7,87411.30,12487.33,2024-07-23,2025-12-12,16
C02511,1,87379.15,87379.15,2024-10-27,2024-10-27,0
C02432,4,87094.55,21773.64,2024-07-14,2025-06-24,11
C01098,6,87056.85,14509.48,2024-03-12,2025-04-17,13
C04879,7,86757.20,12393.89,2024-01-30,2025-12-30,23
C04520,1,86109.20,86109.20,2025-07-11,2025-07-11,0
C00016,4,85994.25,21498.56,2024-01-01,2025-05-08,16
C04668,8,85731.75,10716.47,2024-07-03,2025-08-29,13
C04639,2,85685.55,42842.78,2024-06-17,2025-05-07,10
C03413,8,85619.70,10702.46,2024-02-14,2025-10-26,20
C04358,5,85527.15,17105.43,2024-01-07,2025-12-09,23
C00749,1,84830.00,84830.00,2024-08-09,2024-08-09,0
C01746,1,84830.00,84830.00,2025-05-10,2025-05-10,0
C03102,1,84830.00,84830.00,2024-07-01,2024-07-01,0
C02021,3,84782.95,28260.98,2025-04-19,2025-11-18,6
C02691,1,84600.00,84600.00,2025-08-15,2025-08-15,0
C02967,8,84502.70,10562.84,2024-02-22,2025-11-11,20
C02909,4,84419.65,21104.91,2024-07-19,2025-08-06,12
C00627,5,84354.35,16870.87,2024-04-11,2025-07-03,14
C00429,1,83791.50,83791.50,2024-06-14,2024-06-14,0
C01187,3,83740.25,27913.42,2025-06-11,2025-11-17,5
C04580,3,83696.00,27898.67,2025-01-13,2025-09-15,8
C00481,2,83330.90,41665.45,2024-10-16,2025-08-11,9
C02860,3,83039.40,27679.80,2024-02-26,2025-08-21,17
C00730,3,82458.35,27486.12,2024-10-02,2025-02-25,4
C03268,7,82295.05,11756.44,2024-12-13,2025-11-03,10
C02267,3,81847.65,27282.55,2024-08-16,2025-09-05,12
C02512,6,81551.85,13591.98,2024-03-05,2025-03-27,12
C00245,8,81549.05,10193.63,2024-02-07,2025-11-26,21
C01589,4,81503.50,20375.88,2024-01-18,2025-05-23,16
C04308,3,81467.55,27155.85,2024-03-03,2025-08-12,17
C03455,4,81402.80,20350.70,2024-01-10,2025-08-08,18
C01178,7,81236.25,11605.18,2024-03-01,2025-11-07,20
C02984,8,80639.20,10079.90,2024-05-04,2025-07-27,14
C04650,9,80476.35,8941.82,2024-01-05,2025-12-02,22
C01378,7,80351.80,11478.83,2024-01-02,2025-10-15,21
C04862,7,80240.10,11462.87,2024-04-07,2025-12-24,20
C00565,6,80135.10,13355.85,2024-06-17,2025-11-21,17
C02268,6,80015.55,13335.93,2024-02-16,2025-06-23,16
C04061,5,79904.55,15980.91,2024-06-15,2025-07-18,13
C02776,1,79840.00,79840.00,2024-12-31,2024-12-31,0
C03605,7,79818.00,11402.57,2024-01-30,2025-11-18,21
C03246,5,79727.80,15945.56,2024-03-26,2025-08-06,16
C01885,5,79694.75,15938.95,2024-01-15,2025-06-04,16
C03327,3,79620.30,26540.10,2024-02-17,2024-12-26,10
C04141,4,79589.90,19897.48,2025-05-05,2025-08-20,3
C00843,4,79490.35,19872.59,2024-01-10,2025-03-02,13
C04968,4,79455.75,19863.94,2024-04-11,2024-10-07,5
C01994,5,79249.85,15849.97,2024-03-06,2025-12-24,21
C00353,6,79033.05,13172.18,2024-02-21,2025-09-10,18
C00431,4,78268.85,19567.21,2024-03-07,2025-11-30,20
C02062,3,78258.45,26086.15,2024-05-17,2025-10-22,17
C03324,7,78224.85,11174.98,2024-01-25,2025-10-26,21
C00140,7,78120.70,11160.10,2024-01-15,2025-10-03,20
C03184,7,78091.30,11155.90,2024-02-03,2025-07-21,17
C02025,3,77853.15,25951.05,2024-04-15,2025-06-22,14
C04359,4,77658.70,19414.68,2024-03-27,2025-11-19,19
C04336,4,77517.40,19379.35,2024-09-07,2025-04-26,7
C03854,7,77486.40,11069.49,2024-03-22,2025-12-30,21
C00169,5,77418.15,15483.63,2024-11-19,2025-11-28,12
C04595,4,77404.95,19351.24,2024-02-07,2025-11-26,21
C00622,7,77389.05,11055.58,2024-01-30,2025-08-26,18
C02227,7,77371.45,11053.06,2024-02-12,2025-10-26,20
C02234,8,77241.50,9655.19,2024-03-21,2025-09-14,17
C04462,6,77195.60,12865.93,2024-04-25,2025-09-19,16
C04397,7,77170.75,11024.39,2024-05-03,2025-12-21,19
C01806,2,76998.10,38499.05,2024-02-08,2024-07-23,5
C00201,5,76960.10,15392.02,2024-07-31,2025-08-01,12
C03143,3,76882.20,25627.40,2024-09-29,2025-10-31,13
C03851,6,76854.35,12809.06,2024-03-03,2025-10-25,19
C04468,6,76788.90,12798.15,2024-06-16,2025-12-31,18
C04927,4,76756.20,19189.05,2024-01-22,2025-09-24,20
C01270,3,76529.45,25509.82,2025-03-19,2025-08-14,4
C02243,4,76516.40,19129.10,2025-04-29,2025-05-25,0
C00029,3,76473.75,25491.25,2024-05-20,2025-06-24,13
C03805,5,76452.15,15290.43,2024-03-10,2025-11-25,20
C01993,4,76398.20,19099.55,2025-01-05,2025-09-26,8
C04140,6,76176.55,12696.09,2024-01-21,2025-11-12,21
C03987,4,76141.50,19035.38,2024-05-06,2025-05-23,12
C03529,4,76140.40,19035.10,2024-01-28,2025-04-13,14
C04910,2,76073.20,38036.60,2024-01-13,2025-07-27,18
C01235,5,76009.10,15201.82,2024-08-11,2025-10-11,14
C03149,4,75939.00,18984.75,2024-02-01,2025-12-03,22
C03923,2,75920.20,37960.10,2024-02-17,2025-08-08,17
C03176,5,75917.20,15183.44,2024-02-15,2025-11-03,20
C04388,4,75839.50,18959.88,2024-01-22,2025-05-07,15
C02989,4,75736.65,18934.16,2024-07-23,2025-12-11,16
C04229,5,75730.95,15146.19,2024-02-28,2025-12-14,21
C02458,3,75709.10,25236.37,2024-01-21,2025-06-02,16
C00334,4,75707.55,18926.89,2024-01-25,2025-07-12,17
C03299,4,75698.00,18924.50,2024-02-09,2025-12-31,22
C00366,8,75694.60,9461.83,2024-02-25,2025-12-31,22
C03770,2,75670.30,37835.15,2024-02-27,2024-06-25,3
C03857,3,75668.10,25222.70,2024-11-15,2025-11-07,11
C01295,4,75663.45,18915.86,2024-01-23,2025-10-14,20
C00587,2,75324.05,37662.03,2024-08-14,2024-11-08,2
C02293,4,75310.05,18827.51,2024-05-01,2025-11-27,18
C03385,5,75271.30,15054.26,2024-01-06,2025-12-14,23
C03877,2,74940.45,37470.23,2024-01-25,2025-11-12,21
C00760,4,74811.40,18702.85,2024-03-14,2025-10-17,19
C02181,4,74760.45,18690.11,2024-09-26,2025-11-11,13
C02175,3,74495.90,24831.97,2024-03-03,2025-06-17,15
C01897,4,74419.15,18604.79,2024-06-18,2025-08-13,13
C02580,2,74376.25,37188.13,2025-09-24,2025-10-30,1
C02473,2,74342.20,37171.10,2024-08-12,2025-03-31,7
C04484,7,74273.70,10610.53,2024-01-28,2025-07-29,18
C04272,4,74226.95,18556.74,2024-07-23,2025-06-29,11
C01177,4,74178.45,18544.61,2024-01-01,2025-04-03,15
C00318,3,74147.80,24715.93,2024-02-14,2025-12-12,21
C04931,6,74078.30,12346.38,2024-04-25,2025-11-14,18
C01920,4,74075.10,18518.78,2024-01-29,2024-11-03,9
C02524,2,74003.05,37001.53,2025-01-18,2025-11-21,10
C01945,2,73986.00,36993.00,2024-06-21,2025-06-26,12
C01782,2,73708.30,36854.15,2025-02-16,2025-04-11,1
C01473,4,73621.90,18405.48,2024-09-07,2025-10-21,13
C01138,3,73517.20,24505.73,2024-03-13,2025-05-21,14
C01869,4,73515.75,18378.94,2024-03-30,2025-08-31,17
C01700,4,73469.80,18367.45,2024-03-25,2025-11-24,19
C00532,3,73166.50,24388.83,2024-04-03,2025-08-25,16
C02434,3,72928.70,24309.57,2024-01-13,2025-06-18,17
C04977,4,72741.35,18185.34,2024-03-27,2025-12-13,20
C02331,2,72735.45,36367.73,2024-12-25,2025-09-05,8
C01488,5,72571.65,14514.33,2024-05-01,2025-12-17,19
C03232,3,72470.35,24156.78,2024-04-15,2025-06-06,13
C02038,2,72398.20,36199.10,2024-08-20,2025-02-17,5
C04340,1,72333.20,72333.20,2024-09-22,2024-09-22,0
C00581,5,71691.30,14338.26,2024-03-28,2025-11-15,19
C03378,5,71649.70,14329.94,2024-03-28,2025-11-11,19
C02359,6,71590.95,11931.83,2024-01-27,2025-10-15,20
C04050,5,71266.50,14253.30,2025-01-22,2025-12-10,10
C01479,3,71016.40,23672.13,2024-03-21,2025-01-23,10
C04744,5,70966.05,14193.21,2024-02-13,2025-11-16,21
C04028,3,70841.10,23613.70,2024-08-10,2025-08-29,12
C04783,3,70770.30,23590.10,2024-09-04,2025-03-30,6
C03703,6,70677.35,11779.56,2024-01-16,2025-12-08,22
C00974,2,70671.50,35335.75,2024-01-30,2025-03-22,13
C01014,3,70291.85,23430.62,2024-07-03,2025-09-07,14
C03986,6,70285.45,11714.24,2024-06-27,2025-12-07,17
C01092,4,70277.20,17569.30,2024-01-28,2025-12-16,22
C00825,3,70269.80,23423.27,2024-03-27,2025-11-19,19
C00205,2,70236.25,35118.13,2024-04-05,2025-03-16,11
C01729,5,70174.85,14034.97,2024-01-10,2025-11-26,22
C04356,6,70130.50,11688.42,2024-02-16,2025-08-29,18
C02086,3,70109.70,23369.90,2024-04-03,2025-09-21,17
C03893,4,70093.60,17523.40,2024-01-20,2025-12-28,23
C02996,4,70049.70,17512.43,2024-08-12,2025-09-06,12
C04942,4,69890.10,17472.53,2024-04-06,2025-09-21,17
C01881,4,69863.60,17465.90,2024-02-10,2025-11-25,21
C02961,4,69821.65,17455.41,2024-01-06,2025-07-01,17
C02147,5,69672.05,13934.41,2024-07-27,2025-03-06,7
C03654,6,69642.05,11607.01,2024-05-06,2025-08-26,15
C02391,8,69631.90,8703.99,2024-04-01,2025-07-21,15
C04293,3,69630.35,23210.12,2024-01-01,2025-11-10,22
C01418,4,69578.70,17394.68,2024-04-12,2025-02-26,10
C02728,3,69278.60,23092.87,2024-02-22,2025-08-17,17
C02674,2,69268.20,34634.10,2024-03-13,2025-05-12,13
C00022,7,69189.00,9884.14,2024-01-14,2025-07-21,18
C03048,3,69166.70,23055.57,2024-08-19,2025-08-01,11
C04052,6,68994.90,11499.15,2024-04-19,2025-09-09,16
C01633,5,68555.60,13711.12,2024-05-22,2025-12-20,18
C02275,3,68477.20,22825.73,2024-02-12,2025-11-01,20
C02911,6,68453.45,11408.91,2024-05-25,2025-11-17,17
C01340,2,68422.55,34211.28,2024-12-26,2025-03-19,2
C01010,3,68377.25,22792.42,2024-01-16,2025-12-29,23
C01071,7,68198.25,9742.61,2024-04-07,2025-12-06,19
C02366,1,68198.10,68198.10,2024-12-02,2024-12-02,0
C00295,4,68158.50,17039.63,2024-09-01,2025-09-07,12
C02020,7,68111.40,9730.20,2024-03-31,2025-12-22,20
C04810,7,67965.60,9709.37,2024-04-02,2025-10-30,18
C04395,5,67822.45,13564.49,2024-07-14,2024-11-05,3
C01074,5,67675.10,13535.02,2024-03-30,2025-12-09,20
C01769,4,67513.85,16878.46,2024-05-31,2025-06-18,12
C00418,3,67427.35,22475.78,2024-05-07,2025-08-19,15
C04908,5,67376.95,13475.39,2024-04-10,2025-05-31,13
C00910,2,67332.95,33666.48,2024-05-02,2024-06-28,1
C04914,5,67316.80,13463.36,2024-01-16,2025-11-01,21
C01893,3,67251.65,22417.22,2024-06-01,2025-04-10,10
C03387,3,67191.10,22397.03,2024-07-28,2024-08-22,0
C04337,4,67175.90,16793.98,2024-02-08,2025-09-18,19
C02770,2,66997.30,33498.65,2024-04-18,2025-02-21,10
C04330,3,66981.85,22327.28,2024-01-09,2025-07-30,18
C03304,1,66975.00,66975.00,2024-10-07,2024-10-07,0
C01031,5,66965.05,13393.01,2024-08-15,2025-08-12,11
C02394,5,66927.75,13385.55,2024-05-31,2024-12-18,6
C02782,6,66766.75,11127.79,2024-01-06,2025-09-26,20
C04671,5,66747.45,13349.49,2024-10-31,2025-10-21,11
C02200,3,66677.45,22225.82,2024-06-08,2025-06-01,11
C04821,3,66626.10,22208.70,2025-05-16,2025-06-30,1
C00997,4,66602.10,16650.53,2024-11-04,2025-11-01,11
C01030,4,66463.45,16615.86,2024-03-24,2025-07-19,15
C00902,3,66342.10,22114.03,2024-02-06,2025-04-23,14
C02183,7,66104.10,9443.44,2024-02-28,2025-09-15,18
C04203,1,65996.20,65996.20,2025-04-30,2025-04-30,0
C03381,5,65992.85,13198.57,2024-07-11,2025-12-02,16
C03360,4,65579.50,16394.88,2024-02-02,2025-02-12,12
C01494,3,65469.25,21823.08,2024-09-23,2025-11-08,13
C02735,3,65463.25,21821.08,2024-01-31,2025-03-24,13
C02578,4,65458.70,16364.68,2024-02-28,2025-10-31,20
C03693,4,65437.40,16359.35,2024-01-10,2025-12-13,23
C00726,3,65418.65,21806.22,2024-03-20,2025-02-14,10
C00883,3,65313.20,21771.07,2025-03-03,2025-10-13,7
C03860,5,65297.30,13059.46,2024-03-29,2025-12-24,20
C02198,5,65279.35,13055.87,2024-12-24,2025-09-12,8
C02589,6,65246.10,10874.35,2024-04-26,2025-10-14,17
C01084,3,65165.30,21721.77,2024-04-10,2025-04-26,12
C04365,6,65156.35,10859.39,2024-01-26,2024-07-22,5
C01694,6,65117.25,10852.88,2024-02-05,2025-12-02,21
C00604,4,65092.75,16273.19,2024-01-28,2025-09-06,19
C01302,3,65051.40,21683.80,2025-04-25,2025-09-09,4
C03273,4,65023.05,16255.76,2024-04-13,2024-11-28,7
C01883,4,64984.30,16246.08,2024-09-16,2025-07-31,10
C02647,4,64871.30,16217.83,2025-01-07,2025-05-14,4
C02117,3,64843.05,21614.35,2024-03-26,2024-07-28,4
C01653,5,64789.15,12957.83,2024-02-09,2025-10-04,19
C03267,2,64680.50,32340.25,2025-03-07,2025-10-13,7
C00859,3,64624.50,21541.50,2024-05-24,2025-10-01,16
C02128,3,64617.25,21539.08,2024-02-02,2025-05-17,15
C01907,2,64587.15,32293.58,2024-07-17,2025-04-06,8
C01597,5,64446.90,12889.38,2024-09-08,2025-12-06,14
C00492,4,64445.40,16111.35,2025-02-11,2025-08-17,6
C02356,2,64440.40,32220.20,2024-12-27,2025-01-07,0
C02127,3,64427.85,21475.95,2024-04-06,2025-10-02,17
C03133,4,64186.05,16046.51,2024-02-04,2025-02-17,12
C04045,3,64154.55,21384.85,2025-01-31,2025-12-12,10
C04475,6,64063.90,10677.32,2024-01-02,2025-08-22,19
C02462,3,63946.45,21315.48,2024-05-13,2025-11-12,17
C00768,5,63932.30,12786.46,2024-03-29,2025-12-02,20
C01412,3,63889.75,21296.58,2024-03-09,2025-07-12,16
C01610,2,63848.30,31924.15,2025-03-30,2025-11-05,7
C03962,5,63777.55,12755.51,2024-10-05,2025-12-12,14
C01420,5,63670.65,12734.13,2024-09-16,2025-10-07,12
C03594,2,63561.15,31780.58,2024-01-13,2025-04-05,14
C03855,2,63554.40,31777.20,2024-02-24,2025-12-02,21
C03474,3,63476.10,21158.70,2024-02-17,2024-12-09,9
C03173,2,63424.30,31712.15,2025-04-11,2025-04-30,0
C00453,4,63421.85,15855.46,2024-07-07,2025-10-15,15
C02791,6,63364.20,10560.70,2024-03-28,2024-12-27,8
C03202,4,63253.65,15813.41,2024-04-28,2025-08-08,15
C03389,4,63141.55,15785.39,2024-04-20,2025-10-29,18
C01204,4,63053.15,15763.29,2025-06-30,2025-10-08,3
C00002,6,62977.85,10496.31,2024-01-02,2025-06-20,17
C02280,3,62966.75,20988.92,2024-04-04,2024-08-13,4
C02763,3,62902.60,20967.53,2024-09-03,2025-06-20,9
C03686,2,62852.20,31426.10,2024-02-05,2025-01-17,11
C01792,2,62828.40,31414.20,2024-02-29,2025-12-23,21
C01948,1,62806.45,62806.45,2025-12-24,2025-12-24,0
C02459,3,62768.25,20922.75,2024-06-14,2025-10-06,15
C03494,6,62605.05,10434.18,2024-10-07,2025-09-25,11
C00635,4,62559.85,15639.96,2024-08-09,2025-09-07,12
C02644,6,62481.95,10413.66,2024-02-14,2025-08-22,18
C00612,3,62478.10,20826.03,2024-04-30,2024-11-25,6
C02245,2,62475.45,31237.73,2024-03-26,2025-08-18,16
C04587,4,62439.35,15609.84,2024-07-06,2025-12-22,17
C00266,2,62250.50,31125.25,2024-11-13,2025-05-08,5
C00578,3,62021.20,20673.73,2024-07-14,2025-12-15,17
C04654,5,61967.65,12393.53,2025-02-15,2025-08-16,6
C04136,3,61874.25,20624.75,2024-03-13,2024-05-20,2
C02487,5,61864.35,12372.87,2024-01-30,2025-07-11,17
C03725,2,61846.05,30923.03,2024-05-06,2024-05-11,0
C02811,5,61773.15,12354.63,2024-03-31,2025-04-10,12
C03070,3,61764.20,20588.07,2025-01-09,2025-05-31,4
C04793,3,61728.85,20576.28,2025-04-20,2025-09-11,4
C02166,4,61712.30,15428.08,2024-09-01,2025-12-16,15
C02427,3,61681.80,20560.60,2024-03-22,2025-12-17,20
C03695,3,61491.50,20497.17,2025-01-20,2025-08-26,7
C02932,5,61479.65,12295.93,2024-05-05,2025-10-25,17
C02283,4,61344.65,15336.16,2024-04-03,2025-04-24,12
C04988,5,61310.00,12262.00,2024-02-10,2025-12-11,22
C02442,4,61303.90,15325.98,2024-05-03,2025-10-11,17
C04661,2,61256.40,30628.20,2024-03-27,2025-05-26,13
C01733,5,61169.65,12233.93,2024-02-28,2025-11-11,20
C02408,4,61085.80,15271.45,2025-03-23,2025-09-05,5
C03031,2,61075.05,30537.53,2025-06-13,2025-08-02,1
C02905,3,61046.20,20348.73,2025-02-19,2025-09-25,7
C03651,5,60993.75,12198.75,2024-02-17,2025-03-01,12
C01209,5,60838.70,12167.74,2024-02-16,2025-05-30,15
C03558,4,60741.80,15185.45,2024-05-23,2025-11-12,17
C02686,5,60686.45,12137.29,2024-03-05,2025-10-07,19
C01539,6,60668.70,10111.45,2024-04-04,2025-12-31,20
C04694,7,60642.25,8663.18,2024-01-01,2025-07-06,18
C02335,5,60568.00,12113.60,2024-04-26,2025-10-30,18
C03338,6,60544.70,10090.78,2024-02-25,2025-10-19,19
C00552,3,60525.35,20175.12,2024-07-13,2025-12-31,17
C04579,5,60430.20,12086.04,2024-01-28,2024-11-08,9
C04514,3,60335.30,20111.77,2024-11-02,2025-10-28,11
C02518,2,60304.05,30152.03,2024-05-06,2025-01-08,8
C03906,5,60286.60,12057.32,2024-03-14,2025-04-22,13
C01603,3,60193.60,20064.53,2024-03-25,2025-10-02,18
C03609,1,60180.45,60180.45,2025-10-12,2025-10-12,0
C01107,7,60100.80,8585.83,2024-04-29,2025-12-19,19
C04385,5,59980.55,11996.11,2024-04-03,2025-12-12,20
C01150,4,59774.50,14943.63,2024-04-11,2025-10-02,17
C04959,2,59746.40,29873.20,2025-05-05,2025-05-28,0
C03897,4,59629.85,14907.46,2024-03-20,2025-03-30,12
C02820,4,59619.70,14904.93,2024-12-27,2025-12-15,11
C00395,5,59589.55,11917.91,2024-04-15,2025-12-24,20
C00265,1,59439.20,59439.20,2024-01-26,2024-01-26,0
C02834,4,59334.95,14833.74,2024-07-22,2025-08-23,13
C00665,4,59251.65,14812.91,2024-06-22,2025-09-17,14
C01486,4,59199.50,14799.88,2024-03-14,2025-11-12,19
C00852,3,59197.00,19732.33,2025-04-19,2025-08-23,4
C01331,3,59177.40,19725.80,2024-03-10,2024-08-22,5
C04629,4,59083.70,14770.93,2024-04-04,2025-06-19,14
C01916,5,59067.70,11813.54,2024-06-28,2025-03-16,8
C04250,5,59000.30,11800.06,2024-01-11,2025-06-15,17
C01780,4,58985.25,14746.31,2024-04-23,2025-09-17,16
C02612,6,58860.70,9810.12,2024-01-18,2025-10-12,20
C04261,3,58748.55,19582.85,2024-07-01,2025-11-20,16
C02013,5,58663.40,11732.68,2024-01-13,2025-09-06,19
C00882,2,58650.60,29325.30,2025-01-03,2025-08-04,7
C03111,5,58576.25,11715.25,2024-04-17,2025-03-31,11
C02615,3,58561.30,19520.43,2024-04-03,2024-07-28,3
C04269,3,58533.90,19511.30,2024-04-27,2025-08-13,15
C04974,3,58510.40,19503.47,2024-07-08,2025-05-29,10
C02429,2,58473.25,29236.63,2024-01-12,2025-12-29,23
C03697,2,58454.50,29227.25,2024-04-27,2024-11-23,6
C04961,1,58407.30,58407.30,2024-02-26,2024-02-26,0
C01664,3,58381.45,19460.48,2024-05-04,2025-12-29,19
C01709,3,58373.40,19457.80,2024-02-20,2025-10-26,20
C00269,8,58354.20,7294.28,2024-03-17,2025-11-21,20
C01513,1,58346.10,58346.10,2024-05-03,2024-05-03,0
C02174,3,58293.70,19431.23,2024-02-08,2025-10-09,20
C00208,3,58201.15,19400.38,2024-05-31,2025-09-06,15
C01579,5,58174.40,11634.88,2024-06-04,2025-11-25,17
C04135,5,58168.60,11633.72,2024-11-21,2025-11-13,11
C00638,4,58156.85,14539.21,2024-03-12,2025-09-23,18
C04198,7,58022.60,8288.94,2024-01-07,2025-06-30,17
C01673,3,57977.25,19325.75,2024-01-08,2025-10-22,21
C03711,3,57960.65,19320.22,2024-01-23,2025-10-16,20
C03748,3,57895.55,19298.52,2024-02-19,2024-05-09,2
C03932,8,57827.25,7228.41,2024-02-22,2025-11-12,20
C00026,3,57790.55,19263.52,2024-02-13,2025-01-12,10
C03577,1,57751.70,57751.70,2024-07-18,2024-07-18,0
C01821,2,57711.05,28855.53,2024-03-20,2024-09-29,6
C00194,5,57672.15,11534.43,2024-07-09,2025-07-20,12
C02816,6,57621.70,9603.62,2024-06-10,2025-09-28,15
C03655,3,57526.60,19175.53,2024-01-25,2025-05-12,15
C02096,2,57506.40,28753.20,2024-08-11,2024-08-23,0
C02624,2,57471.50,28735.75,2024-12-22,2025-06-25,6
C00940,3,57342.60,19114.20,2024-07-25,2025-10-01,14
C03839,4,57210.70,14302.68,2024-04-19,2025-07-15,14
C00626,3,57173.45,19057.82,2025-01-11,2025-12-10,10
C00273,1,57167.15,57167.15,2025-07-13,2025-07-13,0
C04631,4,57132.55,14283.14,2024-02-12,2025-06-28,16
C00788,2,57045.40,28522.70,2025-09-22,2025-11-21,1
C00715,3,57020.60,19006.87,2024-08-18,2025-09-06,12
C03454,4,57009.50,14252.38,2024-07-31,2025-09-16,13
C02960,6,56980.95,9496.83,2024-02-11,2025-09-20,19
C03238,3,56921.05,18973.68,2024-01-07,2025-07-23,18
C01516,2,56854.70,28427.35,2024-06-02,2025-07-06,13
C04926,8,56839.30,7104.91,2024-01-16,2025-10-02,20
C00034,2,56784.75,28392.38,2024-08-10,2025-02-20,6
C02098,7,56730.45,8104.35,2024-01-17,2025-12-03,22
C04147,6,56579.05,9429.84,2024-01-04,2025-05-15,16
C01053,2,56466.50,28233.25,2024-12-21,2025-02-17,1
C01253,3,56401.50,18800.50,2024-11-22,2025-07-11,7
C02056,3,56342.90,18780.97,2024-08-10,2025-07-13,11
C01526,2,56322.15,28161.08,2024-12-07,2025-08-19,8
C02904,3,56286.30,18762.10,2024-07-29,2025-11-20,15
C04803,4,56234.50,14058.63,2024-07-16,2025-02-12,6
C02116,4,56134.70,14033.68,2024-03-09,2025-12-25,21
C00052,6,56130.70,9355.12,2024-05-07,2025-10-26,17
C02889,9,56100.40,6233.38,2024-01-06,2025-12-22,23
C02063,4,56008.60,14002.15,2024-03-31,2025-12-16,20
C01287,1,55848.30,55848.30,2024-06-11,2024-06-11,0
C03039,1,55797.00,55797.00,2025-02-20,2025-02-20,0
C01454,3,55780.55,18593.52,2024-10-25,2025-12-12,13
C00466,2,55767.25,27883.63,2024-04-24,2024-07-19,2
C04479,2,55719.65,27859.83,2025-03-28,2025-11-10,7
C00993,1,55600.40,55600.40,2025-01-08,2025-01-08,0
C00058,3,55566.30,18522.10,2024-10-19,2025-07-14,8
C01520,5,55561.25,11112.25,2024-02-29,2025-08-10,17
C01668,4,55489.40,13872.35,2024-11-08,2025-12-15,13
C02722,3,55476.10,18492.03,2024-07-19,2025-12-01,16
C02362,6,55474.55,9245.76,2024-01-08,2025-12-13,23
C00186,1,55453.25,55453.25,2024-06-30,2024-06-30,0
C04637,2,55402.30,27701.15,2025-03-25,2025-08-18,4
C03891,2,55398.10,27699.05,2024-04-30,2024-07-23,2
C00448,4,55356.25,13839.06,2025-01-06,2025-07-17,6
C00403,5,55355.25,11071.05,2024-01-29,2025-10-31,21
C00811,2,55132.25,27566.13,2024-06-21,2025-04-07,9
C03080,2,55056.20,27528.10,2025-01-28,2025-04-29,3
C02882,3,55042.80,18347.60,2024-02-20,2025-10-21,20
C01530,4,55003.85,13750.96,2024-05-27,2025-09-14,15
C04465,2,55003.00,27501.50,2024-07-12,2024-10-24,3
C02383,3,54965.65,18321.88,2024-05-13,2025-10-07,16
C01902,2,54898.00,27449.00,2024-10-24,2025-06-13,7
C02902,4,54891.10,13722.78,2024-05-17,2025-10-14,16
C03193,2,54881.40,27440.70,2024-11-09,2025-06-18,7
C03079,1,54846.30,54846.30,2024-05-24,2024-05-24,0
C01612,3,54804.65,18268.22,2024-11-24,2025-12-03,12
C02138,4,54776.35,13694.09,2024-05-27,2024-12-29,7
C01465,2,54758.35,27379.18,2025-01-16,2025-06-12,4
C03773,2,54616.05,27308.03,2025-03-07,2025-11-23,8
C02369,3,54605.45,18201.82,2024-06-20,2025-01-14,6
C01576,2,54600.30,27300.15,2024-01-12,2024-05-22,4
C01718,5,54564.70,10912.94,2024-02-27,2025-06-09,15
C01120,3,54563.30,18187.77,2024-11-29,2025-09-28,9
C01422,6,54545.20,9090.87,2024-03-26,2025-09-12,17
C01219,5,54479.40,10895.88,2024-07-19,2025-08-28,13
C03819,4,54470.30,13617.58,2024-04-15,2025-01-30,9
C03314,4,54362.25,13590.56,2025-06-30,2025-12-05,5
C04006,4,54310.45,13577.61,2024-06-03,2025-09-10,15
C04096,4,54255.50,13563.88,2024-05-17,2025-12-17,19
C03578,2,54239.40,27119.70,2024-12-26,2025-06-26,6
C02022,2,54217.60,27108.80,2024-01-29,2025-12-09,22
C04542,2,54185.40,27092.70,2024-01-11,2025-11-27,22
C04399,1,54152.30,54152.30,2024-09-03,2024-09-03,0
C00621,1,54123.10,54123.10,2024-03-04,2024-03-04,0
C01848,5,54065.55,10813.11,2024-01-08,2024-10-20,9
C03876,3,53995.15,17998.38,2024-06-16,2025-07-21,13
C02375,2,53965.10,26982.55,2024-12-16,2025-03-26,3
C00544,3,53923.20,17974.40,2024-10-19,2025-05-18,6
C03559,2,53856.25,26928.13,2025-07-31,2025-12-19,4
C04522,4,53830.20,13457.55,2024-10-27,2025-11-20,12
C03276,3,53754.40,17918.13,2024-01-17,2025-12-31,23
C00711,2,53719.50,26859.75,2024-08-24,2025-05-19,8
C04024,3,53655.25,17885.08,2024-05-11,2025-05-03,11
C00699,5,53630.60,10726.12,2024-03-04,2025-12-22,21
C04030,3,53621.25,17873.75,2024-02-20,2025-03-05,12
C04217,3,53616.40,17872.13,2024-02-08,2025-03-25,13
C02072,2,53612.10,26806.05,2024-09-06,2025-11-17,14
C04291,2,53500.55,26750.28,2024-05-06,2025-12-03,18
C02924,2,53499.10,26749.55,2024-07-22,2025-11-03,15
C04324,3,53490.35,17830.12,2025-08-31,2025-12-28,3
C00566,2,53483.60,26741.80,2025-03-26,2025-11-05,7
C03188,2,53354.75,26677.38,2025-05-13,2025-12-05,6
C03224,3,53289.70,17763.23,2024-09-13,2025-08-16,11
C00722,2,53262.15,26631.08,2025-05-05,2025-11-08,6
C02457,5,53172.40,10634.48,2024-01-23,2024-12-16,10
C04856,5,53147.50,10629.50,2024-01-29,2025-10-03,20
C03260,2,53098.00,26549.00,2024-01-11,2024-09-27,8
C01814,2,52932.25,26466.13,2024-08-27,2024-11-23,2
C00384,3,52847.25,17615.75,2024-11-30,2025-11-11,11
C01644,6,52846.25,8807.71,2024-08-24,2025-05-08,8
C00249,3,52837.70,17612.57,2024-06-16,2025-11-12,16
C01432,3,52831.25,17610.42,2024-04-17,2024-09-09,4
C04656,3,52787.10,17595.70,2024-02-22,2025-10-19,19
C03410,3,52736.25,17578.75,2024-09-17,2025-07-29,10
C01451,3,52632.65,17544.22,2025-01-04,2025-10-27,9
C02876,3,52501.45,17500.48,2024-10-27,2025-08-14,9
C02037,6,52382.75,8730.46,2024-04-08,2025-09-10,17
C00323,5,52328.00,10465.60,2024-04-18,2025-12-07,19
C03423,3,52326.35,17442.12,2024-02-04,2025-11-16,21
C04921,2,52291.20,26145.60,2025-05-06,2025-06-24,1
C05000,6,52212.95,8702.16,2024-01-08,2025-12-09,23
C03976,4,52195.50,13048.88,2024-01-12,2024-08-20,7
C04133,4,52157.80,13039.45,2024-04-30,2025-05-02,12
C03500,2,52010.45,26005.23,2024-08-08,2025-05-11,9
C04040,5,51993.65,10398.73,2024-02-01,2025-07-07,17
C03550,3,51952.00,17317.33,2024-09-03,2025-07-11,10
C01025,5,51935.75,10387.15,2024-03-11,2025-12-29,21
C01463,1,51903.20,51903.20,2025-12-29,2025-12-29,0
C00502,2,51878.15,25939.08,2025-01-31,2025-02-27,0
C01913,4,51874.60,12968.65,2025-03-07,2025-09-15,6
C02633,6,51866.35,8644.39,2024-03-12,2025-12-14,21
C03491,3,51854.15,17284.72,2024-01-21,2024-07-12,5
C00896,2,51840.45,25920.23,2024-10-19,2025-07-01,8
C02389,1,51747.35,51747.35,2025-06-03,2025-06-03,0
C04383,1,51730.10,51730.10,2025-06-12,2025-06-12,0
C02347,3,51714.45,17238.15,2024-01-20,2025-01-11,11
C00472,3,51703.45,17234.48,2024-03-08,2025-09-30,18
C02627,1,51698.15,51698.15,2024-09-14,2024-09-14,0
C00048,1,51608.10,51608.10,2024-09-03,2024-09-03,0
C04787,2,51539.55,25769.78,2024-02-18,2025-06-17,15
C00254,1,51519.10,51519.10,2024-07-11,2024-07-11,0
C01793,2,51496.20,25748.10,2024-06-22,2025-11-04,16
C03090,1,51421.20,51421.20,2024-06-05,2024-06-05,0
C02199,3,51363.20,17121.07,2024-01-18,2025-11-17,21
C02841,1,51338.20,51338.20,2025-01-14,2025-01-14,0
C04417,1,51302.00,51302.00,2024-01-12,2024-01-12,0
C01774,4,51301.35,12825.34,2024-03-05,2025-07-28,16
C03543,4,51284.75,12821.19,2024-01-28,2024-09-24,7
C03464,4,51259.90,12814.98,2024-11-25,2025-08-11,8
C01354,5,51232.40,10246.48,2024-02-05,2025-05-28,15
C03561,2,51134.05,25567.03,2024-05-17,2025-12-22,19
C03674,1,51003.00,51003.00,2024-01-31,2024-01-31,0
C02241,3,50954.50,16984.83,2024-03-27,2025-10-01,18
C01783,1,50647.00,50647.00,2025-11-25,2025-11-25,0
C01017,1,50633.30,50633.30,2025-08-06,2025-08-06,0
C03230,1,50543.15,50543.15,2025-03-29,2025-03-29,0
C01874,2,50506.00,25253.00,2024-05-02,2025-05-11,12
C04881,1,50443.20,50443.20,2024-04-12,2024-04-12,0
C00509,2,50303.00,25151.50,2024-08-28,2025-11-15,14
C03141,1,50283.20,50283.20,2025-07-20,2025-07-20,0
C04526,4,50198.70,12549.68,2024-02-26,2025-09-16,18
C01960,5,50174.30,10034.86,2024-10-26,2025-08-09,9
C01460,4,50120.50,12530.13,2024-02-22,2025-05-29,15
C00869,1,50104.10,50104.10,2025-06-10,2025-06-10,0
C00496,2,50037.15,25018.58,2024-06-17,2025-05-13,10
C00120,4,49992.75,12498.19,2024-03-29,2025-06-25,14
C02918,3,49992.20,16664.07,2024-07-26,2025-10-22,14
C02327,2,49954.15,24977.08,2025-09-22,2025-10-09,0
C04869,1,49953.05,49953.05,2025-05-24,2025-05-24,0
C00485,1,49900.00,49900.00,2025-05-19,2025-05-19,0
C01755,1,49900.00,49900.00,2024-04-20,2024-04-20,0
C03166,1,49900.00,49900.00,2024-05-21,2024-05-21,0
C03792,4,49855.20,12463.80,2024-05-30,2025-11-30,18
C00386,1,49812.25,49812.25,2024-01-18,2024-01-18,0
C03228,2,49803.00,24901.50,2025-06-27,2025-09-15,2
C02142,2,49692.20,24846.10,2024-07-27,2025-07-31,12
C03390,1,49654.10,49654.10,2024-08-08,2024-08-08,0
C01475,2,49634.75,24817.38,2025-04-03,2025-11-24,7
C01619,3,49545.40,16515.13,2024-04-05,2025-07-20,15
C00215,4,49507.20,12376.80,2024-08-27,2025-12-15,15
C00644,3,49475.20,16491.73,2024-03-20,2025-12-22,21
C00579,6,49460.85,8243.48,2024-01-17,2025-02-01,12
C02640,3,49375.70,16458.57,2024-06-30,2025-05-17,10
C01571,3,49337.35,16445.78,2024-04-22,2025-04-15,11
C00855,4,49225.00,12306.25,2024-01-07,2025-03-19,14
C01588,1,49204.00,49204.00,2025-08-04,2025-08-04,0
C03284,3,49160.55,16386.85,2024-02-26,2025-12-07,21
C03197,2,49132.10,24566.05,2025-05-28,2025-12-24,6
C00399,1,49114.10,49114.10,2024-11-28,2024-11-28,0
C01894,5,49073.90,9814.78,2024-02-28,2025-07-22,16
C00724,4,49038.60,12259.65,2024-03-06,2025-04-02,12
C04168,2,49025.45,24512.73,2024-12-22,2025-05-26,5
C04673,1,49024.10,49024.10,2025-12-03,2025-12-03,0
C00539,2,49002.30,24501.15,2024-03-14,2024-05-11,1
C00139,2,48924.05,24462.03,2025-02-06,2025-03-08,1
C04486,4,48883.10,12220.78,2024-05-17,2024-12-24,7
C00994,3,48872.45,16290.82,2024-02-29,2025-12-30,22
C02586,6,48852.20,8142.03,2024-02-14,2025-09-13,18
C01829,2,48827.15,24413.58,2024-12-13,2025-02-10,1
C01638,2,48807.00,24403.50,2025-08-07,2025-11-16,3
C03922,7,48782.10,6968.87,2024-05-15,2025-05-23,12
C00851,2,48713.15,24356.58,2024-03-06,2025-08-17,17
C03242,1,48708.00,48708.00,2024-07-26,2024-07-26,0
C00018,3,48698.05,16232.68,2025-09-20,2025-11-04,1
C04626,3,48688.80,16229.60,2024-12-25,2025-05-23,4
C00424,2,48684.20,24342.10,2025-02-13,2025-03-01,0
C01024,1,48647.10,48647.10,2025-06-22,2025-06-22,0
C03154,1,48639.05,48639.05,2024-06-19,2024-06-19,0
C00695,1,48593.30,48593.30,2025-12-08,2025-12-08,0
C04440,4,48591.00,12147.75,2024-02-04,2025-05-19,15
C00207,6,48534.75,8089.13,2024-01-22,2025-10-16,20
C00179,2,48424.15,24212.08,2024-07-03,2025-11-19,16
C04714,2,48422.15,24211.08,2024-01-16,2024-10-13,8
C02341,7,48393.80,6913.40,2024-05-28,2025-10-19,16
C02803,2,48353.10,24176.55,2024-02-13,2025-04-19,14
C01880,2,48341.20,24170.60,2025-04-19,2025-09-26,5
C00404,3,48336.30,16112.10,2024-09-12,2025-10-12,13
C04711,2,48296.25,24148.13,2024-09-27,2024-12-27,3
C00861,5,48273.50,9654.70,2024-02-12,2025-11-10,20
C02310,2,48267.35,24133.68,2024-02-04,2025-07-17,17
C02819,3,48242.25,16080.75,2025-04-04,2025-10-16,6
C00619,2,48236.20,24118.10,2024-05-13,2025-05-10,11
C03642,4,48202.85,12050.71,2024-02-27,2025-04-11,13
C00378,5,48171.80,9634.36,2024-08-21,2025-12-12,15
C04428,1,48147.10,48147.10,2025-12-01,2025-12-01,0
C03858,9,48100.25,5344.47,2024-01-24,2025-08-06,18
C01827,3,48060.75,16020.25,2024-07-24,2025-11-18,15
C01946,6,48055.55,8009.26,2024-03-29,2025-01-28,9
C03329,4,47830.60,11957.65,2024-03-22,2025-03-09,11
C04360,1,47628.30,47628.30,2025-04-03,2025-04-03,0
C02482,5,47553.90,9510.78,2024-03-12,2025-02-26,11
C00779,4,47481.90,11870.48,2024-02-05,2025-12-02,21
C02545,6,47428.70,7904.78,2024-05-03,2025-11-21,18
C00929,1,47405.00,47405.00,2025-09-02,2025-09-02,0
C01535,1,47405.00,47405.00,2024-03-02,2024-03-02,0
C02043,1,47405.00,47405.00,2025-08-24,2025-08-24,0
C02289,1,47405.00,47405.00,2024-01-25,2024-01-25,0
C04049,1,47405.00,47405.00,2024-09-30,2024-09-30,0
C04610,2,47371.50,23685.75,2024-10-31,2025-05-06,6
C03259,4,47361.40,11840.35,2024-10-12,2025-03-06,4
C01598,5,47258.35,9451.67,2024-04-08,2025-12-28,20
C04871,1,47257.15,47257.15,2025-07-08,2025-07-08,0
C02898,3,47076.65,15692.22,2024-11-05,2025-08-06,9
C02311,2,47063.05,23531.53,2024-04-19,2025-06-26,14
C00423,4,46978.80,11744.70,2024-05-07,2025-10-03,16
C04102,1,46913.20,46913.20,2025-04-20,2025-04-20,0
C03750,5,46893.95,9378.79,2024-06-20,2025-09-30,15
C02110,5,46888.65,9377.73,2024-04-30,2025-06-24,13
C04951,2,46863.25,23431.63,2024-06-28,2025-12-20,17
C01218,6,46807.45,7801.24,2024-10-05,2025-09-13,11
C04454,2,46800.55,23400.28,2024-10-21,2025-08-31,10
C02907,1,46773.25,46773.25,2024-11-17,2024-11-17,0
C02761,2,46773.15,23386.58,2024-01-09,2024-04-24,3
C00154,5,46624.55,9324.91,2024-03-12,2025-05-22,14
C03109,1,46509.00,46509.00,2024-06-11,2024-06-11,0
C03466,3,46492.60,15497.53,2024-07-14,2025-05-18,10
C03395,4,46450.95,11612.74,2024-02-09,2025-07-12,17
C03831,2,46357.35,23178.68,2024-04-02,2024-06-17,2
C01692,3,46348.20,15449.40,2024-05-11,2025-07-27,14
C01106,2,46325.20,23162.60,2024-08-04,2025-12-08,16
C00641,1,46311.10,46311.10,2025-03-02,2025-03-02,0
C00884,5,46275.65,9255.13,2024-01-20,2025-06-17,16
C03823,3,46222.00,15407.33,2024-09-22,2025-08-28,11
C03685,5,46194.85,9238.97,2024-02-20,2025-11-24,21
C00310,6,46163.65,7693.94,2024-02-22,2025-06-17,15
C04712,6,46145.50,7690.92,2024-03-31,2025-12-09,20
C03699,3,46130.50,15376.83,2024-05-08,2025-10-27,17
C00312,2,46117.15,23058.58,2024-01-16,2024-10-05,8
C04294,5,46079.00,9215.80,2024-06-04,2025-10-27,16
C00899,3,45888.15,15296.05,2024-02-21,2025-05-13,14
C00183,7,45855.30,6550.76,2024-03-20,2025-09-27,18
C04111,1,45669.05,45669.05,2024-02-13,2024-02-13,0
C01712,1,45624.05,45624.05,2025-07-07,2025-07-07,0
C02710,2,45607.30,22803.65,2025-05-08,2025-07-19,2
C04740,1,45504.15,45504.15,2024-07-29,2024-07-29,0
C01935,2,45469.20,22734.60,2024-12-12,2025-07-22,7
C03782,3,45363.15,15121.05,2025-01-19,2025-11-03,9
C03901,3,45348.10,15116.03,2024-02-10,2025-03-19,13
C00144,2,45312.35,22656.18,2024-08-23,2025-01-11,4
C00408,1,45309.00,45309.00,2024-08-18,2024-08-18,0
C03171,1,45309.00,45309.00,2024-09-12,2024-09-12,0
C00756,1,45269.10,45269.10,2025-04-03,2025-04-03,0
C04834,4,45120.45,11280.11,2024-08-02,2025-10-27,14
C02587,2,45118.10,22559.05,2024-06-03,2025-01-29,7
C03461,1,45049.15,45049.15,2025-11-18,2025-11-18,0
C00871,3,44925.65,14975.22,2024-01-16,2025-09-24,20
C02634,1,44910.00,44910.00,2025-07-18,2025-07-18,0
C02740,1,44910.00,44910.00,2025-12-17,2025-12-17,0
C02900,1,44910.00,44910.00,2025-09-13,2025-09-13,0
C03394,1,44910.00,44910.00,2025-01-07,2025-01-07,0
C04949,1,44910.00,44910.00,2025-11-07,2025-11-07,0
C03942,4,44907.65,11226.91,2024-01-09,2025-09-14,20
C02367,3,44794.20,14931.40,2024-08-30,2025-05-25,8
C02742,3,44771.10,14923.70,2025-04-27,2025-12-28,8
C01756,2,44718.00,22359.00,2024-06-17,2025-01-27,7
C04505,6,44674.20,7445.70,2024-07-06,2025-08-29,13
C03717,1,44650.00,44650.00,2025-01-18,2025-01-18,0
C04013,1,44650.00,44650.00,2025-11-05,2025-11-05,0
C02320,2,44474.00,22237.00,2024-11-30,2025-06-01,6
C03811,3,44372.20,14790.73,2024-09-14,2025-06-17,9
C01427,2,44299.20,22149.60,2024-09-02,2025-10-08,13
C03957,4,44144.20,11036.05,2024-07-01,2025-03-07,8
C01999,3,44005.30,14668.43,2024-03-29,2025-07-01,15
C04469,3,43957.05,14652.35,2024-01-20,2025-05-06,15
C04935,2,43649.05,21824.53,2024-01-11,2025-07-09,17
C00465,4,43381.85,10845.46,2024-02-02,2025-08-22,18
C02877,2,43269.05,21634.53,2024-04-18,2025-05-17,12
C03682,3,43188.65,14396.22,2024-01-29,2025-11-21,21
C02656,3,43117.40,14372.47,2024-02-09,2025-02-09,12
C04197,1,43094.15,43094.15,2025-04-14,2025-04-14,0
C00642,2,43007.20,21503.60,2025-05-04,2025-10-08,5
C04707,5,42948.75,8589.75,2024-01-06,2025-11-05,21
C02191,4,42938.75,10734.69,2024-07-12,2025-06-03,10
C02930,5,42935.85,8587.17,2024-01-04,2025-12-11,23
C03374,2,42745.30,21372.65,2024-05-18,2025-07-03,13
C02075,4,42731.70,10682.93,2024-04-12,2025-12-08,19
C02995,6,42565.35,7094.23,2024-04-04,2025-12-22,20
C03408,2,42498.35,21249.18,2024-06-14,2024-07-24,1
C00655,3,42457.50,14152.50,2024-09-28,2025-08-08,10
C02541,5,42412.80,8482.56,2024-01-26,2025-07-30,18
C00691,3,42359.50,14119.83,2024-06-29,2025-04-28,9
C03928,5,42152.35,8430.47,2024-03-31,2025-10-13,18
C04762,3,42116.55,14038.85,2024-12-18,2025-10-21,10
C03797,5,42083.55,8416.71,2024-02-16,2025-12-13,21
C03649,6,42036.35,7006.06,2024-03-12,2025-10-29,19
C01879,2,42021.95,21010.98,2024-05-08,2025-01-07,7
C01055,2,41990.45,20995.23,2024-07-10,2025-04-10,9
C01865,2,41897.50,20948.75,2024-06-27,2024-10-28,4
C03719,3,41821.10,13940.37,2024-01-16,2025-07-10,17
C00476,5,41728.75,8345.75,2024-06-19,2025-11-01,16
C00262,4,41622.70,10405.68,2024-03-26,2024-12-12,8
C01066,4,41579.00,10394.75,2024-07-08,2025-07-24,12
C02097,3,41568.60,13856.20,2025-03-10,2025-12-17,9
C01322,2,41439.20,20719.60,2024-07-29,2025-08-06,12
C04287,5,41237.95,8247.59,2024-04-17,2025-11-20,19
C04081,7,41152.60,5878.94,2024-05-23,2025-09-17,15
C02883,6,41053.10,6842.18,2024-03-01,2024-11-14,8
C03510,5,41003.85,8200.77,2024-03-04,2025-09-15,18
C01405,1,40939.15,40939.15,2024-03-20,2024-03-20,0
C01506,3,40938.80,13646.27,2024-03-22,2025-07-13,15
C01911,6,40928.95,6821.49,2024-02-04,2025-09-05,19
C01825,6,40921.75,6820.29,2024-01-17,2025-12-09,22
C04089,5,40821.15,8164.23,2024-01-29,2025-12-14,22
C01768,3,40670.10,13556.70,2024-04-12,2025-01-29,9
C01174,5,40603.65,8120.73,2024-05-04,2025-09-29,16
C00147,3,40515.85,13505.28,2024-02-21,2025-01-23,11
C04334,1,40479.20,40479.20,2024-11-09,2024-11-09,0
C02149,5,40397.60,8079.52,2024-04-10,2025-09-02,16
C01680,3,40335.05,13445.02,2024-11-03,2025-03-29,4
C02015,1,40309.10,40309.10,2024-04-26,2024-04-26,0
C01770,5,40175.40,8035.08,2024-01-14,2025-02-05,12
C02425,4,40083.25,10020.81,2024-05-10,2025-01-23,8
C01560,7,40001.00,5714.43,2024-09-23,2025-10-31,13
C03416,1,39950.00,39950.00,2024-10-30,2024-10-30,0
C04414,1,39950.00,39950.00,2025-06-25,2025-06-25,0
C02303,1,39920.00,39920.00,2024-12-06,2024-12-06,0
C03867,1,39920.00,39920.00,2024-11-01,2024-11-01,0
C00667,4,39841.65,9960.41,2024-05-02,2025-09-10,16
C01781,4,39817.60,9954.40,2024-02-08,2025-02-07,11
C00821,5,39813.85,7962.77,2024-01-01,2025-06-30,17
C00352,3,39813.70,13271.23,2024-02-15,2025-08-09,17
C00960,5,39727.25,7945.45,2024-06-15,2025-12-28,18
C03736,5,39711.65,7942.33,2024-04-06,2025-12-22,20
C04062,2,39408.55,19704.28,2024-06-04,2024-06-21,0
C01602,3,39406.15,13135.38,2024-03-15,2024-09-09,5
C00493,4,39375.80,9843.95,2024-02-19,2025-12-31,22
C02171,2,39359.35,19679.68,2024-06-24,2024-11-05,4
C00589,4,39308.25,9827.06,2024-06-22,2025-11-11,16
C01687,3,39063.40,13021.13,2024-07-10,2025-09-30,14
C02621,2,39055.35,19527.68,2024-02-04,2024-05-09,3
C03478,4,39040.50,9760.13,2024-06-30,2025-07-25,12
C00520,6,38794.05,6465.68,2024-02-26,2025-08-17,17
C03229,6,38660.10,6443.35,2024-07-20,2025-10-18,14
C01344,3,38524.45,12841.48,2024-04-10,2025-07-30,15
C04997,4,38084.45,9521.11,2024-02-24,2025-03-07,12
C00676,2,38039.50,19019.75,2024-07-22,2025-01-02,5
C04208,4,37993.55,9498.39,2024-04-13,2025-04-27,12
C04683,3,37948.55,12649.52,2024-11-11,2025-08-29,9
C04799,2,37934.30,18967.15,2024-03-25,2024-05-06,1
C02386,3,37908.80,12636.27,2024-07-29,2025-05-01,9
C01586,3,37899.50,12633.17,2024-03-27,2025-06-09,14
C00039,8,37761.55,4720.19,2024-04-08,2025-12-19,20
C00321,1,37600.00,37600.00,2024-07-12,2024-07-12,0
C01052,1,37600.00,37600.00,2025-12-10,2025-12-10,0
C02517,5,37513.05,7502.61,2024-04-17,2025-08-16,15
C00870,4,37486.60,9371.65,2025-02-16,2025-12-16,10
C01294,3,37468.35,12489.45,2024-01-02,2025-07-08,18
C00228,3,37410.35,12470.12,2024-01-18,2025-11-03,21
C00180,3,37392.75,12464.25,2024-04-02,2025-12-10,20
C00379,6,37389.70,6231.62,2024-01-07,2025-06-01,16
C04100,4,37368.25,9342.06,2024-02-03,2024-06-20,4
C03940,3,37353.05,12451.02,2024-04-07,2025-12-29,20
C03486,3,37352.70,12450.90,2024-07-08,2024-11-13,4
C02185,5,37303.10,7460.62,2024-01-02,2025-03-17,14
C02411,2,37271.30,18635.65,2024-10-03,2025-04-14,6
C04818,4,37096.10,9274.03,2024-01-18,2024-06-22,5
C02081,4,37086.95,9271.74,2024-03-12,2025-08-11,16
C00689,3,37031.55,12343.85,2024-01-18,2025-05-26,16
C04015,4,36675.20,9168.80,2024-05-06,2024-11-18,6
C02603,4,36642.45,9160.61,2024-02-17,2025-10-28,20
C00757,6,36612.80,6102.13,2024-03-05,2025-09-09,18
C01815,4,36549.75,9137.44,2024-08-13,2025-12-16,16
C03001,7,36522.40,5217.49,2024-01-07,2025-12-24,23
C03204,6,36465.85,6077.64,2024-02-13,2025-12-31,22
C04171,3,36327.35,12109.12,2025-06-17,2025-11-15,4
C01493,3,36258.60,12086.20,2024-03-24,2025-10-04,18
C01912,3,36036.25,12012.08,2024-04-03,2024-12-18,8
C01510,5,36033.90,7206.78,2024-04-03,2025-10-19,18
C02977,3,35911.70,11970.57,2024-09-17,2025-09-04,11
C04060,4,35861.30,8965.33,2024-03-10,2024-11-10,8
C01973,3,35847.35,11949.12,2024-01-29,2025-10-02,20
C01081,4,35820.85,8955.21,2024-02-16,2025-11-27,21
C01630,4,35724.20,8931.05,2024-02-27,2024-09-29,7
C01981,5,35715.90,7143.18,2024-02-27,2025-08-04,17
C04513,4,35557.25,8889.31,2024-05-09,2025-07-01,13
C03379,4,35552.75,8888.19,2024-01-05,2025-07-23,18
C04820,5,35538.95,7107.79,2024-06-30,2025-04-11,9
C00970,4,35508.15,8877.04,2024-06-14,2025-12-29,18
C01222,4,35495.10,8873.78,2024-07-10,2025-11-28,16
C02650,3,35410.50,11803.50,2024-12-09,2025-07-22,7
C00893,1,35397.90,35397.90,2024-09-12,2024-09-12,0
C03760,2,35333.20,17666.60,2024-06-05,2025-05-06,11
C01892,4,35268.75,8817.19,2024-02-10,2025-04-07,13
C00289,2,35241.55,17620.78,2024-01-08,2024-04-11,3
C00531,6,35239.75,5873.29,2024-01-01,2025-11-16,22
C03983,3,35215.30,11738.43,2025-10-26,2025-12-06,1
C03114,6,35156.05,5859.34,2024-01-12,2025-10-20,21
C00818,4,35155.30,8788.83,2024-05-03,2025-12-30,19
C02120,3,35106.65,11702.22,2024-02-02,2025-09-20,19
C01133,3,34998.20,11666.07,2024-01-15,2025-06-11,16
C02420,4,34946.55,8736.64,2024-08-21,2025-05-29,9
C00131,3,34918.45,11639.48,2024-01-29,2024-09-29,8
C03198,5,34902.20,6980.44,2024-12-31,2025-12-11,11
C02941,1,34896.20,34896.20,2025-09-04,2025-09-04,0
C04070,3,34883.35,11627.78,2024-05-18,2025-06-27,13
C01723,5,34851.00,6970.20,2024-09-20,2025-07-20,10
C01740,4,34829.80,8707.45,2024-01-26,2025-04-16,14
C04607,4,34822.45,8705.61,2024-03-12,2025-09-26,18
C01901,4,34798.05,8699.51,2024-12-21,2025-07-02,6
C03829,7,34678.25,4954.04,2024-02-15,2025-11-12,20
C00343,7,34610.80,4944.40,2024-03-04,2025-09-19,18
C01938,5,34552.60,6910.52,2024-05-13,2025-12-01,18
C03409,4,34516.55,8629.14,2024-03-25,2025-12-17,20
C02083,3,34493.60,11497.87,2024-01-23,2025-02-02,12
C01453,6,34490.10,5748.35,2024-08-01,2025-12-27,16
C04134,8,34472.30,4309.04,2024-01-06,2025-12-09,23
C03843,3,34415.05,11471.68,2024-05-06,2025-09-13,16
C03355,3,34395.50,11465.17,2024-09-05,2025-06-19,9
C03790,5,34319.95,6863.99,2024-08-25,2025-08-14,11
C04565,2,34197.15,17098.58,2024-03-04,2024-11-11,8
C02637,1,34193.35,34193.35,2025-11-21,2025-11-21,0
C00597,3,34185.40,11395.13,2025-01-30,2025-06-25,4
C01039,4,34174.65,8543.66,2024-11-22,2025-10-21,10
C01076,2,34120.40,17060.20,2024-05-29,2024-07-27,1
C04902,3,33929.70,11309.90,2024-05-16,2024-10-03,4
C04304,4,33856.90,8464.23,2024-03-15,2025-12-07,20
C00110,5,33840.20,6768.04,2024-05-08,2025-11-26,18
C00925,7,33817.05,4831.01,2024-01-08,2025-07-15,18
C04831,7,33754.75,4822.11,2024-08-19,2025-11-11,14
C03883,3,33649.80,11216.60,2024-03-29,2024-09-08,5
C03128,4,33635.10,8408.78,2024-08-07,2025-09-20,13
C00151,5,33612.50,6722.50,2024-02-24,2025-09-17,18
C02332,6,33597.45,5599.58,2024-01-21,2025-11-23,22
C03724,4,33567.30,8391.83,2024-02-05,2025-01-22,11
C00326,4,33539.25,8384.81,2024-09-13,2025-10-02,12
C03215,4,33478.70,8369.68,2025-01-21,2025-07-28,6
C01599,3,33400.40,11133.47,2024-02-19,2025-06-26,16
C03956,5,33379.60,6675.92,2024-02-08,2025-05-04,14
C03713,6,33324.10,5554.02,2024-05-27,2025-06-25,12
C02913,5,33278.95,6655.79,2024-01-11,2025-08-20,19
C00979,9,33204.60,3689.40,2024-03-26,2025-03-25,11
C02178,4,33145.35,8286.34,2024-03-21,2025-12-10,20
C00957,4,33014.80,8253.70,2024-01-25,2025-02-04,12
C02972,3,32990.85,10996.95,2024-01-22,2025-02-19,12
C02528,4,32776.70,8194.18,2024-06-24,2025-03-30,9
C01784,2,32734.65,16367.33,2024-10-16,2025-12-03,13
C00782,3,32711.30,10903.77,2024-05-11,2024-09-05,3
C00558,2,32646.05,16323.03,2024-07-09,2025-10-03,14
C03887,7,32594.40,4656.34,2024-09-04,2025-08-21,11
C03012,2,32574.50,16287.25,2024-02-18,2025-08-28,18
C01037,2,32544.45,16272.23,2024-04-07,2025-05-02,12
C04980,4,32533.50,8133.38,2024-07-27,2025-12-07,16
C04543,3,32516.85,10838.95,2024-03-15,2025-11-01,19
C01940,3,32510.40,10836.80,2024-03-02,2025-08-06,17
C03397,6,32481.60,5413.60,2024-01-31,2025-09-27,19
C00406,7,32476.35,4639.48,2024-01-20,2025-12-03,22
C04449,3,32440.55,10813.52,2024-08-31,2025-12-04,15
C00937,3,32434.45,10811.48,2024-07-15,2025-09-18,14
C04074,5,32312.60,6462.52,2024-01-23,2025-08-28,19
C03043,2,32272.20,16136.10,2024-08-22,2024-10-04,1
C03328,2,32271.50,16135.75,2025-03-24,2025-08-28,5
C00523,4,32236.25,8059.06,2024-02-27,2025-06-05,15
C02660,3,32218.90,10739.63,2024-07-07,2025-05-25,10
C01259,2,32074.40,16037.20,2024-03-18,2024-11-14,7
C04190,2,32072.20,16036.10,2025-12-12,2025-12-22,0
C04953,4,32064.60,8016.15,2024-01-30,2025-08-05,18
C02065,3,32043.45,10681.15,2025-05-27,2025-10-17,4
C03879,3,32042.30,10680.77,2024-07-06,2025-09-10,14
C03072,4,32040.95,8010.24,2024-05-10,2025-09-23,16
C00508,7,31989.65,4569.95,2024-02-04,2025-12-28,22
C03117,3,31971.55,10657.18,2024-01-11,2025-02-03,12
C01635,2,31865.45,15932.73,2024-07-08,2025-06-16,11
C01956,2,31862.45,15931.23,2024-11-20,2025-01-01,1
C03980,4,31852.10,7963.03,2024-02-22,2024-10-26,8
C02872,4,31790.35,7947.59,2024-02-25,2025-03-27,13
C01532,3,31770.35,10590.12,2024-01-02,2025-05-07,16
C04630,5,31763.55,6352.71,2024-04-01,2025-01-22,9
C02620,2,31648.00,15824.00,2024-07-03,2025-02-02,6
C02105,2,31646.55,15823.28,2024-05-09,2025-06-16,13
C00252,2,31599.20,15799.60,2024-07-10,2025-03-01,7
C01449,3,31565.20,10521.73,2024-07-27,2025-10-10,14
C00426,2,31510.35,15755.18,2025-07-29,2025-09-23,1
C04292,2,31456.20,15728.10,2024-08-28,2024-09-05,0
C01199,1,31452.15,31452.15,2025-12-23,2025-12-23,0
C02718,7,31448.00,4492.57,2024-02-27,2025-12-08,21
C01146,3,31383.30,10461.10,2024-01-10,2025-05-29,16
C03291,5,31351.55,6270.31,2024-01-19,2025-06-23,17
C04223,6,31318.05,5219.68,2024-01-20,2025-09-08,19
C02619,4,31248.55,7812.14,2024-03-20,2025-12-18,20
C04033,3,31186.20,10395.40,2024-02-08,2025-07-23,17
C01019,3,31114.50,10371.50,2024-11-26,2025-07-24,7
C03761,3,31050.80,10350.27,2024-04-23,2025-10-30,18
C00256,5,31035.00,6207.00,2024-04-25,2025-09-25,17
C03737,3,30975.25,10325.08,2024-06-10,2025-09-18,15
C00526,3,30970.70,10323.57,2024-08-22,2025-09-15,12
C00134,3,30942.30,10314.10,2024-05-04,2025-08-27,15
C02777,2,30873.20,15436.60,2024-03-18,2024-09-20,6
C02714,1,30872.15,30872.15,2024-03-23,2024-03-23,0
C00976,3,30850.70,10283.57,2024-02-17,2025-07-05,16
C04073,5,30803.30,6160.66,2024-12-17,2025-10-02,9
C04998,4,30765.70,7691.43,2024-08-01,2025-05-22,9
C03815,7,30646.85,4378.12,2024-03-04,2025-08-25,17
C02564,2,30630.55,15315.28,2025-03-21,2025-11-17,7
C04193,8,30541.20,3817.65,2024-03-02,2025-11-28,20
C01835,4,30457.15,7614.29,2024-12-29,2025-10-08,9
C03225,3,30416.85,10138.95,2024-07-19,2025-01-14,5
C04280,5,30313.40,6062.68,2024-03-11,2025-08-29,17
C03137,6,30293.10,5048.85,2024-03-17,2025-09-05,17
C01909,3,30246.20,10082.07,2024-10-31,2025-10-24,11
C02466,2,30140.80,15070.40,2024-04-17,2025-01-14,8
C02835,6,30112.70,5018.78,2024-03-02,2025-11-27,20
C03333,3,30104.65,10034.88,2025-02-08,2025-10-04,7
C04566,7,30047.25,4292.46,2024-08-17,2025-12-11,15
C04950,6,30014.00,5002.33,2024-04-05,2025-08-31,16
C00540,6,29921.45,4986.91,2024-04-16,2025-10-04,17
C04958,4,29899.00,7474.75,2024-03-06,2025-08-09,17
C01651,7,29864.05,4266.29,2024-05-18,2025-12-19,19
C02852,4,29857.45,7464.36,2024-05-01,2025-11-19,18
C02115,2,29851.20,14925.60,2024-04-12,2025-06-20,14
C03659,3,29823.50,9941.17,2024-04-29,2025-07-29,15
C00959,6,29755.50,4959.25,2024-02-15,2025-12-25,22
C03644,2,29746.60,14873.30,2024-01-14,2024-03-01,1
C04552,3,29690.55,9896.85,2025-02-05,2025-11-04,8
C00860,5,29660.30,5932.06,2024-07-30,2025-12-16,16
C02430,6,29616.25,4936.04,2025-03-05,2025-12-11,9
C03282,5,29578.90,5915.78,2024-03-02,2025-04-25,13
C00744,6,29575.35,4929.23,2024-07-12,2025-11-07,15
C00872,2,29543.65,14771.83,2024-02-08,2025-12-28,22
C00687,1,29342.30,29342.30,2025-08-11,2025-08-11,0
C02439,3,29269.90,9756.63,2024-03-17,2025-12-21,21
C02364,2,29199.05,14599.53,2025-02-27,2025-09-29,7
C01943,3,29196.05,9732.02,2024-01-19,2025-11-15,21
C04640,3,29186.35,9728.78,2025-07-02,2025-09-04,2
C01502,3,29138.05,9712.68,2024-06-18,2025-11-26,17
C01469,2,29048.15,14524.08,2024-10-11,2025-08-13,10
C04508,3,29042.10,9680.70,2024-11-15,2025-06-27,7
C03768,5,29027.85,5805.57,2024-02-02,2025-10-18,20
C04770,2,29023.30,14511.65,2024-06-01,2025-12-13,18
C02026,7,28997.25,4142.46,2024-11-29,2025-09-13,9
C01932,6,28949.30,4824.88,2024-01-12,2025-09-11,19
C00106,2,28942.35,14471.18,2025-08-28,2025-09-02,0
C03434,2,28925.30,14462.65,2024-04-10,2024-09-11,5
C03511,2,28893.50,14446.75,2024-12-26,2025-05-06,4
C00414,6,28889.95,4814.99,2024-04-03,2025-12-10,20
C03740,3,28847.95,9615.98,2025-01-26,2025-09-22,7
C01518,1,28798.30,28798.30,2024-12-22,2024-12-22,0
C02340,2,28789.60,14394.80,2024-11-05,2025-02-07,3
C03449,3,28771.45,9590.48,2024-10-12,2025-06-18,8
C00152,4,28725.55,7181.39,2024-04-25,2025-12-28,20
C04620,3,28649.10,9549.70,2024-03-24,2025-07-18,15
C00057,3,28640.90,9546.97,2024-04-27,2025-09-27,17
C04216,3,28623.70,9541.23,2024-10-11,2025-04-24,6
C03014,3,28526.70,9508.90,2024-02-03,2025-08-02,17
C02631,2,28465.05,14232.53,2024-01-18,2024-10-10,8
C03456,4,28440.80,7110.20,2024-12-01,2025-12-09,12
C03532,6,28356.05,4726.01,2024-05-03,2025-06-01,12
C00339,3,28351.15,9450.38,2024-01-25,2025-07-20,17
C04659,3,28318.05,9439.35,2025-01-03,2025-06-25,5
C02392,1,28297.00,28297.00,2024-01-17,2024-01-17,0
C03910,4,28296.00,7074.00,2024-06-08,2025-12-10,18
C00739,6,28277.25,4712.88,2024-01-14,2025-11-16,22
C04235,2,28197.10,14098.55,2024-10-24,2025-12-08,13
C02639,3,28168.55,9389.52,2024-07-03,2025-09-05,14
C00650,2,28073.20,14036.60,2024-09-20,2025-04-14,6
C03591,3,28027.20,9342.40,2024-03-20,2025-11-09,19
C03226,2,28021.90,14010.95,2025-09-17,2025-11-05,1
C00112,4,28015.30,7003.83,2024-02-06,2025-09-16,19
C03218,5,27974.95,5594.99,2024-06-13,2025-09-12,14
C00907,4,27973.95,6993.49,2024-01-09,2025-05-17,16
C00082,4,27972.80,6993.20,2024-03-18,2025-09-23,18
C03315,4,27971.60,6992.90,2024-01-12,2024-12-06,10
C01695,3,27959.45,9319.82,2024-11-15,2025-09-03,9
C04016,1,27928.15,27928.15,2024-01-27,2024-01-27,0
C03406,3,27911.00,9303.67,2024-09-19,2025-11-27,14
C01758,4,27892.05,6973.01,2024-01-27,2025-06-17,16
C04426,4,27865.85,6966.46,2024-08-05,2025-03-29,7
C03269,3,27838.30,9279.43,2024-01-18,2025-06-15,16
C04766,1,27787.20,27787.20,2024-12-01,2024-12-01,0
C02796,5,27720.75,5544.15,2024-02-20,2025-07-02,16
C02857,2,27713.30,13856.65,2025-10-15,2025-10-25,0
C01193,2,27673.15,13836.58,2024-02-04,2025-12-13,22
C01376,3,27660.60,9220.20,2024-04-14,2024-12-20,8
C04058,3,27641.25,9213.75,2024-04-04,2025-11-24,19
C03037,4,27620.70,6905.18,2024-09-24,2025-08-09,10
C03186,4,27584.30,6896.08,2024-03-18,2025-03-11,11
C02121,5,27579.85,5515.97,2024-01-14,2025-12-10,22
C00050,3,27571.20,9190.40,2024-02-21,2025-11-24,21
C03442,7,27568.05,3938.29,2024-01-01,2025-08-18,19
C03687,5,27530.20,5506.04,2024-11-02,2025-03-22,4
C00229,3,27518.80,9172.93,2024-02-03,2024-10-29,8
C01795,4,27480.90,6870.23,2024-04-02,2025-11-28,19
C00805,3,27455.10,9151.70,2024-01-22,2024-11-27,10
C00572,2,27446.20,13723.10,2024-10-27,2024-12-05,1
C01216,6,27444.95,4574.16,2024-01-20,2025-06-16,16
C02107,2,27327.35,13663.68,2025-08-28,2025-12-02,3
C04835,2,27298.10,13649.05,2024-12-24,2025-06-28,6
C00008,5,27226.85,5445.37,2024-06-10,2025-05-25,11
C00659,1,27173.20,27173.20,2025-02-12,2025-02-12,0
C04760,4,27103.90,6775.98,2024-06-18,2025-09-19,15
C03647,4,27091.10,6772.78,2024-04-20,2025-08-24,16
C01455,2,27067.20,13533.60,2024-05-01,2025-09-27,16
C01206,4,27034.15,6758.54,2025-01-02,2025-12-09,11
C01380,2,27031.55,13515.78,2025-09-23,2025-12-19,2
C02214,3,26995.00,8998.33,2024-06-15,2025-09-21,15
C04314,5,26987.00,5397.40,2024-06-29,2025-08-01,13
C04298,1,26973.00,26973.00,2025-08-31,2025-08-31,0
C01350,6,26934.60,4489.10,2024-04-19,2025-08-28,16
C00609,4,26922.55,6730.64,2024-02-03,2025-11-03,21
C01269,4,26907.85,6726.96,2024-03-25,2025-04-06,12
C03546,3,26844.55,8948.18,2025-01-22,2025-12-20,10
C03174,3,26820.80,8940.27,2024-04-18,2025-03-18,11
C03448,3,26801.40,8933.80,2024-05-26,2025-09-04,15
C03579,4,26782.70,6695.68,2024-03-12,2025-10-02,18
C01686,5,26779.85,5355.97,2024-12-08,2025-08-14,8
C00231,2,26737.65,13368.83,2024-05-04,2024-12-03,6
C02192,1,26737.55,26737.55,2025-09-27,2025-09-27,0
C00393,5,26718.70,5343.74,2024-01-16,2025-09-21,20
C02221,4,26702.65,6675.66,2024-06-25,2025-10-20,15
C02943,3,26615.15,8871.72,2024-03-07,2025-04-02,12
C00557,4,26553.85,6638.46,2024-03-27,2025-07-07,15
C03405,2,26541.60,13270.80,2024-08-05,2024-10-20,2
C01343,4,26537.55,6634.39,2024-04-25,2025-11-11,18
C00548,6,26526.20,4421.03,2024-01-27,2025-10-23,20
C02395,4,26436.15,6609.04,2024-06-26,2025-10-20,15
C02561,3,26420.50,8806.83,2025-02-19,2025-12-03,9
C03834,3,26406.00,8802.00,2025-03-11,2025-07-21,4
C00646,1,26378.20,26378.20,2025-01-29,2025-01-29,0
C03170,2,26376.15,13188.08,2024-03-01,2024-07-01,4
C03445,3,26357.70,8785.90,2024-04-23,2025-10-14,17
C00317,1,26349.05,26349.05,2025-01-17,2025-01-17,0
C01944,5,26327.95,5265.59,2024-03-08,2025-09-09,18
C04179,2,26251.50,13125.75,2024-08-06,2025-11-01,14
C01964,7,26226.05,3746.58,2024-08-02,2025-08-26,12
C00624,5,26182.30,5236.46,2024-02-25,2025-12-07,21
C01785,1,26168.20,26168.20,2025-01-09,2025-01-09,0
C04182,2,26167.45,13083.73,2024-10-17,2024-11-13,0
C04687,6,26152.60,4358.77,2024-03-12,2025-10-28,19
C02569,2,26149.15,13074.58,2024-08-05,2025-12-08,16
C03322,2,26018.05,13009.03,2025-10-11,2025-12-14,2
C03062,3,26011.85,8670.62,2024-03-15,2025-06-17,15
C03253,1,26004.45,26004.45,2024-10-14,2024-10-14,0
C04768,2,25963.30,12981.65,2024-07-11,2025-08-20,13
C03944,1,25962.25,25962.25,2025-06-07,2025-06-07,0
C03130,2,25952.30,12976.15,2025-01-25,2025-06-14,4
C00598,2,25912.20,12956.10,2024-11-03,2025-05-01,5
C04825,5,25896.85,5179.37,2025-03-05,2025-12-10,9
C03195,2,25883.45,12941.73,2024-12-15,2025-08-16,8
C00187,5,25867.60,5173.52,2024-04-16,2025-12-24,20
C04947,3,25851.70,8617.23,2025-04-03,2025-04-26,0
C04588,4,25847.55,6461.89,2024-10-04,2025-05-22,7
C01578,4,25788.35,6447.09,2025-02-12,2025-06-25,4
C02657,4,25743.10,6435.78,2024-11-14,2025-06-18,7
C00584,4,25708.70,6427.18,2024-03-17,2025-08-26,17
C04916,3,25663.85,8554.62,2024-11-20,2025-09-12,9
C02955,1,25642.30,25642.30,2024-05-10,2024-05-10,0
C00723,3,25582.05,8527.35,2024-09-23,2025-08-10,10
C02874,5,25539.70,5107.94,2024-12-31,2025-08-19,7
C03544,4,25539.20,6384.80,2024-04-17,2025-04-27,12
C03907,3,25529.80,8509.93,2024-09-22,2025-08-10,10
C00225,4,25525.80,6381.45,2024-11-27,2025-12-07,12
C01202,4,25516.60,6379.15,2024-04-14,2025-08-24,16
C02150,1,25433.20,25433.20,2025-12-15,2025-12-15,0
C00297,1,25299.15,25299.15,2025-02-15,2025-02-15,0
C04349,2,25299.10,12649.55,2024-08-06,2024-10-23,2
C04169,2,25298.15,12649.08,2024-09-20,2025-05-02,7
C03557,5,25271.30,5054.26,2024-01-20,2025-10-23,21
C00964,5,25255.20,5051.04,2024-07-05,2025-12-21,17
C03694,4,25251.85,6312.96,2024-01-03,2025-08-24,19
C02720,3,25203.60,8401.20,2024-06-09,2025-10-20,16
C04451,3,25182.35,8394.12,2024-03-15,2025-05-03,13
C01274,4,25171.60,6292.90,2024-04-28,2025-07-26,14
C04848,4,25159.00,6289.75,2025-04-18,2025-11-13,6
C00385,5,25107.55,5021.51,2024-03-15,2025-06-27,15
C04826,3,25089.60,8363.20,2025-01-08,2025-08-02,6
C01108,5,25014.50,5002.90,2024-03-30,2025-10-08,18
C04500,4,25011.70,6252.93,2024-10-24,2025-12-30,14
C02830,1,25008.10,25008.10,2024-06-26,2024-06-26,0
C03337,3,24997.30,8332.43,2024-02-17,2025-02-28,12
C02426,6,24983.05,4163.84,2024-01-11,2025-12-22,23
C01854,5,24975.00,4995.00,2024-08-02,2025-07-07,11
C02073,5,24963.75,4992.75,2024-01-16,2025-08-18,19
C02029,3,24962.90,8320.97,2024-03-28,2025-03-25,11
C03870,4,24957.65,6239.41,2025-01-01,2025-11-24,10
C02567,2,24786.30,12393.15,2024-10-04,2025-06-11,8
C04380,5,24754.00,4950.80,2024-03-31,2025-08-25,16
C01710,2,24752.30,12376.15,2024-03-21,2024-12-26,9
C02733,4,24741.60,6185.40,2024-02-06,2025-04-24,14
C04402,5,24734.40,4946.88,2024-03-06,2025-08-13,17
C04055,1,24711.30,24711.30,2024-06-09,2024-06-09,0
C00074,3,24679.40,8226.47,2024-07-31,2025-03-03,7
C04398,2,24663.10,12331.55,2024-08-16,2025-07-18,11
C03447,1,24662.25,24662.25,2024-09-25,2024-09-25,0
C04772,5,24658.40,4931.68,2024-06-13,2025-12-06,17
C01212,3,24653.25,8217.75,2024-03-18,2025-11-16,19
C04515,2,24649.00,12324.50,2025-02-16,2025-11-05,8
C01861,4,24636.15,6159.04,2024-09-09,2025-09-29,12
C04963,4,24611.65,6152.91,2025-04-02,2025-10-31,6
C01190,5,24595.40,4919.08,2024-05-02,2025-11-25,18
C03024,1,24568.10,24568.10,2024-11-27,2024-11-27,0
C04256,4,24549.25,6137.31,2024-03-31,2025-07-10,15
C00533,4,24519.95,6129.99,2024-03-24,2024-09-05,5
C03632,4,24518.55,6129.64,2024-02-21,2025-10-20,19
C00529,4,24495.90,6123.98,2024-07-27,2025-08-30,13
C03157,2,24399.00,12199.50,2024-05-21,2025-04-17,10
C03334,4,24365.70,6091.43,2024-01-08,2025-08-13,19
C01166,1,24333.50,24333.50,2024-04-30,2024-04-30,0
C04675,3,24307.70,8102.57,2024-07-24,2025-05-13,9
C03295,4,24276.00,6069.00,2024-06-29,2025-10-24,15
C00419,4,24261.70,6065.43,2024-02-22,2025-11-27,21
C00235,1,24207.40,24207.40,2025-04-03,2025-04-03,0
C03794,2,24202.45,12101.23,2024-10-04,2025-04-19,6
C00945,2,24199.00,12099.50,2024-05-08,2024-07-27,2
C02242,3,24170.80,8056.93,2024-05-10,2025-10-31,17
C01203,2,24124.10,12062.05,2025-06-23,2025-06-27,0
C00162,1,24088.15,24088.15,2024-02-17,2024-02-17,0
C03769,4,24060.50,6015.13,2024-05-12,2024-09-17,4
C02536,4,24024.45,6006.11,2024-08-16,2025-11-23,15
C01744,2,23999.05,11999.53,2024-02-06,2024-05-06,3
C03658,1,23995.00,23995.00,2024-10-31,2024-10-31,0
C04069,4,23982.75,5995.69,2024-06-11,2025-10-10,15
C01105,4,23982.70,5995.68,2025-05-20,2025-10-13,4
C01650,2,23961.20,11980.60,2025-03-30,2025-05-31,2
C03830,1,23924.20,23924.20,2025-02-20,2025-02-20,0
C01157,3,23924.00,7974.67,2024-02-11,2025-05-29,15
C01282,3,23891.55,7963.85,2025-02-21,2025-11-02,8
C00746,2,23853.05,11926.53,2024-04-12,2025-07-06,14
C04909,1,23849.10,23849.10,2025-04-11,2025-04-11,0
C04098,4,23809.70,5952.43,2024-10-21,2025-09-15,10
C00494,3,23800.90,7933.63,2024-02-11,2024-08-26,6
C03568,4,23779.70,5944.93,2024-03-17,2024-12-15,8
C02287,1,23774.05,23774.05,2025-03-24,2025-03-24,0
C00826,4,23765.70,5941.43,2024-02-27,2025-08-28,18
C03536,2,23764.10,11882.05,2024-06-01,2025-04-14,10
C04166,5,23750.65,4750.13,2024-11-07,2025-08-29,9
C01328,3,23731.70,7910.57,2024-04-26,2025-03-24,10
C02683,2,23706.35,11853.18,2024-08-16,2025-02-17,6
C04903,3,23690.65,7896.88,2024-03-18,2025-10-06,18
C00528,4,23688.10,5922.03,2024-03-03,2025-12-31,21
C03516,4,23687.40,5921.85,2025-05-11,2025-08-09,2
C03078,1,23684.15,23684.15,2025-02-02,2025-02-02,0
C03999,5,23651.65,4730.33,2024-06-04,2025-03-11,9
C01873,4,23643.65,5910.91,2024-02-12,2025-08-14,18
C00345,3,23607.90,7869.30,2025-06-20,2025-09-13,2
C04865,2,23586.05,11793.03,2024-05-12,2025-11-06,17
C00891,3,23577.35,7859.12,2024-08-14,2025-07-01,10
C01714,1,23574.20,23574.20,2025-12-13,2025-12-13,0
C04393,3,23547.60,7849.20,2024-07-24,2024-09-29,2
C04288,2,23524.05,11762.03,2024-03-19,2024-08-08,4
C04809,1,23500.00,23500.00,2024-11-11,2024-11-11,0
C00202,1,23500.00,23500.00,2024-12-04,2024-12-04,0
C01060,1,23500.00,23500.00,2025-04-02,2025-04-02,0
C03146,1,23500.00,23500.00,2025-10-03,2025-10-03,0
C03376,1,23500.00,23500.00,2025-05-31,2025-05-31,0
C03584,5,23402.00,4680.40,2024-03-19,2025-11-20,20
C01364,2,23392.70,11696.35,2024-06-26,2025-10-26,16
C04928,5,23370.90,4674.18,2024-01-30,2025-01-27,11
C02754,3,23334.40,7778.13,2025-11-29,2025-12-28,0
C02765,3,23305.60,7768.53,2024-07-09,2024-10-20,3
C01211,1,23224.00,23224.00,2024-05-08,2024-05-08,0
C01145,4,23188.85,5797.21,2024-02-11,2025-09-18,19
C01900,6,23132.80,3855.47,2024-04-02,2025-08-09,16
C01011,3,23127.80,7709.27,2024-06-12,2025-12-26,18
C04483,3,23092.45,7697.48,2024-01-31,2024-10-18,8
C00380,4,23076.85,5769.21,2024-10-02,2025-11-10,13
C02890,2,23048.10,11524.05,2024-02-13,2024-03-09,0
C02415,3,22967.35,7655.78,2024-05-02,2025-09-12,16
C04046,1,22954.10,22954.10,2024-12-31,2024-12-31,0
C02926,2,22859.10,11429.55,2024-09-21,2025-01-28,4
C03100,4,22836.45,5709.11,2024-02-09,2025-10-12,20
C03545,4,22794.05,5698.51,2024-06-23,2025-10-19,15
C01171,4,22772.55,5693.14,2024-05-25,2025-12-14,18
C00439,5,22772.40,4554.48,2024-03-05,2025-09-26,18
C01496,3,22762.75,7587.58,2024-01-11,2024-08-05,6
C04369,3,22751.00,7583.67,2024-04-15,2025-01-29,9
C04401,4,22750.95,5687.74,2024-09-17,2025-10-26,13
C02357,4,22741.50,5685.38,2024-09-20,2025-08-06,10
C01523,4,22724.75,5681.19,2024-04-30,2025-07-03,14
C00251,1,22724.00,22724.00,2025-03-10,2025-03-10,0
C03052,2,22718.45,11359.23,2024-06-16,2025-12-30,18
C03054,4,22684.75,5671.19,2024-03-01,2025-06-13,15
C04624,1,22669.05,22669.05,2024-09-23,2024-09-23,0
C04470,6,22645.05,3774.18,2024-04-17,2025-12-06,19
C00678,4,22635.85,5658.96,2024-09-22,2025-12-14,14
C03553,3,22634.10,7544.70,2024-05-22,2025-08-16,14
C04002,3,22622.25,7540.75,2024-01-10,2025-11-05,21
C03277,3,22595.95,7531.98,2024-07-17,2025-11-23,16
C01767,3,22591.35,7530.45,2024-07-08,2025-02-21,7
C02849,3,22582.30,7527.43,2024-10-29,2025-06-27,7
C02393,6,22567.30,3761.22,2024-01-03,2024-12-24,11
C03068,4,22557.85,5639.46,2024-05-07,2025-12-09,19
C02824,4,22510.45,5627.61,2024-11-18,2025-12-13,12
C02167,3,22496.10,7498.70,2024-01-03,2025-12-22,23
C00534,2,22492.45,11246.23,2025-06-29,2025-09-20,2
C03637,5,22476.35,4495.27,2024-01-24,2025-09-02,19
C04690,5,22467.65,4493.53,2024-11-23,2025-09-28,10
C00128,4,22414.70,5603.68,2024-03-07,2025-08-04,16
C01942,2,22397.45,11198.73,2024-08-12,2025-06-25,10
C03119,3,22388.60,7462.87,2025-08-19,2025-11-12,2
C00420,5,22371.40,4474.28,2024-02-29,2025-11-21,20
C00716,6,22360.05,3726.68,2024-03-18,2025-04-18,13
C04404,3,22344.95,7448.32,2025-02-27,2025-12-01,9
C04802,1,22325.00,22325.00,2024-03-24,2024-03-24,0
C01228,1,22325.00,22325.00,2025-02-17,2025-02-17,0
C01715,1,22325.00,22325.00,2025-08-28,2025-08-28,0
C03348,1,22325.00,22325.00,2025-02-04,2025-02-04,0
C01819,3,22308.70,7436.23,2024-10-10,2025-07-27,9
C01921,3,22280.05,7426.68,2024-01-10,2025-12-30,23
C04644,4,22272.05,5568.01,2024-01-22,2025-08-30,19
C01890,2,22258.35,11129.18,2024-11-16,2025-06-12,6
C00714,3,22246.10,7415.37,2024-01-06,2025-11-03,21
C00829,5,22235.50,4447.10,2024-05-26,2025-12-23,18
C00909,3,22231.80,7410.60,2024-07-28,2025-08-02,12
C02414,5,22200.15,4440.03,2024-08-07,2025-11-15,15
C00703,3,22192.45,7397.48,2024-02-05,2025-02-23,12
C00175,3,22152.15,7384.05,2024-02-20,2025-04-29,14
C03775,5,22149.40,4429.88,2024-01-15,2025-10-20,21
C01699,3,22135.85,7378.62,2024-11-11,2025-08-17,9
C00709,4,22077.55,5519.39,2024-04-12,2025-04-09,11
C03886,2,22074.30,11037.15,2024-02-03,2025-09-01,18
C02321,2,22031.95,11015.98,2024-03-20,2025-07-01,15
C02176,1,22023.20,22023.20,2025-03-08,2025-03-08,0
C00800,5,22008.05,4401.61,2024-05-31,2025-09-10,15
C02217,3,21993.25,7331.08,2024-08-15,2025-09-23,13
C00991,2,21981.60,10990.80,2024-11-24,2025-01-29,2
C01657,3,21970.65,7323.55,2024-01-30,2025-09-25,19
C00051,3,21965.60,7321.87,2024-06-24,2025-08-27,14
C03979,4,21896.10,5474.03,2024-08-14,2025-10-16,14
C02441,5,21861.85,4372.37,2024-04-29,2025-11-27,18
C02100,3,21858.70,7286.23,2024-06-03,2025-07-13,13
C03365,1,21828.30,21828.30,2025-06-06,2025-06-06,0
C03958,3,21743.05,7247.68,2024-07-27,2025-10-19,14
C04516,2,21742.50,10871.25,2024-01-14,2025-02-22,13
C04121,3,21740.55,7246.85,2024-02-20,2024-11-19,8
C04271,2,21694.65,10847.33,2025-05-02,2025-06-08,1
C04167,5,21656.95,4331.39,2024-06-23,2025-10-22,15
C01320,1,21647.15,21647.15,2025-04-05,2025-04-05,0
C00484,4,21633.35,5408.34,2025-02-06,2025-09-10,7
C04361,4,21562.70,5390.68,2024-05-09,2025-10-11,17
C04370,4,21550.80,5387.70,2024-01-17,2024-12-26,11
C03231,2,21491.65,10745.83,2024-07-05,2024-11-07,4
C04316,5,21489.75,4297.95,2024-01-03,2025-09-18,20
C03804,3,21475.50,7158.50,2024-01-19,2025-12-29,23
C02451,1,21453.10,21453.10,2024-06-11,2024-06-11,0
C01401,2,21427.10,10713.55,2024-09-21,2025-02-28,5
C03621,4,21335.95,5333.99,2024-03-23,2025-04-09,12
C01882,5,21315.95,4263.19,2024-10-30,2025-06-21,7
C00425,4,21315.35,5328.84,2024-02-14,2025-04-18,14
C00585,2,21308.80,10654.40,2025-03-17,2025-05-10,1
C01594,2,21292.45,10646.23,2025-11-22,2025-11-30,0
C04703,4,21266.60,5316.65,2024-07-13,2025-11-30,16
C02051,4,21260.75,5315.19,2025-06-09,2025-12-23,6
C04488,5,21250.90,4250.18,2024-08-20,2025-06-02,9
C04754,3,21246.45,7082.15,2024-02-13,2025-10-13,20
C03493,5,21241.55,4248.31,2024-03-16,2025-05-24,14
C00332,2,21209.05,10604.53,2025-02-22,2025-07-09,4
C04907,2,21209.05,10604.53,2024-06-01,2024-06-11,0
C01352,4,21153.60,5288.40,2024-09-30,2025-10-04,12
C01201,1,21150.00,21150.00,2025-10-05,2025-10-05,0
C01246,1,21150.00,21150.00,2024-06-10,2024-06-10,0
C02630,1,21150.00,21150.00,2024-01-20,2024-01-20,0
C04894,1,21150.00,21150.00,2025-08-27,2025-08-27,0
C03565,3,21137.20,7045.73,2024-02-14,2025-11-24,21
C01561,3,21131.90,7043.97,2024-01-28,2024-10-18,8
C04684,3,21131.50,7043.83,2024-03-20,2025-04-18,12
C04325,2,21114.05,10557.03,2025-05-10,2025-12-29,7
C02251,4,21113.15,5278.29,2024-06-23,2025-11-29,17
C02868,3,21109.80,7036.60,2024-08-26,2025-12-03,15
C04339,4,21100.65,5275.16,2024-02-13,2025-02-22,12
C02182,4,21093.70,5273.43,2024-04-14,2025-11-30,19
C02361,4,21071.45,5267.86,2024-02-03,2025-01-31,11
C03700,2,21067.70,10533.85,2025-08-07,2025-10-16,2
C01440,4,21031.35,5257.84,2025-01-03,2025-12-30,11
C03813,3,21019.55,7006.52,2024-08-17,2025-03-25,7
C01139,4,21007.50,5251.88,2024-12-30,2025-12-16,11
C04249,2,20995.65,10497.83,2024-09-06,2025-05-22,8
C00080,2,20974.00,10487.00,2024-06-10,2025-01-02,6
C04416,3,20968.40,6989.47,2024-09-01,2025-10-02,13
C01445,3,20950.40,6983.47,2024-08-09,2025-07-15,11
C02139,4,20938.75,5234.69,2024-05-22,2025-12-16,18
C00951,7,20936.30,2990.90,2024-10-26,2025-11-30,13
C00351,4,20911.65,5227.91,2025-03-05,2025-11-21,8
C02264,2,20877.75,10438.88,2025-01-25,2025-07-19,5
C01318,5,20842.85,4168.57,2024-07-07,2025-10-22,15
C03095,2,20793.60,10396.80,2024-10-24,2025-08-20,9
C02502,5,20772.40,4154.48,2024-01-25,2025-11-05,21
C00098,4,20751.75,5187.94,2024-05-09,2025-05-30,12
C00055,3,20733.80,6911.27,2024-02-17,2025-12-21,22
C01082,3,20702.50,6900.83,2024-04-05,2025-08-28,16
C01371,2,20695.15,10347.58,2025-01-31,2025-03-23,1
C04938,3,20693.80,6897.93,2024-05-25,2025-08-20,14
C01776,6,20684.75,3447.46,2024-01-29,2024-09-26,7
C01288,5,20676.95,4135.39,2024-05-30,2025-12-13,18
C00449,4,20638.70,5159.68,2024-06-01,2025-12-09,18
C02951,3,20638.60,6879.53,2024-08-21,2025-11-13,14
C02068,2,20614.60,10307.30,2024-01-21,2024-07-14,5
C03872,4,20583.70,5145.93,2024-06-15,2025-11-23,17
C02014,7,20577.65,2939.66,2024-02-02,2025-05-31,15
C02927,2,20562.15,10281.08,2024-02-16,2025-10-11,19
C02046,2,20531.70,10265.85,2024-11-21,2025-11-07,11
C03483,2,20518.35,10259.18,2024-08-14,2025-01-26,5
C04453,2,20499.15,10249.58,2024-05-31,2025-10-22,16
C00088,3,20483.70,6827.90,2024-02-16,2025-12-13,21
C02152,6,20457.80,3409.63,2024-05-19,2025-09-21,16
C00017,2,20449.65,10224.83,2024-02-23,2024-12-09,9
C01063,2,20417.15,10208.58,2025-02-20,2025-08-02,5
C02446,2,20414.85,10207.43,2024-03-18,2024-06-21,3
C02272,2,20404.20,10202.10,2024-07-27,2025-07-22,11
C03777,3,20355.15,6785.05,2025-06-13,2025-10-04,3
C03465,4,20285.10,5071.28,2024-10-26,2025-12-07,13
C04159,2,20266.15,10133.08,2024-03-09,2024-11-18,8
C04355,3,20245.90,6748.63,2024-06-01,2025-07-18,13
C00030,2,20213.55,10106.78,2024-08-25,2025-09-08,12
C00849,3,20199.40,6733.13,2024-02-19,2025-05-27,15
C03741,3,20150.90,6716.97,2024-06-16,2025-03-23,9
C00435,4,20150.10,5037.53,2025-02-26,2025-10-23,7
C02831,5,20136.80,4027.36,2024-06-24,2025-08-29,14
C04642,3,20091.20,6697.07,2024-09-13,2025-11-12,13
C00785,5,20028.10,4005.62,2024-07-16,2025-12-19,17
C00874,2,20023.70,10011.85,2025-03-10,2025-11-29,8
C02668,5,19996.70,3999.34,2024-12-02,2025-11-07,11
C00731,2,19995.45,9997.73,2024-02-26,2024-06-29,4
C02188,2,19980.75,9990.38,2024-07-13,2024-09-10,1
C03622,1,19975.00,19975.00,2025-01-25,2025-01-25,0
C04210,1,19975.00,19975.00,2025-03-07,2025-03-07,0
C04477,4,19966.55,4991.64,2024-02-04,2025-08-15,18
C03598,4,19955.35,4988.84,2025-03-19,2025-09-08,5
C03488,4,19944.75,4986.19,2024-01-26,2024-09-18,7
C04878,4,19894.05,4973.51,2024-03-21,2025-09-14,17
C04804,4,19839.20,4959.80,2024-03-27,2025-03-11,11
C01928,2,19833.95,9916.98,2024-07-06,2025-10-22,15
C04940,2,19823.90,9911.95,2024-02-23,2024-09-04,6
C03105,3,19792.85,6597.62,2024-03-01,2025-10-31,19
C00450,3,19772.05,6590.68,2024-04-05,2025-11-03,18
C01566,2,19770.20,9885.10,2024-12-12,2025-11-09,10
C03096,3,19743.20,6581.07,2024-04-29,2025-03-27,10
C00035,3,19722.00,6574.00,2024-02-04,2025-09-25,19
C02562,3,19712.90,6570.97,2024-01-16,2025-06-16,17
C01093,2,19681.40,9840.70,2024-08-07,2025-09-03,12
C03728,3,19666.85,6555.62,2025-01-05,2025-05-30,4
C00879,4,19601.15,4900.29,2024-03-08,2025-08-08,17
C04390,4,19552.60,4888.15,2024-09-23,2025-08-13,10
C01267,5,19543.45,3908.69,2025-01-02,2025-12-18,11
C01937,3,19501.95,6500.65,2024-01-25,2025-07-07,17
C01441,4,19471.70,4867.93,2024-01-20,2025-05-06,15
C03597,3,19448.55,6482.85,2024-02-27,2025-12-28,22
C01221,3,19422.45,6474.15,2024-06-14,2025-07-13,12
C03606,3,19422.45,6474.15,2024-06-19,2025-05-25,11
C00281,2,19370.45,9685.23,2024-11-17,2025-04-13,4
C03219,2,19354.30,9677.15,2025-06-10,2025-09-19,3
C04296,4,19312.90,4828.23,2024-02-27,2025-04-17,13
C02667,3,19284.50,6428.17,2024-01-25,2025-07-04,17
C03112,3,19256.80,6418.93,2024-08-03,2025-11-10,15
C03715,3,19251.60,6417.20,2024-01-08,2025-12-16,23
C00535,1,19210.45,19210.45,2024-02-20,2024-02-20,0
C02486,3,19192.65,6397.55,2024-01-21,2024-11-03,9
C04043,4,19187.25,4796.81,2024-05-29,2025-08-13,14
C04592,1,19159.10,19159.10,2024-01-25,2024-01-25,0
C02201,3,19157.55,6385.85,2024-01-04,2025-05-20,16
C01509,4,19121.85,4780.46,2024-07-08,2025-09-14,14
C00474,2,19083.35,9541.68,2024-02-08,2024-02-24,0
C03115,2,19071.25,9535.63,2024-08-02,2025-07-06,11
C04106,4,19018.50,4754.63,2024-05-16,2025-11-06,17
C04585,4,19010.50,4752.63,2024-01-23,2025-10-09,20
C04498,2,19006.10,9503.05,2024-01-27,2024-11-06,9
C02499,5,18988.75,3797.75,2024-01-14,2025-10-25,21
C03351,2,18977.65,9488.83,2024-08-18,2025-04-21,8
C02576,3,18965.60,6321.87,2024-01-28,2025-05-28,16
C00200,2,18959.80,9479.90,2025-05-17,2025-08-10,2
C01351,3,18953.25,6317.75,2024-03-30,2025-09-20,17
C03094,2,18941.85,9470.93,2025-03-01,2025-11-08,8
C04281,1,18910.35,18910.35,2025-11-08,2025-11-08,0
C00657,5,18910.15,3782.03,2024-05-04,2025-10-20,17
C02828,4,18894.55,4723.64,2024-09-16,2024-12-07,2
C02793,5,18876.70,3775.34,2024-03-13,2025-06-14,15
C02161,1,18869.20,18869.20,2025-05-28,2025-05-28,0
C00328,3,18853.55,6284.52,2024-12-05,2025-11-28,11
C03991,2,18808.65,9404.33,2024-01-25,2024-06-23,4
C02665,1,18800.00,18800.00,2025-12-05,2025-12-05,0
C04234,1,18800.00,18800.00,2025-08-08,2025-08-08,0
C02638,4,18795.40,4698.85,2024-04-04,2025-07-29,15
C00886,4,18775.60,4693.90,2024-09-21,2025-12-02,14
C02390,2,18720.65,9360.33,2024-02-25,2025-01-28,11
C04018,4,18719.30,4679.83,2024-02-05,2025-07-11,17
C03515,2,18713.30,9356.65,2024-01-24,2024-05-29,4
C02248,3,18674.25,6224.75,2024-08-27,2025-07-10,10
C03665,3,18670.95,6223.65,2024-08-03,2025-07-04,11
C02410,5,18535.90,3707.18,2024-02-22,2025-07-25,17
C03030,5,18491.00,3698.20,2024-02-16,2025-06-22,16
C00031,4,18490.95,4622.74,2024-03-26,2025-03-28,12
C03509,3,18399.20,6133.07,2024-01-05,2025-11-02,21
C01548,1,18355.35,18355.35,2024-07-14,2024-07-14,0
C03888,3,18352.40,6117.47,2024-02-12,2025-02-11,11
C04331,4,18347.70,4586.93,2024-03-08,2025-06-11,15
C03663,4,18277.05,4569.26,2024-03-02,2024-12-11,9
C00713,3,18271.70,6090.57,2024-03-01,2024-11-24,8
C02862,2,18270.75,9135.38,2025-09-03,2025-12-09,3
C01801,2,18243.25,9121.63,2024-06-19,2025-10-07,15
C01747,2,18238.85,9119.43,2024-04-14,2025-07-31,15
C02659,6,18221.45,3036.91,2024-06-19,2025-12-16,17
C03673,1,18221.35,18221.35,2024-05-10,2024-05-10,0
C04445,1,18195.20,18195.20,2025-02-02,2025-02-02,0
C04044,3,18169.60,6056.53,2024-04-02,2025-10-03,18
C01247,3,18116.70,6038.90,2025-03-06,2025-10-04,6
C03425,6,18113.30,3018.88,2024-04-12,2025-11-15,19
C00344,2,18112.90,9056.45,2024-10-03,2025-09-06,11
C02363,4,18047.70,4511.93,2024-04-08,2025-04-16,12
C02670,5,18012.20,3602.44,2024-01-02,2025-06-02,17
C02574,3,18001.65,6000.55,2024-06-28,2025-08-22,13
C04748,1,17997.00,17997.00,2024-08-14,2024-08-14,0
C02815,3,17972.30,5990.77,2024-03-10,2025-03-30,12
C03049,4,17961.80,4490.45,2024-02-18,2025-12-26,22
C00038,2,17961.15,8980.58,2025-02-16,2025-07-10,4
C02622,4,17924.15,4481.04,2024-02-11,2025-10-07,19
C00024,4,17904.85,4476.21,2024-09-30,2025-09-04,11
C03671,3,17891.95,5963.98,2024-01-09,2025-04-05,14
C01097,3,17888.40,5962.80,2025-01-07,2025-02-20,1
C03614,2,17870.15,8935.08,2025-02-28,2025-07-29,5
C00361,5,17846.55,3569.31,2024-11-14,2025-09-11,9
C02447,5,17838.65,3567.73,2024-06-11,2025-09-09,14
C01410,5,17802.05,3560.41,2024-09-06,2025-10-08,13
C02915,2,17783.55,8891.78,2025-02-01,2025-02-05,0
C03032,2,17756.15,8878.08,2024-07-30,2024-08-29,0
C02701,6,17749.95,2958.33,2024-02-06,2025-12-22,22
C01495,2,17734.60,8867.30,2024-10-19,2025-05-07,6
C00311,3,17725.80,5908.60,2024-07-11,2025-02-03,6
C03075,5,17704.90,3540.98,2024-05-13,2025-09-30,16
C04437,3,17682.65,5894.22,2024-04-21,2025-12-28,20
C00443,2,17662.25,8831.13,2024-10-01,2025-11-23,13
C00220,3,17646.40,5882.13,2024-02-19,2025-07-14,16
C00837,2,17624.35,8812.18,2024-09-10,2024-10-26,1
C04537,4,17609.70,4402.43,2024-01-16,2025-08-16,19
C03764,2,17608.80,8804.40,2025-01-21,2025-10-06,8
C04596,3,17603.75,5867.92,2024-05-31,2025-06-22,12
C02435,3,17526.65,5842.22,2024-01-29,2025-11-03,21
C04548,5,17515.50,3503.10,2024-08-17,2025-11-25,15
C01467,2,17513.80,8756.90,2024-04-15,2025-02-19,10
C00043,1,17496.30,17496.30,2025-11-08,2025-11-08,0
C02180,5,17474.45,3494.89,2024-06-03,2025-08-22,14
C02231,4,17471.55,4367.89,2024-01-04,2024-12-21,11
C02966,3,17443.55,5814.52,2024-06-01,2025-04-04,10
C02780,2,17424.75,8712.38,2024-12-05,2025-11-25,11
C00772,2,17416.35,8708.18,2024-06-29,2024-12-31,6
C01982,4,17378.70,4344.68,2024-01-26,2025-09-12,19
C00971,3,17338.70,5779.57,2024-01-05,2024-03-31,2
C02302,4,17313.05,4328.26,2024-01-27,2025-12-17,22
C03668,2,17270.50,8635.25,2024-08-01,2024-08-09,0
C03181,3,17268.15,5756.05,2024-05-15,2025-08-21,15
C04870,3,17243.50,5747.83,2024-05-31,2025-10-16,16
C00853,1,17170.65,17170.65,2024-12-23,2024-12-23,0
C04558,3,17158.90,5719.63,2024-03-31,2025-06-26,14
C02760,3,17143.75,5714.58,2024-01-09,2024-07-23,6
C01119,3,17141.85,5713.95,2024-01-18,2024-05-26,4
C00810,6,17138.55,2856.43,2024-03-30,2025-02-07,10
C00004,1,17096.20,17096.20,2024-06-27,2024-06-27,0
C03640,1,17096.20,17096.20,2024-04-26,2024-04-26,0
C00977,3,17094.25,5698.08,2024-10-16,2025-12-19,14
C02423,3,17083.80,5694.60,2024-05-03,2025-08-20,15
C04422,4,17067.45,4266.86,2025-01-07,2025-11-14,10
C04113,3,17035.55,5678.52,2024-09-18,2025-06-18,9
C04310,1,17006.40,17006.40,2024-04-16,2024-04-16,0
C04382,3,17004.20,5668.07,2024-06-21,2025-02-01,7
C04093,4,16989.45,4247.36,2024-01-01,2025-08-10,19
C04855,3,16984.45,5661.48,2024-06-26,2025-10-28,16
C03245,4,16950.40,4237.60,2024-06-01,2024-09-21,3
C01338,3,16945.55,5648.52,2024-07-12,2024-08-28,1
C03222,2,16945.30,8472.65,2024-04-02,2024-11-13,7
C03959,1,16944.30,16944.30,2025-08-12,2025-08-12,0
C04232,2,16898.45,8449.23,2024-04-03,2024-06-15,2
C03053,2,16894.45,8447.23,2024-05-13,2025-09-05,15
C00006,6,16861.00,2810.17,2024-07-18,2025-10-09,14
C02649,5,16857.60,3371.52,2024-01-05,2025-04-20,15
C04213,2,16853.40,8426.70,2025-06-22,2025-10-19,3
C04499,5,16849.15,3369.83,2024-08-06,2025-12-03,15
C00167,2,16816.50,8408.25,2025-05-17,2025-12-27,7
C04981,1,16796.60,16796.60,2025-08-08,2025-08-08,0
C01462,2,16784.30,8392.15,2024-11-10,2025-10-22,11
C01685,2,16764.35,8382.18,2025-01-03,2025-05-22,4
C01208,4,16754.60,4188.65,2024-12-10,2025-12-14,12
C04800,3,16724.25,5574.75,2024-11-10,2025-08-08,8
C02416,5,16691.85,3338.37,2024-01-06,2025-09-30,20
C00107,4,16687.95,4171.99,2024-05-20,2025-12-10,18
C00982,4,16683.40,4170.85,2024-06-30,2025-01-28,6
C03601,2,16672.20,8336.10,2024-03-10,2025-12-10,21
C03305,3,16670.55,5556.85,2024-08-16,2025-05-23,9
C02008,3,16665.60,5555.20,2024-11-20,2025-12-25,13
C00302,3,16619.30,5539.77,2024-02-17,2025-08-14,17
C01254,1,16594.45,16594.45,2024-11-05,2024-11-05,0
C03989,3,16582.65,5527.55,2024-09-28,2025-04-15,6
C04434,4,16568.30,4142.08,2024-07-15,2025-10-23,15
C02998,1,16559.65,16559.65,2025-12-19,2025-12-19,0
C04837,1,16554.35,16554.35,2025-07-08,2025-07-08,0
C02844,3,16552.85,5517.62,2024-02-08,2025-10-17,20
C01297,5,16541.75,3308.35,2024-05-02,2025-08-13,15
C02752,3,16532.45,5510.82,2024-11-30,2025-02-15,2
C02774,4,16521.60,4130.40,2024-04-02,2025-04-24,12
C00905,4,16511.10,4127.78,2024-01-10,2025-11-03,21
C02879,4,16500.55,4125.14,2024-03-11,2024-10-10,6
C02804,3,16499.65,5499.88,2024-05-23,2025-05-30,12
C01289,2,16495.25,8247.63,2024-03-10,2024-08-25,5
C00239,2,16494.20,8247.10,2025-06-22,2025-10-26,4
C03820,2,16445.00,8222.50,2025-08-24,2025-10-22,1
C00170,6,16442.80,2740.47,2024-02-07,2025-07-15,17
C04530,4,16423.85,4105.96,2024-05-12,2025-07-15,14
C00958,3,16354.85,5451.62,2025-02-23,2025-11-07,8
C00580,1,16346.05,16346.05,2025-08-31,2025-08-31,0
C04591,4,16343.05,4085.76,2024-10-09,2025-06-12,8
C02688,1,16333.35,16333.35,2024-10-06,2024-10-06,0
C03633,3,16329.30,5443.10,2024-01-08,2025-08-17,19
C04051,3,16308.65,5436.22,2024-06-17,2025-05-05,10
C04160,4,16297.55,4074.39,2024-06-21,2025-06-23,12
C02379,3,16238.40,5412.80,2024-07-19,2024-12-22,5
C01514,5,16209.20,3241.84,2024-03-28,2025-07-03,15
C00670,2,16199.35,8099.68,2024-03-27,2024-04-17,0
C03000,1,16197.30,16197.30,2025-10-09,2025-10-09,0
C03057,1,16197.30,16197.30,2025-09-30,2025-09-30,0
C02945,4,16176.85,4044.21,2024-05-13,2025-06-27,13
C02118,3,16151.55,5383.85,2024-10-26,2024-12-03,1
C00056,3,16149.55,5383.18,2024-06-11,2025-02-07,7
C02324,1,16147.55,16147.55,2025-02-20,2025-02-20,0
C04753,5,16140.05,3228.01,2024-05-02,2025-05-11,12
C03615,4,16126.70,4031.68,2024-07-28,2025-06-08,10
C04066,2,16122.90,8061.45,2024-01-03,2025-10-13,21
C02239,3,16113.00,5371.00,2024-04-11,2025-08-22,16
C00329,2,16095.30,8047.65,2024-11-02,2025-04-09,5
C00862,3,16091.85,5363.95,2024-12-31,2025-12-08,11
C02481,3,16078.70,5359.57,2024-03-25,2025-05-28,14
C04602,2,16073.65,8036.83,2024-04-06,2025-11-02,18
C01125,3,16063.45,5354.48,2024-01-21,2025-10-01,20
C01682,2,16028.85,8014.43,2024-03-12,2025-10-07,18
C04001,2,16023.60,8011.80,2024-07-23,2025-05-05,9
C02238,1,16013.20,16013.20,2024-02-21,2024-02-21,0
C00791,4,16006.85,4001.71,2024-12-19,2025-10-06,9
C01434,4,15987.65,3996.91,2024-05-17,2025-10-06,16
C00388,3,15969.80,5323.27,2024-02-19,2025-04-30,14
C04406,4,15920.90,3980.23,2024-05-12,2025-11-30,18
C00285,3,15911.45,5303.82,2025-03-05,2025-12-16,9
C01607,4,15901.65,3975.41,2024-06-03,2025-07-05,13
C02160,1,15896.20,15896.20,2025-09-22,2025-09-22,0
C00300,3,15895.10,5298.37,2025-05-27,2025-11-09,5
C04429,4,15875.50,3968.88,2024-01-21,2025-10-21,21
C01563,3,15863.65,5287.88,2024-12-18,2025-12-14,11
C00401,5,15855.60,3171.12,2024-03-04,2025-12-28,21
C02270,2,15835.30,7917.65,2024-01-04,2024-05-31,4
C04400,2,15796.20,7898.10,2024-05-08,2025-01-18,8
C04847,3,15777.30,5259.10,2024-06-21,2025-11-05,16
C03766,3,15757.05,5252.35,2024-11-25,2025-12-03,12
C03517,4,15717.65,3929.41,2024-01-22,2025-01-20,11
C03592,5,15675.80,3135.16,2024-01-09,2025-10-16,21
C02762,3,15672.30,5224.10,2024-07-06,2025-12-19,17
C02170,2,15645.40,7822.70,2024-06-05,2024-07-10,1
C02893,2,15644.20,7822.10,2024-01-28,2025-01-18,11
C00497,4,15642.35,3910.59,2024-09-16,2025-06-02,8
C03349,1,15589.65,15589.65,2024-01-10,2024-01-10,0
C00850,4,15579.55,3894.89,2024-02-17,2025-07-10,16
C01957,4,15574.35,3893.59,2024-07-22,2025-09-07,13
C04706,1,15566.70,15566.70,2025-06-08,2025-06-08,0
C01165,2,15559.65,7779.83,2024-06-19,2024-10-23,4
C03547,3,15553.30,5184.43,2024-07-02,2024-07-26,0
C04572,5,15541.55,3108.31,2024-01-02,2025-05-19,16
C03865,2,15517.05,7758.53,2024-01-23,2024-04-11,2
C02583,2,15514.55,7757.28,2024-01-11,2024-04-15,3
C01429,1,15506.10,15506.10,2025-03-13,2025-03-13,0
C01245,3,15465.55,5155.18,2024-07-10,2025-10-30,15
C00820,4,15420.20,3855.05,2024-02-06,2025-03-27,13
C01184,3,15412.10,5137.37,2025-02-26,2025-10-29,8
C00500,2,15388.25,7694.13,2025-11-27,2025-12-26,0
C04278,3,15386.30,5128.77,2024-05-09,2025-05-27,12
C00459,1,15360.10,15360.10,2024-09-14,2024-09-14,0
C02766,4,15332.75,3833.19,2024-04-19,2024-08-07,3
C01000,3,15332.70,5110.90,2024-03-30,2025-09-14,17
C00196,3,15303.25,5101.08,2024-08-20,2025-05-18,8
C00753,2,15301.35,7650.68,2024-04-04,2025-12-04,20
C04883,1,15296.60,15296.60,2025-03-28,2025-03-28,0
C04771,2,15274.45,7637.23,2025-03-14,2025-05-12,1
C03091,3,15264.75,5088.25,2024-09-02,2025-04-21,7
C04681,5,15253.50,3050.70,2024-09-12,2025-11-25,14
C00487,2,15239.75,7619.88,2024-11-21,2024-12-13,0
C01414,3,15223.60,5074.53,2024-05-08,2025-10-12,17
C04944,4,15197.15,3799.29,2024-11-17,2025-12-01,12
C01008,3,15192.50,5064.17,2024-02-05,2025-05-15,15
C03418,2,15163.80,7581.90,2024-08-15,2025-04-03,7
C03947,3,15145.25,5048.42,2024-02-11,2025-11-06,20
C02959,1,15095.80,15095.80,2024-09-18,2024-09-18,0
C00625,4,15091.65,3772.91,2024-03-06,2024-12-05,8
C00382,4,15032.80,3758.20,2024-02-06,2025-10-18,20
C00617,3,15032.45,5010.82,2024-03-10,2025-01-21,10
C04425,3,15020.50,5006.83,2024-09-09,2025-10-04,12
C03303,2,15004.75,7502.38,2024-02-06,2025-10-28,20
C03595,3,14999.35,4999.78,2025-01-03,2025-04-20,3
C02675,2,14990.70,7495.35,2025-02-11,2025-10-06,7
C00965,3,14990.65,4996.88,2024-02-19,2025-11-14,20
C03541,3,14982.80,4994.27,2024-07-08,2025-02-19,7
C03514,3,14976.85,4992.28,2024-04-02,2025-01-25,9
C04327,4,14974.55,3743.64,2024-08-23,2025-05-12,8
C02964,3,14948.90,4982.97,2024-07-01,2025-02-08,7
C00999,2,14946.20,7473.10,2024-05-06,2025-02-02,8
C02982,2,14902.90,7451.45,2025-04-08,2025-11-07,6
C03869,2,14895.00,7447.50,2025-10-12,2025-10-18,0
C02940,2,14894.80,7447.40,2025-04-17,2025-06-04,1
C00462,4,14888.65,3722.16,2024-02-05,2025-05-06,15
C02903,5,14880.70,2976.14,2024-01-17,2025-12-23,23
C03960,3,14874.05,4958.02,2024-03-22,2025-06-16,14
C04237,3,14862.35,4954.12,2024-06-20,2025-06-13,11
C04752,3,14826.40,4942.13,2025-05-01,2025-10-11,5
C02679,4,14823.55,3705.89,2024-03-11,2025-04-20,13
C01838,5,14821.70,2964.34,2024-01-10,2025-12-16,23
C01936,5,14808.45,2961.69,2024-04-09,2025-12-07,19
C03800,5,14807.50,2961.50,2024-02-29,2025-06-17,15
C02186,2,14800.25,7400.13,2024-02-11,2024-02-13,0
C00530,4,14796.55,3699.14,2024-03-23,2025-06-14,14
C00834,5,14780.05,2956.01,2024-02-04,2025-08-22,18
C00456,2,14764.25,7382.13,2024-08-01,2024-12-08,4
C02506,3,14752.70,4917.57,2024-04-27,2025-08-19,15
C00253,4,14745.40,3686.35,2024-02-26,2025-11-05,20
C01118,2,14716.30,7358.15,2024-05-17,2025-01-12,7
C00335,1,14671.25,14671.25,2024-01-11,2024-01-11,0
C02706,2,14661.05,7330.53,2024-11-27,2025-06-11,6
C00124,1,14655.35,14655.35,2024-09-19,2024-09-19,0
C04196,2,14653.45,7326.73,2025-05-24,2025-09-24,4
C03496,3,14653.10,4884.37,2024-02-09,2025-08-09,18
C00926,6,14648.70,2441.45,2024-08-02,2025-12-06,16
C03393,2,14646.15,7323.08,2025-05-31,2025-08-23,2
C02079,2,14635.40,7317.70,2024-03-16,2025-12-19,21
C00681,2,14634.40,7317.20,2024-12-08,2025-07-20,7
C00377,3,14633.90,4877.97,2024-01-04,2024-11-07,10
C01304,3,14624.55,4874.85,2024-10-16,2025-03-31,5
C03902,4,14623.00,3655.75,2024-11-03,2025-11-16,12
C03982,3,14596.35,4865.45,2024-04-01,2025-11-08,19
C00446,1,14592.40,14592.40,2024-06-28,2024-06-28,0
C04882,2,14576.10,7288.05,2024-11-11,2024-12-24,1
C02401,3,14569.50,4856.50,2025-01-19,2025-11-08,9
C01984,4,14566.35,3641.59,2024-01-17,2025-11-21,22
C03175,3,14561.20,4853.73,2024-05-12,2025-04-15,11
C03521,5,14549.65,2909.93,2024-03-24,2025-06-19,14
C03881,2,14545.65,7272.83,2024-09-13,2025-06-19,9
C03828,1,14531.20,14531.20,2025-06-05,2025-06-05,0
C02546,2,14514.80,7257.40,2025-04-18,2025-12-09,7
C01028,2,14514.75,7257.38,2025-03-13,2025-08-29,5
C03548,3,14494.30,4831.43,2024-03-03,2025-08-26,17
C01439,2,14494.20,7247.10,2024-10-06,2025-03-14,5
C03033,2,14478.50,7239.25,2024-12-12,2025-09-06,8
C02516,4,14468.85,3617.21,2024-03-26,2024-12-30,9
C04556,5,14464.65,2892.93,2024-12-16,2025-10-21,10
C04403,2,14440.30,7220.15,2024-08-16,2025-03-09,6
C03653,2,14420.30,7210.15,2024-11-04,2025-06-07,7
C02787,1,14403.55,14403.55,2024-08-29,2024-08-29,0
C00135,4,14396.70,3599.18,2024-08-01,2025-11-26,15
C03377,2,14374.35,7187.18,2025-03-14,2025-06-24,3
C04622,2,14363.15,7181.58,2024-12-17,2025-02-06,1
C04284,3,14354.35,4784.78,2024-05-27,2025-12-24,18
C00543,1,14351.35,14351.35,2024-01-28,2024-01-28,0
C00422,1,14351.30,14351.30,2024-09-21,2024-09-21,0
C04493,5,14346.70,2869.34,2024-04-25,2025-06-26,14
C01311,2,14341.20,7170.60,2024-04-24,2025-11-21,18
C03809,4,14326.80,3581.70,2024-11-21,2025-12-15,12
C02493,3,14321.45,4773.82,2024-04-08,2025-06-28,14
C03479,3,14305.15,4768.38,2024-03-25,2025-05-30,14
C01799,3,14296.20,4765.40,2024-08-24,2025-11-18,14
C03530,1,14295.40,14295.40,2024-07-25,2024-07-25,0
C04233,2,14288.25,7144.13,2024-05-17,2024-05-22,0
C04842,7,14276.95,2039.56,2024-02-09,2025-10-15,20
C03206,3,14253.85,4751.28,2024-03-08,2025-05-16,14
C00675,2,14246.30,7123.15,2024-02-10,2024-04-17,2
C04628,4,14233.90,3558.48,2024-02-12,2025-12-06,21
C01035,3,14220.45,4740.15,2025-10-14,2025-12-24,2
C00411,1,14214.75,14214.75,2024-09-12,2024-09-12,0
C00133,4,14203.05,3550.76,2024-01-21,2025-11-19,21
C04175,3,14154.25,4718.08,2025-01-03,2025-10-19,9
C00044,5,14104.90,2820.98,2024-07-18,2025-12-12,16
C00075,3,14072.60,4690.87,2024-11-18,2025-03-24,4
C02091,1,14065.35,14065.35,2025-04-28,2025-04-28,0
C03539,3,14048.65,4682.88,2024-05-12,2025-07-22,14
C04521,2,14042.10,7021.05,2025-03-13,2025-12-01,8
C04969,1,14035.50,14035.50,2024-04-01,2024-04-01,0
C02409,3,14028.90,4676.30,2024-07-13,2025-03-01,7
C02165,4,14023.70,3505.93,2024-07-20,2025-12-17,16
C04041,2,14023.50,7011.75,2024-01-30,2025-06-11,16
C04886,1,14015.50,14015.50,2025-08-14,2025-08-14,0
C00490,1,13956.35,13956.35,2025-04-16,2025-04-16,0
C04357,2,13946.30,6973.15,2024-12-18,2025-08-10,7
C04244,2,13943.70,6971.85,2024-04-29,2025-10-04,17
C03974,2,13936.45,6968.23,2024-06-12,2024-08-26,2
C04017,2,13935.25,6967.63,2025-03-17,2025-11-20,8
C04090,1,13885.45,13885.45,2024-07-28,2024-07-28,0
C00364,1,13876.60,13876.60,2024-05-23,2024-05-23,0
C01930,4,13857.55,3464.39,2024-06-05,2025-12-04,17
C01726,4,13802.80,3450.70,2024-01-17,2025-08-02,18
C03524,1,13801.05,13801.05,2025-11-14,2025-11-14,0
C03950,1,13796.40,13796.40,2024-05-23,2024-05-23,0
C02673,3,13795.20,4598.40,2024-07-25,2025-08-27,13
C02009,3,13779.45,4593.15,2024-01-30,2025-09-15,19
C00427,2,13772.15,6886.08,2024-08-19,2025-07-14,10
C04008,3,13753.65,4584.55,2024-07-06,2025-12-19,17
C02082,2,13751.95,6875.98,2024-02-19,2025-07-30,17
C02074,3,13718.60,4572.87,2024-03-28,2025-08-17,16
C01915,3,13714.30,4571.43,2025-01-14,2025-06-21,5
C03934,2,13706.45,6853.23,2024-06-08,2025-01-04,6
C00469,4,13703.20,3425.80,2024-04-05,2025-09-14,17
C00728,3,13685.30,4561.77,2024-03-24,2025-09-27,18
C03776,1,13675.60,13675.60,2025-02-07,2025-02-07,0
C03567,1,13675.40,13675.40,2024-04-09,2024-04-09,0
C03679,2,13662.00,6831.00,2024-05-07,2025-05-03,11
C01702,3,13643.65,4547.88,2024-10-29,2025-10-08,11
C03749,4,13613.45,3403.36,2024-12-07,2025-07-08,7
C04204,1,13595.40,13595.40,2024-11-01,2024-11-01,0
C02684,4,13584.60,3396.15,2024-02-03,2025-08-15,18
C04230,3,13583.60,4527.87,2024-08-14,2025-09-04,12
C03817,3,13545.25,4515.08,2024-01-24,2024-11-16,9
C01355,3,13544.25,4514.75,2024-02-05,2025-11-08,21
C00966,3,13533.30,4511.10,2025-04-01,2025-10-03,6
C02373,4,13531.85,3382.96,2025-05-20,2025-12-26,7
C04945,1,13516.50,13516.50,2024-10-26,2024-10-26,0
C02273,1,13497.30,13497.30,2025-03-01,2025-03-01,0
C02957,1,13497.00,13497.00,2025-05-26,2025-05-26,0
C04430,1,13497.00,13497.00,2024-03-09,2024-03-09,0
C04686,4,13493.75,3373.44,2024-03-18,2025-12-20,21
C00130,3,13480.35,4493.45,2024-09-21,2025-12-10,14
C01971,2,13439.30,6719.65,2024-02-03,2024-07-04,5
C02732,5,13439.20,2687.84,2024-02-18,2025-06-07,15
C01038,2,13438.55,6719.28,2024-05-07,2025-05-17,12
C00787,2,13434.85,6717.43,2025-02-15,2025-03-28,1
C00261,3,13432.70,4477.57,2024-08-14,2025-11-19,15
C00620,1,13421.25,13421.25,2024-03-25,2024-03-25,0
C01006,2,13421.15,6710.58,2024-04-26,2024-09-29,5
C03589,3,13419.35,4473.12,2024-03-12,2025-11-16,20
C00394,1,13406.20,13406.20,2024-08-28,2024-08-28,0
C03194,3,13398.85,4466.28,2025-01-28,2025-12-03,10
C03650,3,13383.95,4461.32,2024-05-25,2024-11-07,5
C04163,3,13382.75,4460.92,2024-02-17,2025-03-09,12
C02505,3,13364.70,4454.90,2024-09-13,2025-05-27,8
C01581,4,13362.50,3340.63,2024-04-21,2025-12-20,19
C00010,4,13355.75,3338.94,2024-06-05,2025-09-02,14
C00127,2,13347.35,6673.68,2024-03-22,2025-07-11,15
C01953,3,13322.70,4440.90,2024-02-10,2025-03-31,13
C04263,2,13308.45,6654.23,2024-06-25,2024-09-06,2
C01646,3,13308.25,4436.08,2024-05-10,2025-12-20,19
C04347,1,13306.40,13306.40,2025-10-09,2025-10-09,0
C01002,3,13301.25,4433.75,2024-10-08,2025-09-03,10
C02929,2,13297.15,6648.58,2024-08-22,2025-10-02,13
C00618,1,13294.40,13294.40,2025-08-20,2025-08-20,0
C03213,2,13294.10,6647.05,2024-12-16,2025-09-20,9
C04412,3,13293.40,4431.13,2024-12-10,2025-10-07,9
C02236,3,13288.25,4429.42,2024-08-16,2025-11-29,15
C04242,4,13283.65,3320.91,2024-03-10,2025-12-11,21
C03512,3,13282.15,4427.38,2024-02-25,2025-08-26,18
C00122,3,13281.85,4427.28,2024-02-27,2025-06-27,16
C00078,4,13272.15,3318.04,2024-07-07,2025-05-30,10
C01032,3,13246.35,4415.45,2024-03-20,2025-02-13,10
C02168,4,13219.25,3304.81,2024-04-09,2024-12-02,7
C04713,2,13194.30,6597.15,2024-01-01,2025-04-27,15
C02011,2,13153.70,6576.85,2024-09-07,2025-08-06,10
C04419,2,13135.50,6567.75,2024-11-08,2025-10-25,11
C04473,4,13117.45,3279.36,2024-09-01,2025-07-12,10
C00198,4,13114.70,3278.68,2024-09-12,2025-12-20,15
C01826,2,13095.20,6547.60,2024-02-03,2025-03-25,13
C02884,1,13090.45,13090.45,2024-03-11,2024-03-11,0
C02944,3,13046.45,4348.82,2024-05-25,2025-12-16,18
C03993,3,13022.95,4340.98,2024-02-05,2024-07-21,5
C00696,2,13017.95,6508.98,2024-02-03,2025-09-27,19
C04037,1,12997.00,12997.00,2025-12-30,2025-12-30,0
C00693,2,12984.85,6492.43,2024-03-31,2024-11-08,7
C01279,2,12973.45,6486.73,2025-02-01,2025-12-05,10
C00389,2,12942.45,6471.23,2024-09-04,2025-11-09,14
C02064,4,12933.65,3233.41,2024-01-03,2025-10-18,21
C01616,3,12933.35,4311.12,2024-03-02,2025-07-11,16
C01998,2,12925.55,6462.78,2024-03-09,2025-03-20,12
C00897,4,12910.30,3227.58,2024-02-07,2025-10-28,20
C00985,3,12849.95,4283.32,2024-08-10,2025-08-13,12
C03302,2,12846.15,6423.08,2024-05-13,2025-07-11,13
C04932,4,12844.50,3211.13,2024-06-29,2025-08-15,13
C03705,2,12836.45,6418.23,2024-03-14,2024-03-17,0
C03475,2,12824.60,6412.30,2024-08-03,2024-09-03,1
C00342,1,12822.15,12822.15,2025-07-27,2025-07-27,0
C02677,1,12821.20,12821.20,2024-11-18,2024-11-18,0
C03964,3,12821.20,4273.73,2024-06-02,2025-12-22,18
C00651,3,12820.60,4273.53,2024-06-29,2025-10-07,15
C01553,4,12813.60,3203.40,2024-04-19,2025-12-03,19
C03235,3,12794.45,4264.82,2024-01-29,2024-12-10,10
C00451,2,12794.00,6397.00,2024-01-06,2025-11-06,22
C01772,4,12793.60,3198.40,2024-06-19,2025-01-15,6
C02309,3,12793.40,4264.47,2024-09-26,2025-06-13,8
C01719,2,12788.45,6394.23,2024-08-03,2025-12-09,16
C02360,4,12788.30,3197.08,2024-01-26,2025-10-15,20
C02134,4,12788.05,3197.01,2024-04-26,2024-12-06,7
C01009,2,12785.30,6392.65,2024-11-08,2025-12-31,13
C03018,3,12784.55,4261.52,2024-01-10,2025-11-18,22
C03799,3,12775.40,4258.47,2024-03-20,2024-11-27,8
C03063,2,12773.70,6386.85,2024-06-26,2024-08-26,2
C02897,3,12770.40,4256.80,2025-07-09,2025-10-30,3
C00477,5,12767.00,2553.40,2024-09-30,2025-11-05,13
C02519,2,12759.65,6379.83,2024-08-09,2025-10-26,14
C04759,1,12717.10,12717.10,2025-12-19,2025-12-19,0
C03069,2,12715.35,6357.68,2024-08-21,2025-12-18,15
C00683,3,12683.30,4227.77,2024-03-10,2024-08-05,4
C01804,2,12679.55,6339.78,2024-10-06,2024-12-08,2
C04307,4,12678.55,3169.64,2024-01-08,2025-06-28,17
C01101,3,12670.55,4223.52,2025-05-05,2025-11-02,5
C04480,2,12668.80,6334.40,2024-02-18,2024-08-23,6
C01983,3,12646.15,4215.38,2024-07-04,2024-10-27,3
C04386,2,12630.35,6315.18,2025-09-05,2025-12-08,3
C04573,3,12624.70,4208.23,2024-09-04,2025-12-16,15
C04510,3,12612.85,4204.28,2024-03-30,2025-12-31,21
C04623,2,12610.50,6305.25,2024-01-20,2024-03-03,1
C03411,2,12603.05,6301.53,2024-01-16,2025-08-23,19
C00656,2,12601.35,6300.68,2024-07-06,2025-08-10,13
C03344,1,12597.30,12597.30,2024-01-27,2024-01-27,0
C03696,3,12595.55,4198.52,2024-05-23,2025-06-07,12
C03832,3,12593.40,4197.80,2024-05-29,2025-11-30,18
C01144,3,12577.50,4192.50,2024-02-24,2025-04-24,14
C03810,4,12573.60,3143.40,2024-04-30,2025-10-08,17
C01507,6,12568.35,2094.73,2024-08-05,2025-12-17,16
C04218,3,12552.70,4184.23,2024-06-13,2025-04-27,10
C02422,2,12547.10,6273.55,2024-11-14,2025-07-13,7
C04645,3,12545.15,4181.72,2024-01-13,2024-02-22,1
C02471,3,12535.50,4178.50,2024-02-03,2025-12-30,22
C04496,2,12510.40,6255.20,2025-02-03,2025-10-30,8
C01891,2,12479.80,6239.90,2024-09-09,2025-04-02,6
C00109,4,12451.80,3112.95,2024-01-02,2025-11-03,22
C00738,2,12435.50,6217.75,2024-01-10,2025-11-07,21
C00702,4,12434.35,3108.59,2024-07-29,2025-06-10,10
C01169,2,12429.20,6214.60,2024-04-22,2025-01-12,8
C04241,1,12420.75,12420.75,2024-12-20,2024-12-20,0
C00025,2,12406.25,6203.13,2024-01-26,2025-04-22,14
C02814,2,12405.45,6202.73,2024-10-08,2025-12-10,14
C00103,2,12395.20,6197.60,2024-05-04,2024-05-04,0
C02044,1,12377.05,12377.05,2025-06-16,2025-06-16,0
C00184,2,12372.35,6186.18,2025-01-07,2025-12-21,11
C04688,1,12371.45,12371.45,2024-06-13,2024-06-13,0
C03156,3,12355.40,4118.47,2024-01-29,2025-05-06,15
C01640,1,12351.25,12351.25,2024-02-12,2024-02-12,0
C00725,2,12347.25,6173.63,2024-02-20,2024-09-09,6
C04943,3,12345.35,4115.12,2024-08-22,2025-09-10,12
C04695,3,12340.15,4113.38,2024-05-01,2025-02-18,9
C02969,2,12309.40,6154.70,2024-07-28,2024-10-17,2
C01334,2,12305.30,6152.65,2025-08-26,2025-11-27,3
C01886,2,12300.45,6150.23,2024-02-10,2025-07-17,17
C04034,3,12294.35,4098.12,2024-06-25,2025-12-16,17
C03826,3,12290.50,4096.83,2024-02-11,2025-09-29,19
C03236,4,12290.00,3072.50,2024-01-07,2025-10-30,21
C04088,4,12273.50,3068.38,2025-01-30,2025-07-20,5
C02745,4,12254.45,3063.61,2025-05-12,2025-08-19,3
C02908,3,12250.05,4083.35,2024-05-30,2025-12-17,18
C00932,1,12236.40,12236.40,2024-10-14,2024-10-14,0
C04214,1,12225.15,12225.15,2025-12-21,2025-12-21,0
C02716,1,12205.40,12205.40,2025-11-11,2025-11-11,0
C02797,2,12200.45,6100.23,2025-02-21,2025-03-20,0
C03205,4,12194.60,3048.65,2025-02-08,2025-12-17,10
C00304,4,12185.50,3046.38,2024-04-08,2025-03-03,10
C04540,3,12184.25,4061.42,2024-01-07,2025-08-06,18
C01696,2,12174.65,6087.33,2025-08-03,2025-10-10,2
C00001,1,12172.15,12172.15,2025-08-24,2025-08-24,0
C04122,4,12170.25,3042.56,2024-07-01,2025-06-26,11
C02467,2,12147.30,6073.65,2025-09-17,2025-12-30,3
C02591,1,12147.30,12147.30,2024-05-16,2024-05-16,0
C02133,2,12115.45,6057.73,2025-02-21,2025-04-22,2
C00591,3,12104.25,4034.75,2024-04-05,2025-10-30,18
C03169,3,12103.35,4034.45,2025-06-09,2025-11-05,4
C03689,1,12096.00,12096.00,2024-02-02,2024-02-02,0
C04735,4,12093.30,3023.33,2024-02-09,2025-06-19,16
C01321,3,12089.40,4029.80,2024-01-22,2025-05-29,16
C00346,1,12077.40,12077.40,2025-12-04,2025-12-04,0
C01438,4,12075.90,3018.98,2024-01-17,2025-06-08,16
C01572,4,12064.30,3016.08,2024-08-25,2025-05-27,9
C01926,1,12061.20,12061.20,2025-10-18,2025-10-18,0
C04994,3,12044.15,4014.72,2024-03-29,2025-09-09,17
C00880,3,12024.75,4008.25,2024-12-12,2025-10-28,10
C00071,3,11979.45,3993.15,2024-03-20,2024-11-06,7
C04252,3,11955.60,3985.20,2024-04-15,2025-08-26,16
C03838,5,11952.75,2390.55,2024-06-20,2025-03-20,9
C01095,5,11941.45,2388.29,2024-01-14,2025-08-11,18
C01061,2,11921.50,5960.75,2024-02-03,2025-01-01,10
C00809,2,11915.40,5957.70,2024-05-25,2025-08-10,14
C02994,3,11901.30,3967.10,2025-04-13,2025-10-22,6
C01980,3,11854.85,3951.62,2024-01-12,2025-04-26,15
C01255,2,11854.50,5927.25,2025-06-21,2025-07-07,0
C01411,4,11851.55,2962.89,2025-01-16,2025-05-17,4
C04220,3,11849.70,3949.90,2024-02-29,2025-05-13,14
C02131,3,11834.40,3944.80,2024-05-12,2025-07-10,13
C03067,1,11817.40,11817.40,2025-07-28,2025-07-28,0
C02278,3,11810.35,3936.78,2025-01-11,2025-03-19,2
C01501,3,11794.45,3931.48,2024-10-06,2025-04-29,6
C01466,3,11723.50,3907.83,2024-07-29,2025-12-27,16
C02535,2,11721.45,5860.73,2024-04-12,2024-08-06,3
C02595,3,11702.70,3900.90,2024-01-22,2024-12-26,11
C02305,2,11699.50,5849.75,2024-11-05,2025-03-16,4
C01284,5,11697.10,2339.42,2024-01-01,2025-10-25,21
C02850,3,11690.35,3896.78,2025-06-02,2025-10-01,3
C01046,3,11666.85,3888.95,2024-04-02,2024-07-05,3
C02444,2,11654.90,5827.45,2024-12-23,2025-08-25,8
C00083,2,11653.50,5826.75,2024-07-20,2024-09-30,2
C03221,2,11650.35,5825.18,2025-03-19,2025-07-05,3
C02101,3,11625.45,3875.15,2024-09-11,2025-07-09,9
C04648,2,11606.10,5803.05,2024-02-09,2025-07-16,17
C04893,2,11592.20,5796.10,2024-04-17,2024-06-20,2
C04035,2,11567.15,5783.58,2024-10-20,2025-12-07,13
C04972,2,11536.35,5768.18,2024-01-25,2024-03-17,1
C04231,3,11496.10,3832.03,2024-08-23,2025-09-26,13
C02042,1,11472.45,11472.45,2025-06-09,2025-06-09,0
C00590,2,11447.35,5723.68,2025-03-25,2025-11-20,7
C00911,2,11444.60,5722.30,2024-12-30,2025-08-11,7
C03812,4,11444.40,2861.10,2024-01-21,2025-11-04,21
C01727,4,11437.70,2859.43,2024-02-06,2024-12-14,10
C01871,3,11409.65,3803.22,2025-05-18,2025-10-25,5
C00602,1,11398.10,11398.10,2024-05-11,2024-05-11,0
C02454,1,11398.10,11398.10,2024-12-14,2024-12-14,0
C02616,1,11398.10,11398.10,2024-12-25,2024-12-25,0
C03396,1,11398.10,11398.10,2025-12-04,2025-12-04,0
C03426,1,11398.10,11398.10,2024-02-23,2024-02-23,0
C04441,2,11397.15,5698.58,2024-06-06,2025-01-06,7
C04482,2,11395.10,5697.55,2025-12-09,2025-12-22,0
C01735,1,11336.45,11336.45,2025-08-10,2025-08-10,0
C02963,2,11324.60,5662.30,2024-01-24,2024-01-31,0
C01392,2,11322.35,5661.18,2024-11-18,2025-05-18,6
C04606,2,11311.35,5655.68,2024-04-18,2025-01-04,8
C02651,2,11304.40,5652.20,2025-10-23,2025-12-29,2
C00160,4,11268.50,2817.13,2024-01-30,2025-11-27,21
C01474,4,11267.55,2816.89,2024-05-23,2025-09-17,15
C02798,2,11261.15,5630.58,2024-04-22,2025-12-20,19
C01813,2,11256.45,5628.23,2024-08-30,2025-01-24,4
C00601,1,11246.25,11246.25,2025-07-05,2025-07-05,0
C03310,2,11233.60,5616.80,2025-03-02,2025-09-21,6
C03142,2,11221.40,5610.70,2025-03-25,2025-06-17,2
C00007,2,11216.15,5608.08,2025-08-20,2025-11-29,3
C01731,2,11206.30,5603.15,2024-06-05,2025-10-07,16
C04664,1,11205.40,11205.40,2024-09-03,2024-09-03,0
C01232,1,11196.80,11196.80,2025-06-03,2025-06-03,0
C03680,4,11184.45,2796.11,2024-01-27,2025-09-23,19
C02228,1,11182.30,11182.30,2024-08-09,2024-08-09,0
C00263,2,11174.60,5587.30,2024-03-27,2025-07-23,15
C00923,4,11172.80,2793.20,2025-02-13,2025-10-17,8
C01762,3,11164.45,3721.48,2024-02-20,2024-10-28,8
C04756,5,11157.05,2231.41,2024-05-28,2025-12-18,18
C01337,1,11156.40,11156.40,2024-06-07,2024-06-07,0
C03343,2,11155.45,5577.73,2024-07-08,2025-12-21,17
C04868,2,11147.10,5573.55,2024-03-05,2024-04-14,1
C01176,3,11145.65,3715.22,2024-06-19,2025-09-26,15
C01805,3,11144.50,3714.83,2024-07-12,2025-10-14,15
C02671,4,11141.80,2785.45,2024-05-04,2025-03-07,10
C04920,2,11134.70,5567.35,2025-03-20,2025-03-21,0
C00798,2,11127.35,5563.68,2024-10-09,2025-04-29,6
C03842,3,11124.65,3708.22,2024-03-26,2025-03-27,12
C02343,4,11123.75,2780.94,2024-10-22,2025-09-21,10
C04309,1,11116.35,11116.35,2024-02-08,2024-02-08,0
C03973,3,11116.30,3705.43,2024-05-17,2025-11-28,18
C04439,2,11111.20,5555.60,2024-02-08,2024-04-20,2
C03571,3,11110.45,3703.48,2024-01-15,2025-06-02,16
C03525,4,11105.85,2776.46,2024-04-28,2025-08-02,15
C02112,1,11084.30,11084.30,2025-12-22,2025-12-22,0
C04206,3,11073.60,3691.20,2024-02-10,2025-03-31,13
C03271,2,11050.55,5525.28,2024-09-04,2025-12-23,15
C01977,4,11032.65,2758.16,2024-02-08,2024-12-20,10
C01857,4,11022.80,2755.70,2024-02-02,2025-04-25,14
C01363,1,11007.30,11007.30,2025-10-22,2025-10-22,0
C02421,2,10981.45,5490.73,2024-09-09,2025-05-06,7
C02296,1,10972.35,10972.35,2025-04-05,2025-04-05,0
C00499,4,10959.50,2739.88,2024-04-20,2025-11-02,18
C04149,2,10959.15,5479.58,2024-01-21,2024-10-04,8
C03297,2,10954.60,5477.30,2024-12-23,2025-10-21,9
C04948,2,10953.45,5476.73,2025-01-07,2025-03-11,2
C02197,3,10946.35,3648.78,2024-12-08,2025-10-20,10
C00104,2,10932.10,5466.05,2025-03-04,2025-03-18,0
C01309,1,10931.25,10931.25,2025-02-06,2025-02-06,0
C04381,3,10921.20,3640.40,2025-02-05,2025-11-01,8
C01273,3,10917.25,3639.08,2024-03-29,2025-12-26,20
C01336,1,10896.35,10896.35,2025-02-19,2025-02-19,0
C01840,3,10896.30,3632.10,2024-03-05,2025-12-07,21
C02954,2,10885.25,5442.63,2024-10-24,2025-07-30,9
C02195,2,10873.40,5436.70,2024-03-07,2025-09-26,18
C00562,3,10853.80,3617.93,2024-04-11,2025-01-08,8
C04277,2,10845.35,5422.68,2025-08-12,2025-11-18,3
C00814,1,10825.25,10825.25,2024-12-02,2024-12-02,0
C04335,2,10806.30,5403.15,2024-05-25,2025-03-08,9
C02474,1,10798.20,10798.20,2024-01-26,2024-01-26,0
C00460,1,10797.30,10797.30,2025-02-25,2025-02-25,0
C02372,1,10797.30,10797.30,2024-04-27,2024-04-27,0
C01012,2,10795.15,5397.58,2024-03-31,2025-11-13,19
C02286,2,10784.35,5392.18,2025-05-31,2025-11-19,5
C02784,3,10750.65,3583.55,2024-05-26,2025-12-22,18
C03850,1,10747.10,10747.10,2025-09-05,2025-09-05,0
C03463,2,10745.20,5372.60,2024-11-05,2024-12-23,1
C00582,2,10735.50,5367.75,2024-02-08,2025-08-13,18
C03502,2,10735.10,5367.55,2024-02-23,2024-04-15,1
C02812,2,10706.40,5353.20,2025-07-15,2025-08-29,1
C04154,3,10704.45,3568.15,2024-04-12,2024-12-31,8
C03005,1,10697.20,10697.20,2024-02-12,2024-02-12,0
C04344,4,10682.65,2670.66,2024-04-28,2025-12-10,19
C03400,1,10675.60,10675.60,2025-06-24,2025-06-24,0
C04376,2,10674.45,5337.23,2024-01-09,2024-07-14,6
C01067,2,10672.80,5336.40,2024-06-03,2024-10-26,4
C04003,2,10661.30,5330.65,2024-12-03,2025-12-05,12
C03630,2,10656.20,5328.10,2024-04-01,2025-07-06,15
C00943,2,10614.10,5307.05,2024-09-09,2024-12-16,3
C01173,4,10613.35,2653.34,2024-05-25,2025-08-26,15
C04705,2,10577.10,5288.55,2024-05-12,2024-12-07,6
C00873,2,10575.30,5287.65,2025-06-10,2025-09-28,3
C03270,4,10561.30,2640.33,2024-03-03,2025-08-14,17
C03889,3,10545.55,3515.18,2024-02-23,2024-12-12,9
C02759,2,10535.25,5267.63,2024-02-15,2025-04-03,13
C04672,1,10515.10,10515.10,2025-11-02,2025-11-02,0
C02538,1,10510.65,10510.65,2025-06-23,2025-06-23,0
C02978,1,10497.00,10497.00,2024-06-24,2024-06-24,0
C01123,3,10495.70,3498.57,2024-06-11,2025-01-10,6
C03526,2,10489.50,5244.75,2024-09-15,2024-10-23,1
C04442,2,10477.55,5238.78,2024-10-31,2025-12-15,13
C00857,3,10471.60,3490.53,2024-01-06,2025-01-30,12
C04302,3,10470.50,3490.17,2025-08-01,2025-11-20,3
C04581,1,10445.50,10445.50,2024-04-13,2024-04-13,0
C04704,3,10445.15,3481.72,2024-03-23,2025-11-19,19
C02843,2,10434.30,5217.15,2024-01-03,2024-08-13,7
C01229,1,10426.35,10426.35,2025-03-01,2025-03-01,0
C02663,4,10419.40,2604.85,2024-03-17,2025-11-23,20
C02424,3,10411.45,3470.48,2024-04-20,2025-05-04,12
C02461,2,10401.75,5200.88,2024-02-03,2024-09-07,7
C04238,2,10396.20,5198.10,2024-07-30,2025-08-01,12
C01582,2,10395.40,5197.70,2024-02-20,2025-06-24,16
C04523,2,10391.85,5195.93,2024-02-28,2025-11-09,20
C02233,3,10384.70,3461.57,2024-03-08,2025-06-13,15
C03320,4,10378.75,2594.69,2024-05-14,2025-07-22,14
C03751,1,10370.05,10370.05,2024-02-27,2024-02-27,0
C00288,4,10366.45,2591.61,2024-06-19,2025-08-03,13
C04785,2,10348.20,5174.10,2025-02-21,2025-07-12,4
C03041,4,10347.90,2586.98,2024-02-03,2025-05-10,15
C04840,3,10346.40,3448.80,2024-07-14,2024-12-11,4
C02532,4,10303.50,2575.88,2024-01-27,2025-05-16,15
C04120,3,10285.25,3428.42,2024-09-07,2025-11-03,13
C03431,2,10276.20,5138.10,2025-08-09,2025-08-15,0
C02294,2,10261.15,5130.58,2024-01-20,2024-07-06,5
C02990,2,10255.60,5127.80,2024-04-17,2025-11-18,19
C01080,2,10247.30,5123.65,2025-03-13,2025-06-30,3
C02066,1,10236.30,10236.30,2025-10-25,2025-10-25,0
C00755,3,10216.05,3405.35,2024-11-24,2025-05-15,5
C03257,2,10202.40,5101.20,2024-08-07,2025-10-14,14
C04584,2,10197.40,5098.70,2025-03-03,2025-10-23,7
C02947,2,10196.00,5098.00,2024-12-13,2025-07-23,7
C01741,4,10188.15,2547.04,2024-01-24,2025-07-21,17
C02003,3,10185.70,3395.23,2024-09-10,2025-09-17,12
C01970,2,10181.40,5090.70,2024-04-23,2025-01-13,8
C00647,2,10175.35,5087.68,2024-06-13,2024-07-21,1
C04112,2,10147.10,5073.55,2024-11-03,2025-05-04,6
C00488,2,10146.10,5073.05,2024-03-25,2025-11-21,19
C02208,2,10112.85,5056.43,2025-03-02,2025-08-23,5
C00475,4,10104.35,2526.09,2024-08-07,2025-02-13,6
C00888,2,10100.45,5050.23,2024-04-10,2024-10-18,6
C04846,1,10096.35,10096.35,2025-12-02,2025-12-02,0
C02246,2,10096.20,5048.10,2024-12-09,2025-08-18,8
C03312,2,10095.00,5047.50,2024-02-24,2024-07-10,4
C00645,2,10063.60,5031.80,2024-01-31,2025-12-18,22
C00291,1,10047.10,10047.10,2024-10-15,2024-10-15,0
C03086,3,10045.25,3348.42,2024-01-10,2025-03-10,14
C01728,1,10040.45,10040.45,2025-01-08,2025-01-08,0
C03590,2,10035.35,5017.68,2024-05-04,2025-10-02,16
C03499,4,9996.45,2499.11,2024-12-06,2025-04-22,4
C02141,1,9986.55,9986.55,2025-03-29,2025-03-29,0
C03459,3,9961.30,3320.43,2024-02-16,2025-05-27,15
C00770,2,9947.05,4973.53,2025-04-30,2025-12-23,7
C04589,2,9908.15,4954.08,2024-12-02,2025-06-24,6
C04447,2,9905.40,4952.70,2024-06-11,2024-10-25,4
C03975,2,9896.40,4948.20,2025-01-24,2025-11-29,10
C02445,2,9888.75,4944.38,2024-10-10,2025-08-18,10
C02323,4,9875.15,2468.79,2024-04-13,2024-12-29,8
C04600,2,9872.50,4936.25,2024-08-18,2025-06-12,9
C02901,3,9859.10,3286.37,2024-05-09,2025-11-05,17
C02156,4,9853.70,2463.43,2024-02-21,2025-04-10,13
C01669,3,9812.45,3270.82,2024-04-25,2025-05-26,13
C04791,1,9756.20,9756.20,2024-02-01,2024-02-01,0
C03247,2,9747.10,4873.55,2024-08-19,2025-12-19,16
C03029,2,9739.20,4869.60,2025-04-04,2025-09-21,5
C03223,2,9734.70,4867.35,2024-07-03,2025-01-09,6
C02497,3,9724.35,3241.45,2024-08-30,2025-09-13,12
C03588,2,9717.20,4858.60,2025-03-01,2025-09-13,6
C00712,1,9695.50,9695.50,2025-11-25,2025-11-25,0
C00115,2,9655.60,4827.80,2024-08-25,2024-11-05,2
C04042,2,9647.20,4823.60,2024-08-15,2025-01-07,4
C04239,2,9646.20,4823.10,2025-07-08,2025-09-02,1
C01648,2,9645.60,4822.80,2024-10-03,2024-10-10,0
C03022,2,9645.45,4822.73,2025-02-28,2025-12-18,9
C00368,2,9639.70,4819.85,2024-09-18,2025-01-09,3
C03211,3,9635.60,3211.87,2024-05-15,2025-04-27,11
C03534,1,9634.60,9634.60,2025-09-19,2025-09-19,0
C02193,1,9626.30,9626.30,2024-10-23,2024-10-23,0
C04774,3,9615.50,3205.17,2024-01-10,2025-03-20,14
C03847,2,9609.80,4804.90,2024-05-14,2024-10-13,4
C01757,2,9596.10,4798.05,2024-05-24,2024-10-07,4
C00375,5,9593.55,1918.71,2024-06-02,2025-09-29,15
C04689,2,9591.30,4795.65,2024-08-29,2025-10-08,13
C04718,2,9586.45,4793.23,2024-10-25,2024-10-30,0
C02821,3,9581.40,3193.80,2024-11-06,2025-07-13,8
C01231,4,9575.50,2393.88,2024-05-28,2025-04-10,10
C03677,4,9571.35,2392.84,2024-01-16,2025-07-20,18
C01489,3,9563.40,3187.80,2024-05-21,2025-05-09,11
C03476,4,9559.40,2389.85,2024-03-03,2024-12-21,9
C01083,4,9556.25,2389.06,2024-03-14,2025-05-29,14
C04009,1,9555.50,9555.50,2024-12-07,2024-12-07,0
C04697,4,9554.55,2388.64,2024-07-26,2025-12-11,16
C04332,2,9550.55,4775.28,2025-08-07,2025-12-27,4
C02397,3,9538.35,3179.45,2024-11-15,2025-03-12,3
C01141,1,9536.40,9536.40,2024-02-07,2024-02-07,0
C02159,2,9516.50,4758.25,2024-06-13,2025-01-10,6
C02848,3,9512.85,3170.95,2024-03-12,2024-07-08,3
C01978,4,9506.95,2376.74,2024-09-05,2025-03-06,6
C01112,2,9503.45,4751.73,2024-08-04,2025-12-13,16
C02480,2,9502.75,4751.38,2024-08-25,2025-12-01,15
C04590,2,9499.45,4749.73,2024-03-03,2025-07-06,16
C03734,1,9495.30,9495.30,2025-09-09,2025-09-09,0
C04682,3,9494.55,3164.85,2024-05-17,2025-07-30,14
C00091,1,9473.60,9473.60,2025-11-18,2025-11-18,0
C03279,3,9458.05,3152.68,2024-04-30,2025-07-04,14
C03772,2,9448.20,4724.10,2024-06-30,2025-11-14,16
C01091,1,9447.30,9447.30,2025-06-13,2025-06-13,0
C02054,3,9438.65,3146.22,2024-09-20,2025-02-15,4
C01305,4,9425.45,2356.36,2024-01-07,2025-09-30,20
C04550,1,9416.20,9416.20,2025-09-25,2025-09-25,0
C03083,2,9404.70,4702.35,2024-03-15,2024-07-02,3
C04504,2,9403.80,4701.90,2024-07-07,2024-12-20,5
C03497,2,9394.60,4697.30,2024-11-02,2025-03-06,4
C01224,2,9380.30,4690.15,2024-01-12,2024-05-16,4
C03948,3,9371.50,3123.83,2025-04-20,2025-08-03,3
C02681,2,9370.50,4685.25,2025-05-17,2025-05-28,0
C00628,3,9315.55,3105.18,2024-04-23,2025-09-04,16
C01818,4,9315.45,2328.86,2024-04-03,2025-10-06,18
C02058,1,9297.20,9297.20,2025-12-08,2025-12-08,0
C04990,1,9297.20,9297.20,2025-10-13,2025-10-13,0
C00376,2,9256.25,4628.13,2024-03-25,2024-07-23,3
C03121,1,9247.10,9247.10,2024-12-17,2024-12-17,0
C04649,1,9246.45,9246.45,2025-04-24,2025-04-24,0
C02699,2,9243.70,4621.85,2024-05-29,2024-07-02,1
C01004,3,9238.35,3079.45,2024-06-11,2025-06-25,12
C01505,1,9222.35,9222.35,2024-07-02,2024-07-02,0
C03076,3,9213.80,3071.27,2024-04-06,2025-10-06,18
C04665,3,9213.20,3071.07,2024-01-08,2025-09-17,20
C02298,2,9210.35,4605.18,2025-03-02,2025-12-09,9
C02374,1,9206.60,9206.60,2024-09-06,2024-09-06,0
C00721,3,9198.80,3066.27,2024-03-27,2025-05-12,13
C02288,2,9195.35,4597.68,2024-03-23,2024-12-24,9
C02985,1,9167.25,9167.25,2024-07-04,2024-07-04,0
C04632,3,9157.45,3052.48,2024-04-26,2025-08-18,15
C00132,1,9147.40,9147.40,2025-08-21,2025-08-21,0
C01050,3,9146.35,3048.78,2025-03-03,2025-12-01,8
C01889,1,9141.30,9141.30,2025-05-25,2025-05-25,0
C04108,1,9131.35,9131.35,2024-10-17,2024-10-17,0
C04077,3,9113.90,3037.97,2024-01-25,2025-12-29,23
C01802,2,9111.25,4555.63,2024-05-10,2025-09-14,16
C02970,2,9110.30,4555.15,2024-04-03,2025-11-22,19
C04333,1,9097.30,9097.30,2024-04-08,2024-04-08,0
C01018,1,9097.10,9097.10,2024-01-08,2024-01-08,0
C02721,4,9095.30,2273.83,2024-06-07,2024-08-02,1
C03871,3,9095.00,3031.67,2024-06-11,2024-09-15,3
C04885,2,9090.60,4545.30,2024-04-08,2024-08-27,4
C03619,2,9073.65,4536.83,2024-01-19,2024-09-04,7
C01280,4,9072.70,2268.18,2024-01-08,2025-07-04,17
C02070,1,9064.80,9064.80,2024-11-14,2024-11-14,0
C04666,3,9060.35,3020.12,2024-06-16,2025-11-18,17
C03966,2,9047.25,4523.63,2025-09-25,2025-12-30,3
C02818,1,9007.45,9007.45,2024-06-04,2024-06-04,0
C04966,1,8998.30,8998.30,2025-02-26,2025-02-26,0
C02365,1,8998.00,8998.00,2024-06-10,2024-06-10,0
C03836,1,8998.00,8998.00,2025-09-03,2025-09-03,0
C00546,1,8997.30,8997.30,2024-03-19,2024-03-19,0
C04915,1,8997.15,8997.15,2024-06-04,2024-06-04,0
C03366,1,8997.00,8997.00,2024-01-11,2024-01-11,0
C00690,3,8996.35,2998.78,2024-09-14,2025-05-30,8
C01761,1,8995.15,8995.15,2025-07-09,2025-07-09,0
C02560,4,8994.55,2248.64,2024-03-24,2024-10-12,6
C01102,2,8976.20,4488.10,2024-06-21,2024-12-16,5
C03196,4,8974.55,2243.64,2024-04-05,2025-11-07,19
C03623,1,8972.30,8972.30,2024-08-01,2024-08-01,0
C02158,1,8964.50,8964.50,2024-11-30,2024-11-30,0
C00148,2,8961.40,4480.70,2024-03-18,2025-06-26,15
C00795,2,8961.20,4480.60,2024-07-24,2025-05-21,9
C01820,1,8946.10,8946.10,2025-03-20,2025-03-20,0
C03733,3,8935.65,2978.55,2024-01-16,2025-11-07,21
C01906,3,8925.50,2975.17,2024-12-04,2025-11-25,11
C01773,2,8906.45,4453.23,2025-06-28,2025-07-09,0
C03487,2,8905.50,4452.75,2024-09-11,2025-01-30,4
C03880,2,8895.35,4447.68,2024-08-10,2025-12-25,16
C01671,3,8881.25,2960.42,2024-02-01,2024-10-08,8
C01499,2,8860.30,4430.15,2024-08-03,2025-12-18,16
C02509,2,8856.35,4428.18,2025-01-27,2025-03-16,1
C01929,3,8850.45,2950.15,2024-04-04,2024-12-07,8
C02184,1,8848.30,8848.30,2024-11-29,2024-11-29,0
C00237,1,8848.15,8848.15,2024-07-01,2024-07-01,0
C03168,3,8835.35,2945.12,2024-01-01,2025-02-21,13
C04897,1,8817.30,8817.30,2025-10-22,2025-10-22,0
C01387,2,8816.05,4408.03,2024-03-29,2024-05-02,1
C02601,2,8814.35,4407.18,2024-06-23,2025-12-12,17
C01431,2,8810.55,4405.28,2024-09-15,2025-05-18,8
C01026,2,8805.70,4402.85,2024-12-17,2025-06-24,6
C03071,1,8796.40,8796.40,2025-02-17,2025-02-17,0
C03252,1,8774.10,8774.10,2025-09-13,2025-09-13,0
C01207,2,8760.35,4380.18,2025-07-31,2025-12-31,5
C03035,3,8754.70,2918.23,2025-03-10,2025-06-27,3
C01864,2,8735.60,4367.80,2024-05-11,2025-11-13,18
C00512,2,8721.05,4360.53,2024-05-17,2025-04-23,11
C02099,1,8707.10,8707.10,2024-06-17,2024-06-17,0
C02265,1,8697.50,8697.50,2024-08-02,2024-08-02,0
C00164,2,8697.40,4348.70,2025-02-05,2025-08-22,6
C04064,2,8694.25,4347.13,2024-01-30,2025-12-29,22
C01089,2,8692.35,4346.18,2024-01-28,2025-03-31,14
C00142,3,8673.80,2891.27,2024-07-31,2025-07-29,11
C04603,3,8645.45,2881.82,2024-09-24,2025-08-24,11
C03701,2,8637.20,4318.60,2024-05-29,2025-10-16,16
C00149,3,8615.20,2871.73,2024-03-24,2025-06-29,15
C00470,2,8601.35,4300.68,2024-02-14,2024-09-29,7
C00360,2,8596.10,4298.05,2024-11-10,2025-12-12,13
C03042,2,8592.15,4296.08,2025-07-27,2025-10-25,2
C02319,2,8591.35,4295.68,2024-05-19,2024-08-16,2
C00036,3,8579.55,2859.85,2024-07-04,2025-11-26,16
C00452,2,8572.25,4286.13,2024-06-15,2025-04-07,9
C03323,3,8569.35,2856.45,2024-02-08,2025-01-10,11
C03367,2,8549.65,4274.83,2024-07-08,2025-12-28,17
C00912,1,8548.10,8548.10,2024-04-05,2024-04-05,0
C02223,2,8548.10,4274.05,2024-07-05,2024-12-16,5
C02734,1,8548.10,8548.10,2024-08-15,2024-08-15,0
C04811,1,8548.10,8548.10,2024-02-19,2024-02-19,0
C02563,1,8546.20,8546.20,2025-10-07,2025-10-07,0
C02478,1,8524.50,8524.50,2025-05-30,2025-05-30,0
C00758,3,8516.30,2838.77,2024-01-09,2025-01-13,12
C02431,3,8511.40,2837.13,2024-05-25,2025-06-17,12
C02353,1,8498.00,8498.00,2025-01-22,2025-01-22,0
C02840,1,8498.00,8498.00,2024-01-21,2024-01-21,0
C01272,3,8497.20,2832.40,2024-05-07,2025-12-30,19
C03990,1,8483.85,8483.85,2024-02-09,2024-02-09,0
C04830,3,8478.70,2826.23,2024-03-24,2025-10-31,19
C03249,2,8455.30,4227.65,2024-09-04,2025-11-01,13
C02666,2,8447.05,4223.53,2024-07-13,2025-10-07,14
C04676,2,8441.30,4220.65,2024-01-03,2024-03-05,2
C04612,2,8436.30,4218.15,2024-08-11,2025-07-16,11
C01183,1,8406.35,8406.35,2025-01-29,2025-01-29,0
C02213,2,8395.10,4197.55,2024-04-28,2024-10-19,5
C02556,2,8386.20,4193.10,2024-04-04,2025-09-22,17
C01153,3,8355.50,2785.17,2024-09-29,2025-12-03,14
C04598,2,8351.25,4175.63,2025-07-17,2025-08-20,1
C01332,3,8350.30,2783.43,2024-05-04,2025-10-12,17
C04776,2,8347.20,4173.60,2024-04-28,2024-07-27,2
C00735,2,8337.35,4168.68,2024-02-28,2024-05-05,2
C03023,2,8325.60,4162.80,2024-06-02,2025-03-08,9
C04608,2,8322.25,4161.13,2025-03-09,2025-11-08,7
C02016,2,8321.05,4160.53,2024-04-05,2025-12-07,20
C00037,1,8295.80,8295.80,2025-09-21,2025-09-21,0
C03428,2,8282.25,4141.13,2024-02-25,2024-11-14,8
C00720,1,8273.05,8273.05,2024-03-14,2024-03-14,0
C03765,2,8272.20,4136.10,2025-10-08,2025-10-20,0
C00947,3,8267.20,2755.73,2024-10-01,2025-02-15,4
C00567,4,8255.50,2063.88,2024-02-24,2025-09-23,18
C02477,2,8250.30,4125.15,2024-05-26,2025-06-02,12
C01281,2,8248.10,4124.05,2024-03-18,2024-06-18,3
C01442,1,8247.15,8247.15,2024-05-25,2024-05-25,0
C04446,2,8235.60,4117.80,2025-02-24,2025-09-02,6
C03436,2,8225.20,4112.60,2024-01-29,2025-04-18,14
C03241,2,8205.30,4102.65,2024-06-15,2025-07-23,13
C03669,1,8200.35,8200.35,2024-07-05,2024-07-05,0
C00222,1,8196.00,8196.00,2025-03-31,2025-03-31,0
C01641,2,8191.40,4095.70,2024-05-10,2024-12-17,7
C02102,2,8185.15,4092.58,2024-01-06,2025-03-07,14
C02993,4,8184.35,2046.09,2024-02-10,2025-05-03,14
C04438,1,8174.45,8174.45,2024-01-02,2024-01-02,0
C04996,3,8171.25,2723.75,2024-06-18,2025-02-28,8
C03818,4,8166.25,2041.56,2024-05-12,2025-10-25,17
C00867,1,8165.25,8165.25,2025-11-30,2025-11-30,0
C01527,2,8126.30,4063.15,2025-07-10,2025-11-09,3
C02291,2,8125.35,4062.68,2024-11-03,2025-09-05,10
C04934,3,8112.30,2704.10,2024-07-18,2024-12-09,4
C01587,2,8111.35,4055.68,2024-06-01,2025-02-19,8
C00881,2,8106.40,4053.20,2024-02-22,2025-05-11,14
C02771,2,8105.05,4052.53,2025-06-18,2025-08-07,1
C03683,1,8098.20,8098.20,2024-09-08,2024-09-08,0
C03930,1,8098.20,8098.20,2025-11-10,2025-11-10,0
C04085,1,8098.20,8098.20,2024-11-26,2024-11-26,0
C04657,1,8098.20,8098.20,2025-10-30,2025-10-30,0
C00513,2,8098.10,4049.05,2024-04-24,2024-10-23,5
C02448,1,8097.30,8097.30,2024-04-12,2024-04-12,0
C00501,2,8096.40,4048.20,2025-03-25,2025-05-14,1
C03254,3,8096.00,2698.67,2024-03-30,2025-09-26,17
C02317,2,8084.60,4042.30,2025-07-01,2025-11-01,4
C02799,1,8080.10,8080.10,2025-08-30,2025-08-30,0
C03060,2,8076.30,4038.15,2024-02-11,2024-12-24,10
C01425,1,8072.25,8072.25,2024-01-09,2024-01-09,0
C01470,2,8071.20,4035.60,2024-08-26,2025-09-19,12
C01614,2,8070.60,4035.30,2025-03-27,2025-09-03,5
C02053,2,8053.45,4026.73,2024-09-06,2025-09-27,12
C02060,3,8033.95,2677.98,2024-11-10,2025-05-26,6
C01374,2,8026.30,4013.15,2024-06-25,2025-03-31,9
C01447,3,8011.15,2670.38,2024-06-06,2025-09-16,15
C01041,2,7998.00,3999.00,2025-05-21,2025-05-26,0
C02894,2,7997.05,3998.53,2024-08-24,2025-11-03,14
C01666,1,7996.00,7996.00,2025-01-08,2025-01-08,0
C01214,2,7995.40,3997.70,2024-04-17,2025-03-09,10
C01301,2,7987.20,3993.60,2025-07-20,2025-12-07,4
C01088,1,7977.15,7977.15,2025-10-09,2025-10-09,0
C02925,1,7976.20,7976.20,2025-06-20,2025-06-20,0
C00087,3,7968.15,2656.05,2024-07-04,2025-12-26,17
C02856,3,7945.05,2648.35,2024-01-30,2024-07-08,5
C00765,3,7944.50,2648.17,2024-01-02,2025-03-21,14
C04257,2,7941.45,3970.73,2025-12-13,2025-12-24,0
C02938,2,7935.30,3967.65,2024-05-13,2024-10-30,5
C03774,4,7925.35,1981.34,2024-03-06,2025-06-22,15
C00340,2,7922.05,3961.03,2025-01-14,2025-09-19,8
C04097,1,7911.35,7911.35,2025-01-09,2025-01-09,0
C04095,2,7900.75,3950.38,2024-10-22,2025-02-14,3
C02757,2,7897.00,3948.50,2024-05-25,2025-09-20,15
C04075,4,7894.65,1973.66,2024-02-26,2025-07-25,16
C04354,4,7890.45,1972.61,2024-02-26,2025-12-06,21
C02594,3,7889.15,2629.72,2024-12-22,2025-04-07,3
C00975,2,7882.15,3941.08,2024-08-02,2024-12-06,4
C03946,2,7881.35,3940.68,2024-09-18,2024-09-27,0
C01604,3,7880.25,2626.75,2024-05-26,2025-03-05,9
C00467,1,7848.15,7848.15,2024-06-07,2024-06-07,0
C01403,1,7847.40,7847.40,2024-05-17,2024-05-17,0
C03787,2,7836.45,3918.23,2024-12-29,2025-02-04,1
C01797,3,7817.35,2605.78,2025-02-03,2025-12-15,10
C02859,2,7816.30,3908.15,2024-03-01,2025-12-14,21
C00648,2,7816.10,3908.05,2024-01-31,2025-02-03,12
C01547,2,7814.80,3907.40,2024-02-23,2024-09-22,6
C00309,3,7805.75,2601.92,2024-10-26,2025-11-30,13
C04728,2,7776.25,3888.13,2024-10-10,2025-06-03,7
C00903,1,7773.05,7773.05,2024-05-01,2024-05-01,0
C02412,1,7752.20,7752.20,2025-03-03,2025-03-03,0
C01323,1,7750.30,7750.30,2025-06-02,2025-06-02,0
C03399,2,7747.20,3873.60,2024-01-12,2024-07-15,6
C02028,3,7745.40,2581.80,2025-01-12,2025-10-29,9
C04641,1,7737.25,7737.25,2025-03-12,2025-03-12,0
C02205,3,7730.40,2576.80,2024-03-06,2024-11-26,8
C01036,2,7726.40,3863.20,2024-01-09,2024-12-26,11
C02484,2,7725.60,3862.80,2024-01-13,2025-06-21,17
C01796,1,7721.45,7721.45,2024-07-19,2024-07-19,0
C00904,2,7695.60,3847.80,2024-03-05,2024-07-06,4
C04082,2,7690.15,3845.08,2024-06-23,2024-09-13,2
C02838,2,7687.50,3843.75,2024-10-07,2025-03-18,5
C00823,2,7677.20,3838.60,2024-03-06,2025-11-21,20
C00003,3,7660.40,2553.47,2024-10-11,2025-10-18,12
C03868,1,7651.65,7651.65,2024-10-11,2024-10-11,0
C02543,1,7648.30,7648.30,2024-09-14,2024-09-14,0
C02645,1,7648.30,7648.30,2025-04-03,2025-04-03,0
C02769,1,7648.30,7648.30,2024-09-09,2024-09-09,0
C03384,1,7648.30,7648.30,2025-01-29,2025-01-29,0
C01677,1,7647.45,7647.45,2025-11-15,2025-11-15,0
C01683,2,7647.30,3823.65,2025-05-19,2025-12-25,7
C03163,3,7636.25,2545.42,2024-04-13,2025-05-15,13
C02632,3,7624.45,2541.48,2025-05-14,2025-12-17,7
C04812,2,7622.35,3811.18,2025-02-13,2025-07-15,5
C04023,1,7615.10,7615.10,2025-03-27,2025-03-27,0
C00790,3,7611.20,2537.07,2024-05-11,2025-09-24,16
C02636,1,7598.10,7598.10,2025-10-05,2025-10-05,0
C04987,1,7598.10,7598.10,2024-07-25,2024-07-25,0
C00978,1,7597.15,7597.15,2025-02-03,2025-02-03,0
C02792,2,7597.05,3798.53,2024-10-25,2024-12-17,1
C01330,2,7596.10,3798.05,2024-02-06,2024-10-14,8
C01252,2,7594.00,3797.00,2024-03-14,2025-01-26,10
C00409,4,7585.30,1896.33,2024-07-25,2025-11-08,15
C01034,2,7575.40,3787.70,2024-07-04,2024-08-10,1
C04913,2,7566.40,3783.20,2024-06-03,2025-05-29,11
C04267,2,7566.25,3783.13,2025-05-15,2025-06-01,0
C00158,2,7562.20,3781.10,2024-11-28,2025-06-16,6
C02388,1,7561.60,7561.60,2025-01-17,2025-01-17,0
C03625,1,7556.40,7556.40,2025-12-20,2025-12-20,0
C02705,1,7548.10,7548.10,2025-07-26,2025-07-26,0
C04524,3,7546.35,2515.45,2024-04-07,2025-08-03,15
C00047,4,7543.80,1885.95,2024-08-27,2025-11-12,14
C03702,2,7540.70,3770.35,2025-06-26,2025-09-25,2
C04722,3,7535.85,2511.95,2024-01-26,2025-06-29,17
C02088,2,7527.15,3763.58,2024-05-26,2025-08-27,15
C04518,2,7512.35,3756.18,2024-02-07,2024-05-01,2
C01503,2,7506.45,3753.23,2024-03-17,2024-12-04,8
C03019,3,7503.75,2501.25,2024-03-07,2025-06-02,14
C01483,3,7500.65,2500.22,2024-01-04,2025-07-05,18
C04667,1,7497.25,7497.25,2025-12-22,2025-12-22,0
C01296,1,7497.15,7497.15,2024-05-27,2024-05-27,0
C04778,1,7476.35,7476.35,2024-03-10,2024-03-10,0
C00116,2,7476.30,3738.15,2024-05-05,2024-12-02,6
C01544,2,7472.05,3736.03,2024-06-14,2024-10-03,3
C00654,2,7466.50,3733.25,2024-09-06,2025-09-20,12
C04854,2,7466.40,3733.20,2024-10-26,2024-11-14,0
C03814,2,7465.50,3732.75,2024-09-14,2025-12-31,15
C01534,3,7459.55,2486.52,2024-03-24,2025-07-12,15
C04836,3,7454.70,2484.90,2025-09-02,2025-12-13,3
C04643,1,7448.25,7448.25,2024-06-22,2024-06-22,0
C01016,5,7445.45,1489.09,2024-09-21,2025-12-10,14
C04663,1,7437.20,7437.20,2024-02-25,2024-02-25,0
C04059,1,7435.35,7435.35,2024-07-25,2024-07-25,0
C02494,2,7425.50,3712.75,2024-03-14,2025-10-26,19
C00009,2,7419.50,3709.75,2024-08-13,2024-12-23,4
C04884,2,7410.35,3705.18,2024-09-27,2025-09-30,12
C01277,3,7404.65,2468.22,2024-02-10,2025-02-21,12
C04215,1,7396.40,7396.40,2025-12-20,2025-12-20,0
C01734,3,7385.40,2461.80,2025-03-13,2025-12-31,9
C03212,3,7385.40,2461.80,2024-02-21,2025-06-28,16
C03984,1,7373.15,7373.15,2024-01-10,2024-01-10,0
C01626,2,7347.25,3673.63,2024-08-28,2025-02-01,5
C03742,2,7346.15,3673.08,2024-10-24,2025-11-18,12
C01667,3,7335.40,2445.13,2024-08-07,2025-05-01,8
C00733,3,7332.45,2444.15,2024-07-04,2024-11-11,4
C02948,1,7317.10,7317.10,2024-11-08,2024-11-08,0
C04715,1,7316.30,7316.30,2025-04-27,2025-04-27,0
C03846,2,7301.40,3650.70,2024-03-27,2025-07-23,15
C03583,1,7287.30,7287.30,2024-02-26,2024-02-26,0
C02717,2,7275.45,3637.73,2024-04-30,2024-08-27,3
C02381,1,7256.20,7256.20,2025-06-20,2025-06-20,0
C02801,3,7255.20,2418.40,2024-03-17,2025-10-14,18
C00141,2,7242.25,3621.13,2025-01-11,2025-10-19,9
C02751,2,7236.35,3618.18,2024-05-21,2024-11-18,5
C02809,1,7227.35,7227.35,2025-06-12,2025-06-12,0
C04032,1,7216.20,7216.20,2024-06-08,2024-06-08,0
C02436,2,7215.25,3607.63,2024-03-27,2025-05-12,13
C01958,1,7198.40,7198.40,2024-03-09,2024-03-09,0
C00327,1,7198.20,7198.20,2025-09-10,2025-09-10,0
C02328,1,7198.20,7198.20,2025-02-14,2025-02-14,0
C02527,1,7198.20,7198.20,2025-08-09,2025-08-09,0
C02440,2,7198.10,3599.05,2025-03-26,2025-06-05,2
C00998,1,7197.60,7197.60,2025-03-12,2025-03-12,0
C01517,1,7196.00,7196.00,2024-02-02,2024-02-02,0
C00011,2,7194.40,3597.20,2025-08-14,2025-12-24,4
C00219,2,7186.55,3593.28,2024-01-15,2024-03-11,1
C02781,1,7149.65,7149.65,2024-10-03,2024-10-03,0
C02418,2,7148.10,3574.05,2024-05-06,2025-11-13,18
C04072,2,7146.25,3573.13,2024-12-22,2025-06-01,5
C02711,2,7138.15,3569.08,2024-12-10,2025-06-20,6
C02396,1,7138.05,7138.05,2024-04-06,2024-04-06,0
C00595,1,7127.55,7127.55,2025-11-14,2025-11-14,0
C02172,2,7121.20,3560.60,2024-12-03,2025-12-29,12
C03179,1,7120.55,7120.55,2025-09-17,2025-09-17,0
C00136,1,7108.20,7108.20,2024-01-23,2024-01-23,0
C03676,1,7107.30,7107.30,2025-12-29,2025-12-29,0
C01181,1,7107.25,7107.25,2025-05-17,2025-05-17,0
C00338,4,7103.25,1775.81,2024-10-15,2025-05-20,7
C01099,2,7100.45,3550.23,2024-06-24,2025-06-30,12
C04405,1,7097.35,7097.35,2024-05-27,2024-05-27,0
C04174,1,7097.30,7097.30,2025-05-26,2025-05-26,0
C03505,1,7097.10,7097.10,2025-01-02,2025-01-02,0
C02598,4,7094.20,1773.55,2024-02-10,2025-10-05,19
C02344,2,7093.95,3546.98,2024-01-09,2024-10-27,9
C03391,2,7087.20,3543.60,2024-03-23,2025-07-06,15
C02858,1,7077.40,7077.40,2024-01-24,2024-01-24,0
C02607,1,7076.40,7076.40,2024-07-30,2024-07-30,0
C00780,2,7076.30,3538.15,2024-03-08,2024-06-14,3
C00946,4,7075.35,1768.84,2024-03-10,2025-04-22,13
C03489,2,7062.45,3531.23,2024-02-08,2025-01-16,11
C04727,1,7062.20,7062.20,2025-03-28,2025-03-28,0
C04130,2,7062.15,3531.08,2025-02-19,2025-06-06,3
C02682,2,7058.20,3529.10,2024-05-02,2025-10-12,17
C01759,1,7052.45,7052.45,2024-04-30,2024-04-30,0
C02177,1,7051.45,7051.45,2024-06-23,2024-06-23,0
C02119,1,7041.50,7041.50,2025-09-05,2025-09-05,0
C00468,2,7034.45,3517.23,2024-09-21,2025-03-29,6
C04960,1,7031.25,7031.25,2024-01-22,2024-01-22,0
C04408,1,7026.20,7026.20,2025-08-05,2025-08-05,0
C04604,2,7018.20,3509.10,2024-06-06,2024-09-16,3
C02219,2,7018.20,3509.10,2024-12-05,2025-02-10,2
C04245,3,7017.20,2339.07,2024-08-03,2025-12-05,16
C01828,1,7007.45,7007.45,2025-01-10,2025-01-10,0
C04841,2,7006.10,3503.05,2024-07-03,2024-12-30,5
C00367,1,6998.00,6998.00,2025-05-14,2025-05-14,0
C01606,3,6995.10,2331.70,2024-09-09,2025-05-19,8
C00442,2,6973.15,3486.58,2024-11-10,2025-08-27,9
C03691,1,6966.45,6966.45,2024-12-18,2024-12-18,0
C01064,3,6946.25,2315.42,2024-06-02,2025-11-30,17
C03807,1,6926.25,6926.25,2025-05-20,2025-05-20,0
C04899,1,6925.45,6925.45,2025-06-29,2025-06-29,0
C02604,2,6925.10,3462.55,2025-04-18,2025-05-14,0
C04857,2,6922.15,3461.08,2024-07-19,2025-04-15,8
C04195,1,6918.15,6918.15,2025-08-26,2025-08-26,0
C02094,3,6909.55,2303.18,2024-01-30,2024-12-29,10
C04202,1,6905.10,6905.10,2024-08-11,2024-08-11,0
C04158,4,6900.15,1725.04,2024-03-13,2025-06-05,14
C04614,2,6866.60,3433.30,2024-03-05,2024-07-21,4
C03757,1,6866.35,6866.35,2024-06-17,2024-06-17,0
C03432,2,6864.55,3432.28,2024-01-17,2024-04-25,3
C00685,2,6852.05,3426.03,2024-04-19,2025-10-29,18
C03435,2,6851.40,3425.70,2024-03-17,2024-10-28,7
C02260,1,6836.20,6836.20,2024-09-23,2024-09-23,0
C00743,2,6834.45,3417.23,2024-04-26,2024-06-03,1
C01583,2,6801.40,3400.70,2024-01-09,2025-09-09,20
C03258,1,6797.45,6797.45,2025-04-17,2025-04-17,0
C01188,2,6797.10,3398.55,2024-02-14,2024-06-21,4
C01753,2,6797.00,3398.50,2024-09-06,2025-07-10,10
C04880,1,6796.60,6796.60,2024-08-23,2024-08-23,0
C01239,3,6779.65,2259.88,2024-04-05,2025-07-02,14
C03970,1,6777.10,6777.10,2024-08-23,2024-08-23,0
C00282,2,6775.35,3387.68,2024-11-06,2025-04-19,5
C00283,1,6758.25,6758.25,2025-05-19,2025-05-19,0
C03006,2,6757.25,3378.63,2024-01-19,2024-12-09,10
C00599,1,6757.20,6757.20,2025-02-16,2025-02-16,0
C02748,2,6748.50,3374.25,2024-04-15,2024-08-23,4
C01394,1,6748.20,6748.20,2025-05-28,2025-05-28,0
C04176,1,6748.20,6748.20,2024-07-24,2024-07-24,0
C01987,1,6747.30,6747.30,2025-01-06,2025-01-06,0
C03495,1,6746.05,6746.05,2024-03-19,2024-03-19,0
C00473,2,6745.40,3372.70,2025-10-13,2025-12-22,2
C01525,2,6744.60,3372.30,2025-02-06,2025-06-19,4
C02237,3,6737.30,2245.77,2024-12-07,2025-11-15,11
C04279,3,6726.30,2242.10,2024-05-12,2024-10-26,5
C02475,2,6726.15,3363.08,2024-02-22,2024-03-05,0
C00603,1,6717.10,6717.10,2025-07-31,2025-07-31,0
C00060,1,6707.05,6707.05,2025-12-11,2025-12-11,0
C02577,1,6702.35,6702.35,2024-07-28,2024-07-28,0
C03106,2,6700.30,3350.15,2024-07-15,2025-04-17,9
C04519,1,6698.00,6698.00,2024-10-01,2024-10-01,0
C03214,2,6697.20,3348.60,2024-06-06,2025-05-22,11
C00969,2,6696.55,3348.28,2025-11-05,2025-12-13,1
C01965,2,6692.25,3346.13,2024-07-24,2025-04-21,8
C02257,1,6674.45,6674.45,2024-09-26,2024-09-26,0
C03816,2,6656.40,3328.20,2025-08-30,2025-12-08,3
C01134,1,6648.10,6648.10,2025-11-07,2025-11-07,0
C01124,1,6637.35,6637.35,2025-01-06,2025-01-06,0
C00483,2,6626.30,3313.15,2024-09-19,2024-12-07,2
C02449,1,6617.35,6617.35,2025-06-26,2025-06-26,0
C03537,1,6616.20,6616.20,2024-05-23,2024-05-23,0
C00276,1,6602.45,6602.45,2025-03-07,2025-03-07,0
C04029,1,6598.10,6598.10,2024-06-08,2024-06-08,0
C01975,3,6581.15,2193.72,2024-09-28,2025-05-20,7
C01676,3,6576.45,2192.15,2024-02-25,2025-05-02,14
C01969,2,6574.45,3287.23,2025-03-02,2025-05-24,2
C01128,2,6561.20,3280.60,2024-05-30,2025-10-04,16
C04578,2,6548.25,3274.13,2024-04-18,2025-11-04,18
C01234,1,6548.10,6548.10,2025-04-01,2025-04-01,0
C02914,2,6536.25,3268.13,2024-05-25,2025-05-21,11
C03795,3,6530.35,2176.78,2024-02-02,2025-01-28,11
C00445,1,6497.00,6497.00,2025-05-12,2025-05-12,0
C01564,1,6478.20,6478.20,2025-12-07,2025-12-07,0
C00094,2,6477.30,3238.65,2025-12-21,2025-12-28,0
C02398,1,6476.40,6476.40,2025-11-06,2025-11-06,0
C00176,2,6475.70,3237.85,2024-02-23,2024-08-28,6
C02866,3,6466.25,2155.42,2024-02-04,2025-12-08,22
C01543,2,6462.15,3231.08,2024-05-31,2024-12-22,6
C00605,2,6457.20,3228.60,2024-06-27,2025-10-09,15
C02614,2,6451.25,3225.63,2025-03-05,2025-06-01,2
C02807,1,6446.05,6446.05,2024-11-13,2024-11-13,0
C03662,1,6415.55,6415.55,2024-06-05,2024-06-05,0
C04458,2,6410.60,3205.30,2024-09-29,2024-12-04,2
C02290,3,6400.45,2133.48,2024-08-28,2025-12-13,15
C00875,2,6396.20,3198.10,2025-09-16,2025-10-28,1
C04157,1,6387.25,6387.25,2024-08-26,2024-08-26,0
C03913,2,6375.50,3187.75,2024-12-18,2025-02-23,2
C00559,2,6362.20,3181.10,2024-12-28,2025-04-02,3
C01763,1,6355.35,6355.35,2024-08-26,2024-08-26,0
C01227,2,6355.20,3177.60,2024-06-14,2025-07-31,13
C00482,1,6354.85,6354.85,2025-09-07,2025-09-07,0
C04320,3,6346.25,2115.42,2025-05-24,2025-09-26,4
C02643,2,6332.25,3166.13,2024-11-08,2025-03-17,4
C02529,2,6330.35,3165.18,2024-12-03,2024-12-05,0
C01949,1,6322.45,6322.45,2025-05-17,2025-05-17,0
C04954,1,6316.50,6316.50,2024-05-29,2024-05-29,0
C00040,1,6311.45,6311.45,2025-12-14,2025-12-14,0
C02921,2,6308.70,3154.35,2025-08-24,2025-11-29,3
C03424,1,6298.20,6298.20,2025-10-03,2025-10-03,0
C03629,2,6297.30,3148.65,2024-12-29,2025-01-01,0
C00100,2,6297.15,3148.58,2025-03-04,2025-11-16,8
C03108,1,6296.60,6296.60,2025-02-03,2025-02-03,0
C00941,1,6294.45,6294.45,2024-11-19,2024-11-19,0
C01251,2,6293.20,3146.60,2024-05-16,2024-07-16,2
C04867,4,6292.55,1573.14,2024-03-11,2025-03-09,11
C01521,2,6275.55,3137.78,2024-10-24,2025-08-05,9
C00190,1,6257.25,6257.25,2024-02-01,2024-02-01,0
C02276,1,6248.10,6248.10,2024-05-11,2024-05-11,0
C01357,3,6240.35,2080.12,2024-03-29,2025-08-24,16
C01800,4,6216.35,1554.09,2024-01-05,2025-12-04,22
C01069,1,6207.40,6207.40,2025-04-05,2025-04-05,0
C02169,2,6207.30,3103.65,2024-09-17,2025-07-29,10
C03422,1,6205.50,6205.50,2024-09-01,2024-09-01,0
C01849,3,6205.40,2068.47,2024-12-19,2025-11-20,11
C04900,2,6201.30,3100.65,2024-11-22,2025-10-11,10
C04611,2,6198.20,3099.10,2024-08-10,2024-08-16,0
C02919,2,6196.00,3098.00,2025-04-03,2025-08-30,4
C03470,4,6195.30,1548.83,2024-05-17,2025-08-06,14
C03612,3,6194.70,2064.90,2024-10-14,2025-11-01,12
C02024,1,6185.85,6185.85,2024-11-24,2024-11-24,0
C00600,2,6170.25,3085.13,2024-10-09,2025-09-04,10
C00989,1,6167.35,6167.35,2025-10-26,2025-10-26,0
C02726,3,6161.30,2053.77,2024-01-23,2025-06-17,16
C04993,2,6155.75,3077.88,2024-04-02,2025-03-26,11
C02071,2,6148.25,3074.13,2024-09-23,2025-05-18,7
C02093,1,6147.15,6147.15,2024-10-14,2024-10-14,0
C02316,1,6136.40,6136.40,2024-11-18,2024-11-18,0
C04248,1,6102.25,6102.25,2025-04-28,2025-04-28,0
C04225,1,6098.10,6098.10,2024-03-16,2024-03-16,0
C02157,1,6098.00,6098.00,2024-10-23,2024-10-23,0
C02606,2,6096.45,3048.23,2024-03-19,2025-11-26,20
C03298,3,6094.50,2031.50,2024-03-29,2025-12-22,20
C00920,2,6076.20,3038.10,2024-08-24,2024-10-11,1
C04733,1,6076.20,6076.20,2025-06-30,2025-06-30,0
C03576,2,6075.55,3037.78,2024-04-28,2024-10-03,5
C00606,2,6073.15,3036.58,2024-04-12,2024-11-15,7
C00305,2,6072.40,3036.20,2025-10-26,2025-12-14,1
C04251,1,6065.10,6065.10,2024-12-28,2024-12-28,0
C04843,1,6048.25,6048.25,2024-03-04,2024-03-04,0
C04813,2,6041.35,3020.68,2025-08-04,2025-08-27,0
C03977,3,6037.30,2012.43,2024-03-06,2025-02-06,11
C04956,1,6027.30,6027.30,2025-03-25,2025-03-25,0
C01001,1,6023.15,6023.15,2025-03-07,2025-03-07,0
C04080,1,6018.05,6018.05,2025-06-27,2025-06-27,0
C00337,2,6003.55,3001.78,2025-02-14,2025-10-31,8
C00792,1,5999.00,5999.00,2024-10-28,2024-10-28,0
C01867,1,5999.00,5999.00,2024-01-04,2024-01-04,0
C03034,1,5999.00,5999.00,2025-09-09,2025-09-09,0
C03498,1,5999.00,5999.00,2024-01-30,2024-01-30,0
C00776,1,5998.15,5998.15,2024-12-06,2024-12-06,0
C01637,1,5998.00,5998.00,2025-09-05,2025-09-05,0
C02269,1,5998.00,5998.00,2025-05-18,2025-05-18,0
C03190,1,5998.00,5998.00,2024-07-14,2024-07-14,0
C03915,1,5998.00,5998.00,2024-11-06,2024-11-06,0
C04036,1,5998.00,5998.00,2024-11-28,2024-11-28,0
C04286,1,5998.00,5998.00,2025-08-05,2025-08-05,0
C04808,1,5998.00,5998.00,2025-07-01,2025-07-01,0
C04185,1,5997.00,5997.00,2025-10-21,2025-10-21,0
C04895,2,5995.50,2997.75,2024-04-30,2025-09-22,16
C01575,2,5986.30,2993.15,2024-02-01,2024-09-23,7
C02153,1,5973.20,5973.20,2024-04-27,2024-04-27,0
C01197,1,5966.15,5966.15,2024-09-01,2024-09-01,0
C00014,1,5948.30,5948.30,2025-07-23,2025-07-23,0
C01375,1,5938.10,5938.10,2024-12-04,2024-12-04,0
C02773,1,5937.30,5937.30,2025-11-16,2025-11-16,0
C02443,1,5936.20,5936.20,2025-09-17,2025-09-17,0
C00955,3,5927.35,1975.78,2025-02-21,2025-11-22,9
C01537,2,5921.50,2960.75,2024-03-07,2025-03-22,12
C00118,1,5915.10,5915.10,2024-10-25,2024-10-25,0
C02582,1,5907.40,5907.40,2025-11-28,2025-11-28,0
C01716,1,5898.05,5898.05,2024-12-01,2024-12-01,0
C04264,1,5898.00,5898.00,2025-04-10,2025-04-10,0
C02565,2,5875.40,2937.70,2025-08-20,2025-12-25,4
C00248,1,5873.05,5873.05,2024-09-04,2024-09-04,0
C02148,2,5862.20,2931.10,2024-04-25,2024-08-17,3
C01991,2,5855.25,2927.63,2024-07-02,2025-02-27,7
C03759,1,5853.15,5853.15,2024-11-08,2024-11-08,0
C01508,1,5848.20,5848.20,2024-01-20,2024-01-20,0
C03518,1,5848.10,5848.10,2024-01-30,2024-01-30,0
C04448,2,5848.10,2924.05,2024-02-14,2024-10-15,8
C01903,1,5847.30,5847.30,2024-04-21,2024-04-21,0
C01385,2,5836.35,2918.18,2025-04-27,2025-05-01,0
C01809,2,5835.60,2917.80,2024-02-04,2025-09-19,19
C03718,3,5835.40,1945.13,2024-06-15,2025-10-29,16
C03593,1,5835.35,5835.35,2025-03-31,2025-03-31,0
C04594,2,5835.30,2917.65,2024-11-22,2025-07-04,7
C03864,2,5825.45,2912.73,2024-01-05,2024-09-09,8
C01369,1,5817.30,5817.30,2025-11-02,2025-11-02,0
C01655,3,5807.25,1935.75,2024-06-22,2024-12-09,5
C00365,2,5803.20,2901.60,2025-01-01,2025-07-02,6
C00700,2,5796.60,2898.30,2024-03-25,2025-07-13,15
C04394,1,5793.10,5793.10,2024-02-05,2024-02-05,0
C03998,1,5787.30,5787.30,2025-12-07,2025-12-07,0
C01248,2,5776.60,2888.30,2024-03-14,2025-04-13,12
C02135,1,5767.35,5767.35,2025-03-29,2025-03-29,0
C01356,1,5758.15,5758.15,2025-08-18,2025-08-18,0
C01954,1,5756.40,5756.40,2024-04-04,2024-04-04,0
C02252,2,5746.45,2873.23,2024-04-23,2025-05-02,12
C04076,2,5730.55,2865.28,2024-08-12,2024-11-20,3
C03138,1,5728.25,5728.25,2025-10-22,2025-10-22,0
C02829,1,5726.50,5726.50,2025-11-01,2025-11-01,0
C01314,1,5708.10,5708.10,2025-08-26,2025-08-26,0
C02453,2,5708.10,2854.05,2024-09-04,2025-12-05,15
C00156,1,5699.05,5699.05,2024-10-17,2024-10-17,0
C00563,1,5699.05,5699.05,2024-09-30,2024-09-30,0
C02163,1,5699.05,5699.05,2024-10-08,2024-10-08,0
C04455,1,5699.05,5699.05,2025-01-31,2025-01-31,0
C02143,1,5698.15,5698.15,2025-07-17,2025-07-17,0
C00479,1,5698.10,5698.10,2024-01-23,2024-01-23,0
C03216,1,5698.10,5698.10,2024-04-13,2024-04-13,0
C03453,1,5698.10,5698.10,2024-02-08,2024-02-08,0
C04616,3,5697.20,1899.07,2024-03-20,2025-07-15,15
C00815,1,5697.00,5697.00,2024-09-23,2024-09-23,0
C03859,1,5697.00,5697.00,2025-10-07,2025-10-07,0
C00173,2,5696.40,2848.20,2024-01-26,2024-12-02,10
C04806,2,5686.20,2843.10,2024-02-26,2025-03-15,12
C02122,1,5666.40,5666.40,2024-10-15,2024-10-15,0
C02087,1,5666.35,5666.35,2025-03-29,2025-03-29,0
C00677,3,5665.15,1888.38,2024-03-22,2024-06-14,2
C04823,1,5648.25,5648.25,2025-12-21,2025-12-21,0
C04851,1,5647.15,5647.15,2024-03-26,2024-03-26,0
C04424,2,5641.15,2820.58,2025-04-15,2025-07-26,3
C01275,2,5637.40,2818.70,2024-10-19,2025-10-23,12
C04984,1,5632.30,5632.30,2025-05-05,2025-05-05,0
C04021,3,5625.65,1875.22,2024-02-26,2025-01-14,10
C00858,1,5622.15,5622.15,2025-10-24,2025-10-24,0
C04092,2,5617.20,2808.60,2024-04-22,2024-05-07,0
C02579,2,5606.60,2803.30,2024-07-25,2024-09-28,2
C00298,1,5598.00,5598.00,2024-11-08,2024-11-08,0
C04474,1,5595.30,5595.30,2024-09-12,2024-09-12,0
C02727,2,5578.10,2789.05,2024-06-01,2025-06-13,12
C04146,2,5577.30,2788.65,2024-06-09,2025-06-19,12
C01617,2,5572.05,2786.03,2024-03-13,2024-07-12,3
C03187,2,5535.40,2767.70,2024-04-24,2025-11-30,19
C03698,1,5528.15,5528.15,2024-11-07,2024-11-07,0
C00516,2,5521.35,2760.68,2024-04-30,2025-03-03,10
C04183,1,5501.25,5501.25,2025-04-15,2025-04-15,0
C00230,2,5488.20,2744.10,2024-02-09,2024-06-26,4
C03501,2,5488.20,2744.10,2025-02-03,2025-12-25,10
C02744,1,5487.30,5487.30,2025-12-16,2025-12-16,0
C01111,2,5481.45,2740.73,2025-02-27,2025-05-15,2
C03905,2,5475.25,2737.63,2024-01-16,2024-02-17,1
C04732,2,5457.40,2728.70,2024-12-05,2025-02-28,2
C00217,3,5457.25,1819.08,2024-05-26,2024-09-09,3
C04507,1,5457.20,5457.20,2025-04-01,2025-04-01,0
C04929,1,5443.25,5443.25,2024-03-26,2024-03-26,0
C03132,2,5443.25,2721.63,2024-01-08,2025-12-18,23
C00504,2,5443.15,2721.58,2024-11-21,2025-08-09,8
C03833,2,5443.15,2721.58,2024-11-24,2025-10-02,10
C04205,1,5422.15,5422.15,2025-12-14,2025-12-14,0
C02551,2,5416.05,2708.03,2025-02-27,2025-09-16,6
C01877,1,5412.15,5412.15,2024-08-11,2024-08-11,0
C02125,1,5412.15,5412.15,2024-10-13,2024-10-13,0
C04801,2,5411.65,2705.83,2025-09-20,2025-12-23,3
C04832,1,5399.10,5399.10,2024-03-01,2024-03-01,0
C00495,1,5399.10,5399.10,2024-05-29,2024-05-29,0
C01114,1,5399.10,5399.10,2024-02-25,2024-02-25,0
C02352,1,5399.10,5399.10,2024-09-11,2024-09-11,0
C02974,1,5399.10,5399.10,2025-05-12,2025-05-12,0
C03421,1,5399.10,5399.10,2025-11-23,2025-11-23,0
C02151,1,5398.35,5398.35,2025-03-20,2025-03-20,0
C00865,1,5398.20,5398.20,2024-05-04,2024-05-04,0
C03325,1,5398.20,5398.20,2025-03-10,2025-03-10,0
C03909,1,5398.20,5398.20,2024-07-04,2024-07-04,0
C04701,1,5398.20,5398.20,2025-01-23,2025-01-23,0
C04289,1,5397.00,5397.00,2024-02-28,2024-02-28,0
C03172,1,5397.00,5397.00,2025-05-18,2025-05-18,0
C03714,1,5381.55,5381.55,2024-04-05,2024-04-05,0
C01678,2,5376.30,2688.15,2024-01-08,2025-03-07,13
C03899,2,5353.15,2676.58,2024-10-10,2025-05-24,7
C01205,1,5352.25,5352.25,2025-10-01,2025-10-01,0
C03332,1,5346.50,5346.50,2025-10-13,2025-10-13,0
C03688,2,5345.50,2672.75,2024-02-06,2024-12-16,10
C03082,1,5342.30,5342.30,2025-05-09,2025-05-09,0
C00354,2,5336.40,2668.20,2024-08-31,2025-12-25,15
C01627,1,5317.15,5317.15,2025-08-21,2025-08-21,0
C02693,2,5307.10,2653.55,2025-02-27,2025-09-03,6
C03758,1,5302.10,5302.10,2025-02-06,2025-02-06,0
C00155,3,5300.25,1766.75,2024-01-28,2024-08-05,6
C00433,1,5298.35,5298.35,2025-03-15,2025-03-15,0
C00032,1,5297.00,5297.00,2025-02-02,2025-02-02,0
C00189,1,5284.50,5284.50,2024-11-19,2024-11-19,0
C00924,2,5281.30,2640.65,2024-02-04,2024-04-05,2
C03192,2,5266.55,2633.28,2024-05-17,2025-07-25,14
C03779,3,5266.55,1755.52,2024-07-24,2025-11-18,15
C01515,1,5248.10,5248.10,2024-05-31,2024-05-31,0
C00783,1,5241.65,5241.65,2024-03-26,2024-03-26,0
C03731,1,5237.40,5237.40,2024-04-08,2024-04-08,0
C01688,2,5237.20,2618.60,2024-11-11,2025-10-20,11
C04511,2,5237.20,2618.60,2024-02-06,2025-12-01,21
C03240,2,5237.10,2618.55,2024-05-19,2025-09-07,15
C03199,1,5223.10,5223.10,2025-04-13,2025-04-13,0
C04737,2,5217.10,2608.55,2024-02-03,2024-12-18,10
C03004,2,5206.45,2603.23,2025-04-19,2025-12-19,8
C00956,2,5197.20,2598.60,2024-01-24,2025-01-03,11
C02515,1,5196.00,5196.00,2025-04-29,2025-04-29,0
C02942,1,5195.00,5195.00,2024-01-30,2024-01-30,0
C03912,1,5187.25,5187.25,2025-04-26,2025-04-26,0
C01966,2,5182.25,2591.13,2024-04-20,2024-09-13,4
C02266,2,5176.05,2588.03,2024-02-14,2024-05-06,2
C02845,1,5173.05,5173.05,2025-08-24,2025-08-24,0
C04860,2,5157.30,2578.65,2025-01-30,2025-08-16,6
C00961,2,5156.40,2578.20,2024-04-08,2025-01-28,9
C03943,2,5152.25,2576.13,2024-03-02,2024-11-02,8
C03307,2,5141.40,2570.70,2025-01-12,2025-08-12,7
C00631,1,5127.15,5127.15,2024-03-30,2024-03-30,0
C00817,1,5127.15,5127.15,2025-02-20,2025-02-20,0
C03139,1,5127.15,5127.15,2025-08-19,2025-08-19,0
C03952,1,5127.15,5127.15,2024-11-08,2024-11-08,0
C04852,1,5121.40,5121.40,2024-05-26,2024-05-26,0
C02005,1,5099.15,5099.15,2025-01-22,2025-01-22,0
C00662,1,5098.30,5098.30,2024-11-18,2024-11-18,0
C01739,1,5098.30,5098.30,2025-09-09,2025-09-09,0
C04091,1,5098.30,5098.30,2025-01-22,2025-01-22,0
C00868,2,5098.05,2549.03,2024-03-17,2024-07-14,3
C01007,3,5067.30,1689.10,2025-02-06,2025-10-02,7
C03921,1,5067.25,5067.25,2025-02-28,2025-02-28,0
C00284,2,5066.45,2533.23,2024-10-18,2025-01-12,2
C03209,1,5058.20,5058.20,2024-08-25,2024-08-25,0
C03335,2,5038.30,2519.15,2024-10-13,2025-07-07,8
C03443,1,5037.25,5037.25,2024-09-24,2024-09-24,0
C01910,1,5034.60,5034.60,2025-03-18,2025-03-18,0
C04691,2,5030.25,2515.13,2024-06-13,2024-12-01,5
C04303,1,5018.25,5018.25,2024-08-30,2024-08-30,0
C04481,2,5016.30,2508.15,2024-09-03,2025-02-10,5
C04444,2,5011.25,2505.63,2024-07-31,2024-11-20,3
C02132,1,4998.00,4998.00,2025-01-23,2025-01-23,0
C03460,2,4997.20,2498.60,2024-03-18,2024-08-06,4
C01842,1,4997.10,4997.10,2025-07-06,2025-07-06,0
C01335,2,4993.15,2496.58,2025-08-16,2025-09-04,0
C00244,2,4963.20,2481.60,2025-08-20,2025-09-04,0
C00799,1,4954.30,4954.30,2024-09-21,2024-09-21,0
C00972,1,4948.10,4948.10,2024-03-03,2024-03-03,0
C00921,2,4947.35,2473.68,2025-03-31,2025-10-31,7
C02126,2,4940.25,2470.13,2024-10-26,2025-05-27,7
C02737,1,4937.10,4937.10,2024-08-22,2024-08-22,0
C00710,1,4923.20,4923.20,2024-03-31,2024-03-31,0
C02470,1,4898.05,4898.05,2025-03-27,2025-03-27,0
C03507,1,4898.05,4898.05,2024-01-19,2024-01-19,0
C02417,2,4877.10,2438.55,2025-04-21,2025-07-13,2
C03827,2,4876.35,2438.18,2025-06-11,2025-08-04,1
C04971,1,4873.20,4873.20,2025-01-06,2025-01-06,0
C04658,3,4857.30,1619.10,2024-05-17,2024-08-28,3
C01798,1,4857.30,4857.30,2025-04-28,2025-04-28,0
C03581,1,4857.30,4857.30,2025-10-12,2025-10-12,0
C01437,2,4848.25,2424.13,2024-02-22,2025-08-26,18
C04651,2,4843.30,2421.65,2024-03-25,2024-10-11,6
C01955,2,4840.25,2420.13,2024-02-15,2025-08-21,18
C01701,1,4827.25,4827.25,2024-01-20,2024-01-20,0
C01850,2,4826.10,2413.05,2025-07-14,2025-11-20,4
C02314,2,4815.55,2407.78,2025-05-07,2025-10-17,5
C01618,1,4808.15,4808.15,2024-08-19,2024-08-19,0
C02456,1,4799.20,4799.20,2024-12-20,2024-12-20,0
C04345,1,4798.40,4798.40,2025-07-30,2025-07-30,0
C00157,2,4787.40,2393.70,2025-03-06,2025-06-15,3
C00005,1,4782.20,4782.20,2024-07-06,2024-07-06,0
C04978,2,4762.25,2381.13,2025-06-08,2025-12-03,5
C04178,1,4757.05,4757.05,2024-07-21,2024-07-21,0
C04859,1,4756.20,4756.20,2025-12-23,2025-12-23,0
C04946,1,4748.10,4748.10,2024-06-05,2024-06-05,0
C00033,1,4748.10,4748.10,2025-04-11,2025-04-11,0
C00767,1,4748.10,4748.10,2024-07-08,2024-07-08,0
C01312,1,4748.10,4748.10,2024-01-15,2024-01-15,0
C03914,1,4748.10,4748.10,2024-03-15,2024-03-15,0
C03047,1,4748.05,4748.05,2025-06-09,2025-06-09,0
C01404,2,4737.55,2368.78,2024-10-05,2024-11-03,0
C02559,2,4737.15,2368.58,2024-03-08,2025-04-14,13
C04717,1,4723.15,4723.15,2024-10-13,2024-10-13,0
C02597,2,4721.30,2360.65,2024-08-20,2025-10-08,13
C03780,2,4707.35,2353.68,2024-11-21,2025-03-03,3
C02407,1,4698.15,4698.15,2024-08-31,2024-08-31,0
C00831,2,4698.00,2349.00,2024-01-18,2025-10-15,20
C02476,3,4696.50,1565.50,2024-07-06,2025-11-06,16
C03884,3,4684.65,1561.55,2024-07-15,2025-12-08,16
C01056,1,4678.20,4678.20,2024-12-29,2024-12-29,0
C02284,1,4677.30,4677.30,2024-06-24,2024-06-24,0
C01264,1,4676.40,4676.40,2025-01-14,2025-01-14,0
C01022,2,4675.50,2337.75,2024-02-11,2024-09-09,6
C04782,2,4657.10,2328.55,2024-08-04,2024-10-09,2
C03317,2,4656.30,2328.15,2024-10-14,2025-10-09,11
C03002,1,4653.10,4653.10,2025-12-15,2025-12-15,0
C03339,2,4653.10,2326.55,2024-05-05,2025-07-23,14
C00536,2,4627.35,2313.68,2024-05-03,2024-09-25,4
C01068,2,4626.55,2313.28,2024-11-21,2025-02-20,2
C02772,2,4617.30,2308.65,2024-02-28,2024-06-14,3
C02455,1,4607.20,4607.20,2025-04-09,2025-04-09,0
C02095,1,4587.45,4587.45,2024-03-01,2024-03-01,0
C02154,2,4584.60,2292.30,2024-07-01,2025-05-26,10
C01020,3,4582.25,1527.42,2024-03-10,2025-12-05,20
C00515,2,4565.35,2282.68,2025-05-27,2025-12-09,6
C01225,2,4558.15,2279.08,2024-06-25,2025-10-09,15
C04529,1,4557.15,4557.15,2024-10-25,2024-10-25,0
C00458,1,4548.25,4548.25,2024-03-29,2024-03-29,0
C02111,3,4537.20,1512.40,2025-02-19,2025-09-30,7
C03120,1,4537.20,4537.20,2025-04-17,2025-04-17,0
C03074,1,4532.25,4532.25,2025-05-28,2025-05-28,0
C01250,1,4523.15,4523.15,2024-12-19,2024-12-19,0
C00980,1,4522.25,4522.25,2025-07-04,2025-07-04,0
C02979,2,4516.60,2258.30,2024-04-14,2025-02-03,9
C03321,1,4505.10,4505.10,2024-05-18,2024-05-18,0
C00138,1,4499.00,4499.00,2024-02-15,2024-02-15,0
C01615,1,4499.00,4499.00,2025-06-25,2025-06-25,0
C01622,1,4499.00,4499.00,2024-01-03,2024-01-03,0
C02468,1,4499.00,4499.00,2025-04-04,2025-04-04,0
C04126,1,4499.00,4499.00,2025-05-26,2025-05-26,0
C04503,1,4499.00,4499.00,2024-09-10,2024-09-10,0
C04983,1,4499.00,4499.00,2024-06-24,2024-06-24,0
C01875,1,4498.20,4498.20,2025-01-08,2025-01-08,0
C01200,2,4497.30,2248.65,2025-06-20,2025-08-03,1
C04625,2,4494.20,2247.10,2024-03-04,2025-01-24,10
C01257,1,4456.55,4456.55,2025-09-20,2025-09-20,0
C04201,2,4447.05,2223.53,2025-07-24,2025-09-07,1
C02736,3,4432.30,1477.43,2024-06-04,2025-09-03,14
C04323,2,4413.25,2206.63,2024-05-24,2025-10-27,17
C00159,1,4408.15,4408.15,2024-03-08,2024-03-08,0
C03996,2,4407.30,2203.65,2024-07-07,2024-09-02,1
C00463,2,4406.10,2203.05,2024-06-02,2025-06-30,12
C01663,1,4398.25,4398.25,2025-01-26,2025-01-26,0
C00913,1,4397.00,4397.00,2024-08-15,2024-08-15,0
C01085,1,4397.00,4397.00,2025-07-05,2025-07-05,0
C02822,1,4393.20,4393.20,2025-10-17,2025-10-17,0
C03266,3,4376.20,1458.73,2024-11-28,2025-11-17,11
C00413,2,4368.10,2184.05,2024-04-01,2024-11-04,7
C04374,2,4368.10,2184.05,2024-04-30,2024-11-20,6
C02113,2,4361.05,2180.53,2024-07-26,2025-12-16,16
C03244,1,4335.80,4335.80,2025-08-10,2025-08-10,0
C00583,1,4318.20,4318.20,2024-09-04,2024-09-04,0
C01558,1,4314.60,4314.60,2024-07-08,2024-07-08,0
C02109,2,4298.10,2149.05,2024-01-29,2025-05-23,15
C03726,2,4298.00,2149.00,2024-05-06,2024-05-12,0
C00150,2,4297.00,2148.50,2024-07-06,2024-10-25,3
C04888,2,4286.50,2143.25,2024-07-27,2025-02-26,6
C04177,1,4274.05,4274.05,2024-03-02,2024-03-02,0
C04627,1,4274.05,4274.05,2025-06-04,2025-06-04,0
C00299,1,4274.05,4274.05,2024-05-05,2024-05-05,0
C00594,1,4274.05,4274.05,2024-04-02,2024-04-02,0
C01416,1,4274.05,4274.05,2024-10-27,2024-10-27,0
C02030,1,4274.05,4274.05,2024-02-08,2024-02-08,0
C02485,1,4274.05,4274.05,2025-10-13,2025-10-13,0
C02507,1,4274.05,4274.05,2024-03-13,2024-03-13,0
C02837,1,4274.05,4274.05,2025-04-04,2025-04-04,0
C03281,1,4274.05,4274.05,2025-01-08,2025-01-08,0
C03263,1,4263.25,4263.25,2024-05-19,2024-05-19,0
C03618,1,4263.15,4263.15,2024-01-27,2024-01-27,0
C02540,2,4258.25,2129.13,2024-12-28,2025-08-08,7
C02253,1,4253.20,4253.20,2025-02-06,2025-02-06,0
C02103,1,4248.30,4248.30,2024-01-31,2024-01-31,0
C03955,1,4248.30,4248.30,2024-04-17,2024-04-17,0
C00410,2,4247.45,2123.73,2025-05-25,2025-11-09,5
C03473,3,4245.75,1415.25,2024-01-08,2025-07-05,17
C00863,2,4237.20,2118.60,2024-01-05,2025-11-19,22
C03965,1,4236.75,4236.75,2025-05-23,2025-05-23,0
C00054,1,4208.05,4208.05,2025-09-22,2025-09-22,0
C03825,1,4177.20,4177.20,2024-11-22,2024-11-22,0
C03364,2,4173.30,2086.65,2025-08-30,2025-10-15,1
C02437,2,4173.20,2086.60,2024-08-09,2024-10-30,2
C01577,1,4168.10,4168.10,2024-05-17,2024-05-17,0
C00550,1,4167.25,4167.25,2024-05-04,2024-05-04,0
C03596,2,4167.25,2083.63,2025-02-27,2025-06-13,3
C03917,1,4157.20,4157.20,2024-12-24,2024-12-24,0
C04887,2,4147.20,2073.60,2024-05-06,2024-06-20,1
C00117,2,4147.15,2073.58,2024-06-28,2025-09-11,14
C03050,3,4147.15,1382.38,2024-01-25,2025-07-06,17
C03796,1,4147.15,4147.15,2024-06-07,2024-06-07,0
C00935,3,4126.30,1375.43,2024-02-09,2025-03-27,13
C03808,1,4098.15,4098.15,2025-03-21,2025-03-21,0
C04463,1,4097.30,4097.30,2024-04-17,2024-04-17,0
C02202,2,4083.10,2041.55,2024-07-30,2025-12-03,16
C04738,1,4082.25,4082.25,2024-03-10,2024-03-10,0
C00668,1,4077.45,4077.45,2024-01-10,2024-01-10,0
C00373,1,4066.50,4066.50,2024-07-26,2024-07-26,0
C02983,1,4053.25,4053.25,2024-10-27,2024-10-27,0
C00315,1,4049.10,4049.10,2024-05-13,2024-05-13,0
C00679,1,4049.10,4049.10,2024-06-01,2024-06-01,0
C00701,1,4049.10,4049.10,2025-04-29,2025-04-29,0
C00766,1,4049.10,4049.10,2025-11-02,2025-11-02,0
C01424,1,4049.10,4049.10,2024-09-22,2024-09-22,0
C01884,1,4049.10,4049.10,2025-04-30,2025-04-30,0
C02027,1,4049.10,4049.10,2024-05-01,2024-05-01,0
C02179,1,4049.10,4049.10,2024-12-11,2024-12-11,0
C03369,1,4049.10,4049.10,2025-10-29,2025-10-29,0
C03885,1,4049.10,4049.10,2024-01-03,2024-01-03,0
C03916,1,4049.10,4049.10,2024-08-07,2024-08-07,0
C04816,1,4049.10,4049.10,2024-07-04,2024-07-04,0
C01444,1,4048.10,4048.10,2025-12-01,2025-12-01,0
C01359,3,4020.20,1340.07,2024-01-17,2025-07-05,17
C03064,1,4012.35,4012.35,2024-02-18,2024-02-18,0
C00990,1,3999.00,3999.00,2024-03-26,2024-03-26,0
C01851,1,3999.00,3999.00,2024-07-20,2024-07-20,0
C00182,1,3998.00,3998.00,2024-01-14,2024-01-14,0
C00630,1,3998.00,3998.00,2024-10-22,2024-10-22,0
C01833,1,3998.00,3998.00,2025-04-20,2025-04-20,0
C04387,2,3992.45,1996.23,2024-03-02,2025-12-05,21
C02802,3,3987.15,1329.05,2024-11-15,2025-04-28,5
C04460,2,3977.30,1988.65,2025-07-05,2025-10-15,3
C02521,2,3962.25,1981.13,2024-08-02,2025-11-30,15
C01824,1,3936.15,3936.15,2025-10-30,2025-10-30,0
C02975,1,3917.35,3917.35,2024-08-10,2024-08-10,0
C01333,1,3897.00,3897.00,2025-03-03,2025-03-03,0
C01370,1,3897.00,3897.00,2024-01-12,2024-01-12,0
C04156,1,3897.00,3897.00,2024-02-20,2024-02-20,0
C03994,1,3891.20,3891.20,2025-01-12,2025-01-12,0
C03603,2,3868.20,1934.10,2024-05-16,2024-08-15,2
C01738,1,3866.50,3866.50,2025-01-25,2025-01-25,0
C01062,1,3857.40,3857.40,2024-02-21,2024-02-21,0
C04710,1,3848.10,3848.10,2024-11-11,2024-11-11,0
C04343,1,3838.30,3838.30,2025-07-29,2025-07-29,0
C02575,1,3838.15,3838.15,2024-10-23,2024-10-23,0
C01142,1,3837.40,3837.40,2025-04-15,2025-04-15,0
C04982,2,3827.10,1913.55,2024-06-03,2025-06-12,12
C04491,1,3824.15,3824.15,2024-12-07,2024-12-07,0
C01624,1,3824.15,3824.15,2025-04-27,2025-04-27,0
C01786,1,3824.15,3824.15,2024-05-27,2024-05-27,0
C03010,1,3824.15,3824.15,2024-07-02,2024-07-02,0
C00464,1,3822.45,3822.45,2024-05-07,2024-05-07,0
C02895,1,3803.05,3803.05,2024-10-09,2024-10-09,0
C00236,1,3799.05,3799.05,2024-12-05,2024-12-05,0
C01132,1,3798.10,3798.10,2025-05-10,2025-05-10,0
C02555,1,3798.10,3798.10,2025-03-16,2025-03-16,0
C00684,1,3798.00,3798.00,2024-01-21,2024-01-21,0
C02741,1,3798.00,3798.00,2024-10-11,2024-10-11,0
C04936,1,3798.00,3798.00,2025-11-26,2025-11-26,0
C03997,2,3792.30,1896.15,2025-02-11,2025-04-10,1
C03129,2,3786.20,1893.10,2024-12-30,2025-03-12,2
C00841,2,3757.35,1878.68,2024-03-08,2025-07-02,15
C03953,1,3747.20,3747.20,2025-11-29,2025-11-29,0
C01159,1,3723.15,3723.15,2024-10-19,2024-10-19,0
C03754,2,3722.25,1861.13,2024-02-05,2025-06-26,16
C02928,1,3698.10,3698.10,2024-11-27,2024-11-27,0
C00763,2,3693.25,1846.63,2024-10-24,2025-04-28,6
C01285,2,3692.35,1846.18,2024-03-15,2025-10-30,19
C04685,1,3678.40,3678.40,2024-01-30,2024-01-30,0
C03641,2,3667.35,1833.68,2024-12-31,2025-12-13,11
C04720,2,3647.10,1823.55,2025-06-29,2025-09-15,2
C04103,2,3641.25,1820.63,2024-11-19,2025-03-08,3
C04087,2,3637.45,1818.73,2024-03-09,2025-01-12,10
C03727,2,3634.80,1817.40,2024-03-19,2025-12-05,20
C00392,1,3608.10,3608.10,2025-01-11,2025-01-11,0
C02378,1,3608.10,3608.10,2025-06-26,2025-06-26,0
C02596,1,3608.10,3608.10,2025-03-29,2025-03-29,0
C02525,1,3607.15,3607.15,2025-02-28,2025-02-28,0
C00848,1,3599.20,3599.20,2024-01-08,2024-01-08,0
C00084,1,3599.10,3599.10,2024-04-08,2024-04-08,0
C01042,1,3599.10,3599.10,2025-12-18,2025-12-18,0
C01860,1,3599.10,3599.10,2024-01-11,2024-01-11,0
C02297,1,3599.10,3599.10,2024-10-22,2024-10-22,0
C02371,1,3599.10,3599.10,2025-02-22,2025-02-22,0
C03791,1,3599.10,3599.10,2025-08-22,2025-08-22,0
C02041,1,3598.00,3598.00,2025-11-17,2025-11-17,0
C02350,1,3598.00,3598.00,2025-01-29,2025-01-29,0
C03585,1,3598.00,3598.00,2025-11-28,2025-11-28,0
C03793,1,3598.00,3598.00,2024-07-31,2024-07-31,0
C04575,1,3598.00,3598.00,2025-10-24,2025-10-24,0
C01722,1,3597.00,3597.00,2025-06-11,2025-06-11,0
C02786,1,3577.40,3577.40,2025-09-28,2025-09-28,0
C04533,1,3563.35,3563.35,2025-06-26,2025-06-26,0
C00541,2,3513.20,1756.60,2024-11-30,2025-07-27,7
C02346,1,3513.20,3513.20,2025-10-25,2025-10-25,0
C03803,1,3507.30,3507.30,2025-04-03,2025-04-03,0
C00240,2,3507.05,1753.53,2024-08-22,2024-10-16,1
C00279,1,3499.00,3499.00,2025-05-06,2025-05-06,0
C01152,1,3499.00,3499.00,2025-12-25,2025-12-25,0
C01160,1,3499.00,3499.00,2025-06-05,2025-06-05,0
C03356,1,3499.00,3499.00,2025-05-08,2025-05-08,0
C03856,1,3499.00,3499.00,2025-07-08,2025-07-08,0
C04315,1,3499.00,3499.00,2024-05-16,2024-05-16,0
C04563,1,3499.00,3499.00,2025-11-27,2025-11-27,0
C00267,1,3497.10,3497.10,2024-11-16,2024-11-16,0
C01308,2,3482.25,1741.13,2024-01-01,2024-04-01,3
C00669,2,3472.20,1736.10,2024-02-10,2025-09-28,19
C04532,2,3461.15,1730.58,2024-05-12,2025-07-28,14
C00280,3,3457.10,1152.37,2024-03-25,2025-04-17,12
C03073,1,3447.20,3447.20,2024-11-02,2024-11-02,0
C02953,2,3442.30,1721.15,2024-04-13,2024-06-25,2
C00653,1,3418.10,3418.10,2024-11-13,2024-11-13,0
C02045,1,3418.10,3418.10,2024-10-23,2024-10-23,0
C04186,1,3418.10,3418.10,2024-12-30,2024-12-30,0
C00995,1,3417.15,3417.15,2024-11-12,2024-11-12,0
C02405,1,3407.35,3407.35,2024-03-06,2024-03-06,0
C00845,1,3399.15,3399.15,2024-11-17,2024-11-17,0
C01787,1,3399.15,3399.15,2025-10-06,2025-10-06,0
C04000,1,3399.15,3399.15,2025-02-24,2025-02-24,0
C04341,1,3399.15,3399.15,2024-06-28,2024-06-28,0
C00336,1,3398.30,3398.30,2025-09-06,2025-09-06,0
C02863,1,3398.30,3398.30,2025-08-05,2025-08-05,0
C02669,2,3397.30,1698.65,2024-01-04,2024-02-26,1
C03342,2,3363.15,1681.58,2024-03-13,2025-11-06,19
C00901,1,3348.25,3348.25,2024-06-20,2024-06-20,0
C00954,2,3327.25,1663.63,2025-06-15,2025-12-12,5
C04635,1,3327.25,3327.25,2025-05-21,2025-05-21,0
C01748,1,3324.05,3324.05,2024-04-08,2024-04-08,0
C01853,1,3324.05,3324.05,2024-03-22,2024-03-22,0
C01858,1,3324.05,3324.05,2025-07-08,2025-07-08,0
C03549,1,3324.05,3324.05,2024-11-09,2024-11-09,0
C03684,1,3324.05,3324.05,2025-12-14,2025-12-14,0
C03430,2,3317.35,1658.68,2024-12-15,2024-12-31,0
C03802,1,3317.10,3317.10,2025-05-30,2025-05-30,0
C02588,1,3312.45,3312.45,2024-12-08,2024-12-08,0
C04582,3,3292.30,1097.43,2024-01-03,2024-12-30,11
C04138,2,3277.20,1638.60,2024-11-21,2025-10-02,10
C03738,2,3267.25,1633.63,2024-08-04,2025-11-20,15
C02490,2,3262.05,1631.03,2025-02-16,2025-09-02,6
C00232,1,3257.35,3257.35,2024-07-15,2024-07-15,0
C03009,1,3250.05,3250.05,2025-12-15,2025-12-15,0
C01262,1,3248.05,3248.05,2024-06-26,2024-06-26,0
C00983,1,3238.20,3238.20,2024-10-23,2024-10-23,0
C01600,1,3238.20,3238.20,2025-01-15,2025-01-15,0
C03131,1,3238.20,3238.20,2024-08-25,2024-08-25,0
C00081,1,3237.30,3237.30,2025-05-15,2025-05-15,0
C01164,1,3237.30,3237.30,2025-05-13,2025-05-13,0
C02544,1,3237.30,3237.30,2025-01-28,2025-01-28,0
C01743,1,3228.30,3228.30,2025-01-29,2025-01-29,0
C04918,3,3222.25,1074.08,2024-09-06,2025-11-04,13
C00480,2,3218.10,1609.05,2024-01-21,2024-11-01,9
C00301,1,3199.20,3199.20,2024-02-28,2024-02-28,0
C01348,1,3199.20,3199.20,2024-02-16,2024-02-16,0
C03097,1,3198.05,3198.05,2024-04-07,2024-04-07,0
C04409,2,3183.15,1591.58,2024-12-31,2025-09-03,8
C02220,1,3177.10,3177.10,2024-03-18,2024-03-18,0
C01868,2,3166.65,1583.33,2024-01-28,2025-02-28,13
C03552,1,3158.25,3158.25,2024-04-28,2024-04-28,0
C01237,4,3155.45,788.86,2024-08-28,2025-06-21,9
C00348,1,3149.10,3149.10,2025-04-27,2025-04-27,0
C01362,1,3149.10,3149.10,2024-10-23,2024-10-23,0
C01963,1,3149.10,3149.10,2025-02-25,2025-02-25,0
C03081,1,3149.10,3149.10,2025-04-02,2025-04-02,0
C01033,2,3148.15,1574.08,2024-10-23,2025-12-31,14
C03380,2,3132.15,1566.08,2024-04-21,2025-10-13,17
C01996,2,3128.15,1564.08,2024-01-28,2024-04-16,2
C00938,3,3104.90,1034.97,2024-01-09,2025-04-24,15
C02258,2,3097.20,1548.60,2024-03-03,2025-10-07,19
C01711,2,3065.70,1532.85,2024-02-04,2025-05-01,14
C01500,1,3058.30,3058.30,2025-06-09,2025-06-09,0
C04796,1,3057.40,3057.40,2024-01-02,2024-01-02,0
C00331,1,3038.40,3038.40,2025-07-01,2025-07-01,0
C00729,1,3038.10,3038.10,2024-09-20,2024-09-20,0
C01194,1,3038.10,3038.10,2025-02-13,2025-02-13,0
C01283,1,3038.10,3038.10,2024-06-05,2024-06-05,0
C01717,1,3038.10,3038.10,2025-12-07,2025-12-07,0
C04165,1,3038.10,3038.10,2025-11-01,2025-11-01,0
C04207,1,3038.10,3038.10,2025-03-08,2025-03-08,0
C04536,1,3038.10,3038.10,2024-07-02,2024-07-02,0
C01156,1,3036.20,3036.20,2024-11-28,2024-11-28,0
C02212,2,3008.05,1504.03,2024-08-31,2025-02-23,5
C00560,1,2999.00,2999.00,2025-09-08,2025-09-08,0
C00561,1,2999.00,2999.00,2024-03-09,2024-03-09,0
C01043,1,2999.00,2999.00,2025-02-15,2025-02-15,0
C01180,1,2999.00,2999.00,2025-02-22,2025-02-22,0
C02690,1,2999.00,2999.00,2024-04-15,2024-04-15,0
C04227,1,2999.00,2999.00,2025-05-09,2025-05-09,0
C01104,1,2996.00,2996.00,2025-11-20,2025-11-20,0
C02370,2,2976.15,1488.08,2024-07-15,2024-10-25,3
C00876,1,2974.15,2974.15,2025-04-12,2025-04-12,0
C01100,1,2974.15,2974.15,2024-01-21,2024-01-21,0
C01154,1,2974.15,2974.15,2024-07-22,2024-07-22,0
C02697,1,2974.15,2974.15,2024-11-15,2024-11-15,0
C04392,1,2974.15,2974.15,2025-12-16,2025-12-16,0
C00918,3,2967.35,989.12,2025-07-17,2025-11-10,3
C04613,2,2956.40,1478.20,2024-04-25,2024-12-11,7
C03555,1,2908.25,2908.25,2025-08-27,2025-08-27,0
C03386,2,2903.15,1451.58,2024-10-06,2025-07-09,9
C01241,1,2878.20,2878.20,2025-10-25,2025-10-25,0
C02689,1,2878.20,2878.20,2025-04-22,2025-04-22,0
C03643,1,2878.20,2878.20,2024-01-08,2024-01-08,0
C04464,1,2877.60,2877.60,2024-10-05,2024-10-05,0
C03481,2,2877.10,1438.55,2025-06-13,2025-07-20,1
C01048,2,2868.35,1434.18,2024-04-07,2024-10-12,6
C02322,2,2861.15,1430.58,2025-03-18,2025-10-30,7
C00747,1,2857.25,2857.25,2024-01-22,2024-01-22,0
C00412,1,2849.05,2849.05,2025-10-13,2025-10-13,0
C00471,1,2849.05,2849.05,2025-02-01,2025-02-01,0
C00769,1,2849.05,2849.05,2025-03-29,2025-03-29,0
C00813,1,2849.05,2849.05,2025-08-04,2025-08-04,0
C01005,1,2849.05,2849.05,2025-06-10,2025-06-10,0
C01459,1,2849.05,2849.05,2025-05-28,2025-05-28,0
C02114,1,2849.05,2849.05,2024-09-22,2024-09-22,0
C02146,1,2849.05,2849.05,2024-12-07,2024-12-07,0
C02301,1,2849.05,2849.05,2024-01-19,2024-01-19,0
C02886,1,2849.05,2849.05,2024-08-23,2024-08-23,0
C02899,1,2849.05,2849.05,2024-04-04,2024-04-04,0
C03177,1,2849.05,2849.05,2025-02-21,2025-02-21,0
C03373,1,2849.05,2849.05,2025-01-03,2025-01-03,0
C03844,1,2849.05,2849.05,2025-12-24,2025-12-24,0
C04539,1,2849.05,2849.05,2025-07-22,2025-07-22,0
C04655,1,2849.05,2849.05,2024-08-10,2024-08-10,0
C00143,2,2848.05,1424.03,2024-12-15,2025-03-18,3
C04757,2,2827.45,1413.73,2024-09-30,2025-12-06,14
C03646,2,2822.45,1411.23,2024-01-05,2025-10-18,21
C01590,1,2807.55,2807.55,2024-04-21,2024-04-21,0
C03624,1,2799.20,2799.20,2025-02-25,2025-02-25,0
C01315,2,2797.20,1398.60,2024-04-24,2025-06-14,13
C01158,1,2787.30,2787.30,2024-03-26,2024-03-26,0
C04531,2,2763.15,1381.58,2024-06-15,2024-10-07,3
C03294,1,2753.10,2753.10,2024-07-10,2024-07-10,0
C01721,1,2738.20,2738.20,2024-12-09,2024-12-09,0
C01742,2,2738.10,1369.05,2025-07-29,2025-10-31,3
C01836,1,2731.50,2731.50,2024-03-26,2024-03-26,0
C02012,2,2728.20,1364.10,2024-09-28,2024-11-04,1
C01240,1,2718.30,2718.30,2025-12-03,2025-12-03,0
C03730,1,2718.30,2718.30,2025-03-16,2025-03-16,0
C04551,1,2718.20,2718.20,2024-06-03,2024-06-03,0
C04970,2,2717.10,1358.55,2025-05-08,2025-10-09,5
C03178,1,2713.20,2713.20,2025-05-08,2025-05-08,0
C01419,1,2699.10,2699.10,2024-06-30,2024-06-30,0
C01529,1,2699.10,2699.10,2025-08-26,2025-08-26,0
C01834,1,2699.10,2699.10,2025-04-29,2025-04-29,0
C02281,1,2699.10,2699.10,2024-12-07,2024-12-07,0
C02307,1,2699.10,2699.10,2024-12-08,2024-12-08,0
C03570,1,2699.10,2699.10,2025-07-15,2025-07-15,0
C03681,1,2699.10,2699.10,2024-09-29,2024-09-29,0
C04850,1,2699.10,2699.10,2025-06-19,2025-06-19,0
C04923,1,2699.10,2699.10,2025-03-22,2025-03-22,0
C03628,2,2697.05,1348.53,2024-10-27,2025-05-09,6
C00163,1,2697.00,2697.00,2025-03-17,2025-03-17,0
C00067,1,2668.20,2668.20,2025-02-10,2025-02-10,0
C00357,1,2658.15,2658.15,2024-07-06,2024-07-06,0
C00341,1,2653.05,2653.05,2025-09-07,2025-09-07,0
C04647,1,2598.15,2598.15,2024-08-30,2024-08-30,0
C04638,1,2578.15,2578.15,2025-06-21,2025-06-21,0
C04570,1,2558.40,2558.40,2025-07-07,2025-07-07,0
C04144,2,2558.25,1279.13,2024-02-28,2024-07-25,4
C02939,2,2558.25,1279.13,2024-01-08,2024-01-24,0
C02778,1,2557.25,2557.25,2024-05-05,2024-05-05,0
C00838,1,2549.15,2549.15,2024-06-03,2024-06-03,0
C02006,1,2549.15,2549.15,2025-03-01,2025-03-01,0
C02318,1,2549.15,2549.15,2025-03-31,2025-03-31,0
C03363,1,2549.15,2549.15,2024-02-16,2024-02-16,0
C03639,1,2549.15,2549.15,2025-01-05,2025-01-05,0
C03904,1,2549.15,2549.15,2024-10-10,2024-10-10,0
C04161,1,2549.15,2549.15,2024-03-24,2024-03-24,0
C00575,1,2543.25,2543.25,2024-12-22,2024-12-22,0
C03762,2,2538.20,1269.10,2024-12-13,2025-03-24,3
C04219,2,2522.35,1261.18,2024-05-23,2024-11-08,5
C04431,1,2518.20,2518.20,2024-05-15,2024-05-15,0
C04109,1,2518.10,2518.10,2024-06-07,2024-06-07,0
C04822,3,2517.30,839.10,2024-06-26,2025-10-19,15
C01846,1,2499.00,2499.00,2025-10-06,2025-10-06,0
C02039,1,2499.00,2499.00,2025-11-09,2025-11-09,0
C03617,1,2499.00,2499.00,2025-05-12,2025-05-12,0
C03875,1,2499.00,2499.00,2024-09-20,2024-09-20,0
C03954,1,2499.00,2499.00,2024-04-01,2024-04-01,0
C02130,2,2498.30,1249.15,2024-04-05,2025-04-27,12
C04873,2,2498.10,1249.05,2024-04-19,2025-04-26,12
C00214,2,2478.30,1239.15,2024-07-26,2025-06-27,11
C03788,2,2473.15,1236.58,2024-11-02,2025-11-16,12
C01090,1,2468.10,2468.10,2025-01-14,2025-01-14,0
C01386,1,2468.10,2468.10,2024-10-20,2024-10-20,0
C01540,1,2468.10,2468.10,2024-09-26,2024-09-26,0
C02240,1,2468.10,2468.10,2025-03-21,2025-03-21,0
C03616,1,2468.10,2468.10,2024-10-23,2024-10-23,0
C04721,1,2468.10,2468.10,2025-12-29,2025-12-29,0
C03028,1,2467.35,2467.35,2024-12-25,2024-12-25,0
C04019,1,2463.15,2463.15,2024-01-28,2024-01-28,0
C03420,2,2458.25,1229.13,2024-03-05,2025-10-12,19
C00325,1,2443.35,2443.35,2024-11-06,2024-11-06,0
C01732,1,2438.20,2438.20,2024-09-27,2024-09-27,0
C01554,2,2428.15,1214.08,2024-01-13,2025-06-17,17
C04413,1,2427.30,2427.30,2024-08-15,2024-08-15,0
C00996,1,2427.10,2427.10,2024-06-23,2024-06-23,0
C00545,1,2408.10,2408.10,2025-12-01,2025-12-01,0
C04786,1,2399.20,2399.20,2025-10-05,2025-10-05,0
C02000,1,2398.00,2398.00,2024-06-25,2024-06-25,0
C02104,1,2398.00,2398.00,2025-02-15,2025-02-15,0
C03504,1,2397.00,2397.00,2024-08-14,2024-08-14,0
C04372,1,2397.00,2397.00,2025-10-30,2025-10-30,0
C01073,1,2383.20,2383.20,2025-09-26,2025-09-26,0
C04191,1,2378.05,2378.05,2025-01-06,2025-01-06,0
C03716,2,2377.25,1188.63,2024-10-09,2025-02-18,4
C02090,1,2377.05,2377.05,2025-11-21,2025-11-21,0
C01706,1,2374.05,2374.05,2025-03-24,2025-03-24,0
C02380,1,2374.05,2374.05,2024-03-17,2024-03-17,0
C03040,1,2374.05,2374.05,2024-06-18,2024-06-18,0
C03164,1,2374.05,2374.05,2024-08-14,2024-08-14,0
C04904,1,2374.05,2374.05,2024-08-11,2024-08-11,0
C04985,1,2374.05,2374.05,2025-08-10,2025-08-10,0
C03415,1,2358.05,2358.05,2024-12-22,2024-12-22,0
C03402,1,2338.20,2338.20,2024-02-21,2024-02-21,0
C01545,1,2338.10,2338.10,2024-07-29,2024-07-29,0
C01939,1,2338.10,2338.10,2025-06-08,2025-06-08,0
C01972,1,2337.30,2337.30,2025-11-11,2025-11-11,0
C02875,1,2308.20,2308.20,2025-12-09,2025-12-09,0
C00819,2,2293.30,1146.65,2024-01-16,2025-06-04,16
C02557,1,2292.45,2292.45,2024-07-25,2024-07-25,0
C04200,2,2278.15,1139.08,2024-01-26,2024-03-21,1
C00093,1,2278.10,2278.10,2024-01-04,2024-01-04,0
C02698,1,2278.10,2278.10,2024-02-18,2024-02-18,0
C00193,1,2263.05,2263.05,2025-09-27,2025-09-27,0
C00734,1,2249.10,2249.10,2024-11-11,2024-11-11,0
C03482,1,2249.10,2249.10,2024-04-18,2024-04-18,0
C04326,1,2249.10,2249.10,2024-06-19,2024-06-19,0
C01313,2,2247.30,1123.65,2025-05-30,2025-08-18,2
C04221,1,2243.25,2243.25,2025-05-06,2025-05-06,0
C03961,1,2208.30,2208.30,2024-09-16,2024-09-16,0
C00569,1,2168.10,2168.10,2024-05-06,2024-05-06,0
C00816,1,2158.20,2158.20,2024-04-12,2024-04-12,0
C03670,1,2158.20,2158.20,2025-08-29,2025-08-29,0
C04547,1,2158.20,2158.20,2024-11-10,2024-11-10,0
C04554,1,2158.20,2158.20,2025-11-15,2025-11-15,0
C04079,1,2124.15,2124.15,2024-07-19,2024-07-19,0
C04378,1,2124.15,2124.15,2024-10-25,2024-10-25,0
C04420,1,2124.15,2124.15,2025-07-05,2025-07-05,0
C04544,1,2124.15,2124.15,2024-03-06,2024-03-06,0
C01995,1,2124.15,2124.15,2025-10-16,2025-10-16,0
C02552,1,2124.15,2124.15,2024-06-13,2024-06-13,0
C02625,1,2124.15,2124.15,2024-04-10,2024-04-10,0
C00812,1,2103.15,2103.15,2025-06-14,2025-06-14,0
C00568,1,2038.25,2038.25,2025-05-17,2025-05-17,0
C03801,1,2018.10,2018.10,2024-10-06,2024-10-06,0
C00286,1,1999.00,1999.00,2024-12-28,2024-12-28,0
C02469,1,1999.00,1999.00,2025-08-25,2025-08-25,0
C02747,1,1999.00,1999.00,2024-07-01,2024-07-01,0
C02906,1,1999.00,1999.00,2024-05-22,2024-05-22,0
C04937,1,1999.00,1999.00,2024-02-22,2024-02-22,0
C04119,1,1998.00,1998.00,2024-07-15,2024-07-15,0
C02788,2,1998.00,999.00,2024-02-19,2025-12-12,21
C00666,1,1976.30,1976.30,2024-01-25,2024-01-25,0
C00223,1,1968.10,1968.10,2025-03-10,2025-03-10,0
C01122,1,1918.05,1918.05,2025-06-22,2025-06-22,0
C00652,1,1917.10,1917.10,2025-05-15,2025-05-15,0
C01642,1,1903.20,1903.20,2024-01-23,2024-01-23,0
C01127,1,1899.05,1899.05,2025-01-25,2025-01-25,0
C03652,1,1899.05,1899.05,2024-02-23,2024-02-23,0
C04150,1,1899.05,1899.05,2025-07-10,2025-07-10,0
C04986,1,1899.05,1899.05,2024-05-29,2024-05-29,0
C00274,1,1899.00,1899.00,2024-04-12,2024-04-12,0
C03058,1,1898.10,1898.10,2024-02-19,2024-02-19,0
C03551,1,1898.10,1898.10,2024-04-11,2024-04-11,0
C01771,1,1882.55,1882.55,2024-05-18,2024-05-18,0
C01704,1,1878.15,1878.15,2024-04-06,2024-04-06,0
C01373,1,1804.05,1804.05,2024-11-08,2024-11-08,0
C02210,1,1804.05,1804.05,2024-09-04,2024-09-04,0
C03745,1,1804.05,1804.05,2024-07-02,2024-07-02,0
C03895,1,1804.05,1804.05,2024-07-08,2024-07-08,0
C00090,1,1799.10,1799.10,2025-07-19,2025-07-19,0
C01384,1,1799.10,1799.10,2025-07-30,2025-07-30,0
C01584,1,1799.10,1799.10,2025-12-25,2025-12-25,0
C03451,1,1799.10,1799.10,2024-09-28,2024-09-28,0
C00085,1,1799.00,1799.00,2025-08-28,2025-08-28,0
C00092,1,1799.00,1799.00,2025-08-30,2025-08-30,0
C01654,1,1799.00,1799.00,2024-04-22,2024-04-22,0
C01830,1,1799.00,1799.00,2024-07-07,2024-07-07,0
C02031,1,1799.00,1799.00,2024-10-01,2024-10-01,0
C02795,1,1799.00,1799.00,2025-08-08,2025-08-08,0
C02861,1,1799.00,1799.00,2024-06-17,2024-06-17,0
C03429,1,1799.00,1799.00,2025-08-09,2025-08-09,0
C03520,1,1799.00,1799.00,2025-07-08,2025-07-08,0
C03667,1,1799.00,1799.00,2024-05-13,2024-05-13,0
C04410,1,1799.00,1799.00,2024-09-03,2024-09-03,0
C04731,1,1799.00,1799.00,2025-02-18,2025-02-18,0
C02249,2,1798.30,899.15,2024-11-09,2025-02-16,3
C01233,1,1798.20,1798.20,2024-10-02,2024-10-02,0
C02035,1,1798.20,1798.20,2024-05-02,2024-05-02,0
C02661,1,1798.20,1798.20,2025-10-24,2025-10-24,0
C04188,1,1798.20,1798.20,2024-09-16,2024-09-16,0
C04432,1,1798.00,1798.00,2025-05-14,2025-05-14,0
C02402,1,1798.00,1798.00,2024-10-29,2024-10-29,0
C00076,1,1782.45,1782.45,2024-07-10,2024-07-10,0
C00833,2,1753.05,876.53,2024-02-27,2025-01-31,11
C00097,1,1709.10,1709.10,2024-10-30,2024-10-30,0
C00517,1,1709.10,1709.10,2025-11-14,2025-11-14,0
C01243,1,1709.10,1709.10,2024-01-22,2024-01-22,0
C03484,1,1709.10,1709.10,2024-04-27,2024-04-27,0
C04742,1,1709.10,1709.10,2025-10-23,2025-10-23,0
C04056,1,1709.05,1709.05,2024-06-06,2024-06-06,0
C04466,1,1709.05,1709.05,2025-08-30,2025-08-30,0
C04807,1,1709.05,1709.05,2025-01-05,2025-01-05,0
C00525,1,1709.05,1709.05,2024-07-11,2024-07-11,0
C00796,1,1709.05,1709.05,2025-12-17,2025-12-17,0
C00854,1,1709.05,1709.05,2024-09-17,2024-09-17,0
C01856,1,1709.05,1709.05,2024-04-25,2024-04-25,0
C02628,1,1709.05,1709.05,2024-10-03,2024-10-03,0
C03407,1,1709.05,1709.05,2024-03-28,2024-03-28,0
C03492,1,1709.05,1709.05,2024-10-29,2024-10-29,0
C03852,1,1709.05,1709.05,2024-08-15,2024-08-15,0
C01569,2,1708.20,854.10,2024-09-08,2025-01-24,4
C02958,1,1708.10,1708.10,2025-04-13,2025-04-13,0
C04617,1,1708.10,1708.10,2025-12-28,2025-12-28,0
C00019,1,1699.15,1699.15,2024-02-24,2024-02-24,0
C00234,1,1699.15,1699.15,2024-08-24,2024-08-24,0
C02040,1,1699.15,1699.15,2024-02-13,2024-02-13,0
C03296,2,1698.10,849.05,2024-04-18,2025-08-21,16
C03372,1,1678.30,1678.30,2025-12-19,2025-12-19,0
C00577,2,1653.05,826.53,2024-05-07,2024-07-26,2
C00296,1,1619.10,1619.10,2025-07-18,2025-07-18,0
C00775,1,1619.10,1619.10,2025-02-21,2025-02-21,0
C00962,1,1619.10,1619.10,2025-02-03,2025-02-03,0
C01263,1,1619.10,1619.10,2025-05-20,2025-05-20,0
C02450,1,1619.10,1619.10,2025-12-14,2025-12-14,0
C03330,1,1619.10,1619.10,2025-06-16,2025-06-16,0
C04896,2,1618.35,809.18,2025-02-27,2025-03-30,1
C04039,1,1618.20,1618.20,2024-05-20,2024-05-20,0
C00686,1,1618.20,1618.20,2024-08-15,2024-08-15,0
C00781,1,1618.20,1618.20,2024-07-15,2024-07-15,0
C00027,1,1614.15,1614.15,2025-05-23,2025-05-23,0
C00889,1,1614.15,1614.15,2024-08-11,2024-08-11,0
C01389,1,1614.15,1614.15,2025-05-18,2025-05-18,0
C03634,1,1614.15,1614.15,2024-01-30,2024-01-30,0
C04839,1,1608.10,1608.10,2025-10-09,2025-10-09,0
C04371,1,1599.00,1599.00,2025-05-28,2025-05-28,0
C00174,1,1599.00,1599.00,2025-10-28,2025-10-28,0
C00247,1,1599.00,1599.00,2025-11-05,2025-11-05,0
C01379,1,1599.00,1599.00,2024-11-10,2024-11-10,0
C01568,1,1599.00,1599.00,2025-07-08,2025-07-08,0
C01613,1,1599.00,1599.00,2024-07-25,2024-07-25,0
C01639,1,1599.00,1599.00,2025-06-29,2025-06-29,0
C02428,1,1599.00,1599.00,2024-05-31,2024-05-31,0
C02708,1,1599.00,1599.00,2024-05-20,2024-05-20,0
C02987,1,1599.00,1599.00,2025-08-18,2025-08-18,0
C03160,1,1599.00,1599.00,2024-10-09,2024-10-09,0
C04162,1,1598.00,1598.00,2024-12-21,2024-12-21,0
C04917,1,1598.00,1598.00,2024-02-09,2024-02-09,0
C01446,2,1567.20,783.60,2025-06-05,2025-12-26,6
C02968,1,1558.10,1558.10,2024-09-07,2024-09-07,0
C00129,1,1529.15,1529.15,2025-06-30,2025-06-30,0
C00447,1,1529.15,1529.15,2025-10-26,2025-10-26,0
C01143,1,1529.15,1529.15,2025-06-28,2025-06-28,0
C02282,1,1529.15,1529.15,2024-09-28,2024-09-28,0
C02813,1,1529.15,1529.15,2025-09-25,2025-09-25,0
C03732,1,1529.15,1529.15,2025-12-28,2025-12-28,0
C03798,1,1529.15,1529.15,2025-11-26,2025-11-26,0
C04086,1,1529.15,1529.15,2024-06-22,2024-06-22,0
C04541,1,1529.15,1529.15,2025-08-27,2025-08-27,0
C00062,1,1528.30,1528.30,2024-09-23,2024-09-23,0
C00511,1,1528.30,1528.30,2024-05-08,2024-05-08,0
C02654,1,1528.30,1528.30,2025-03-15,2025-03-15,0
C03341,1,1528.30,1528.30,2024-11-05,2024-11-05,0
C02655,1,1519.20,1519.20,2024-06-18,2024-06-18,0
C00177,1,1519.05,1519.05,2025-08-14,2025-08-14,0
C00359,1,1519.05,1519.05,2024-05-23,2024-05-23,0
C01559,1,1519.05,1519.05,2024-01-15,2024-01-15,0
C01629,1,1519.05,1519.05,2025-02-06,2025-02-06,0
C01679,1,1519.05,1519.05,2025-07-30,2025-07-30,0
C03988,1,1519.05,1519.05,2025-04-29,2025-04-29,0
C02823,1,1518.10,1518.10,2024-12-28,2024-12-28,0
C02646,2,1516.20,758.10,2024-02-01,2025-05-04,15
C00491,2,1473.15,736.58,2024-07-25,2025-12-28,17
C04421,2,1473.15,736.58,2025-07-30,2025-08-19,0
C04104,1,1439.20,1439.20,2025-01-09,2025-01-09,0
C00608,1,1439.20,1439.20,2024-08-12,2024-08-12,0
C01592,1,1439.20,1439.20,2024-11-10,2024-11-10,0
C01661,1,1439.20,1439.20,2025-12-01,2025-12-01,0
C02403,1,1439.20,1439.20,2024-07-16,2024-07-16,0
C03336,1,1439.20,1439.20,2024-01-30,2024-01-30,0
C03441,1,1439.20,1439.20,2025-08-16,2025-08-16,0
C00271,1,1439.10,1439.10,2025-07-31,2025-07-31,0
C01013,1,1439.10,1439.10,2025-11-01,2025-11-01,0
C02162,1,1439.10,1439.10,2024-10-25,2024-10-25,0
C02218,1,1439.10,1439.10,2024-04-08,2024-04-08,0
C02313,1,1439.10,1439.10,2024-06-14,2024-06-14,0
C02508,1,1439.10,1439.10,2025-09-02,2025-09-02,0
C03051,1,1439.10,1439.10,2024-06-21,2024-06-21,0
C03286,1,1439.10,1439.10,2025-09-18,2025-09-18,0
C03789,1,1439.10,1439.10,2024-08-28,2024-08-28,0
C04844,1,1439.10,1439.10,2024-07-14,2024-07-14,0
C00704,1,1438.20,1438.20,2024-08-17,2024-08-17,0
C02635,1,1438.20,1438.20,2025-12-27,2025-12-27,0
C03256,1,1438.20,1438.20,2024-07-23,2024-07-23,0
C03513,2,1418.15,709.08,2024-04-21,2024-07-03,2
C03025,2,1398.25,699.13,2024-05-11,2024-05-24,0
C00547,1,1398.00,1398.00,2025-01-27,2025-01-27,0
C00742,2,1383.15,691.58,2024-12-12,2025-07-16,7
C00270,1,1359.15,1359.15,2025-06-02,2025-06-02,0
C03123,1,1359.15,1359.15,2025-05-30,2025-05-30,0
C03383,1,1328.10,1328.10,2024-09-19,2024-09-19,0
C00407,1,1299.00,1299.00,2025-08-22,2025-08-22,0
C01950,1,1299.00,1299.00,2025-12-30,2025-12-30,0
C03158,1,1299.00,1299.00,2024-07-27,2024-07-27,0
C01223,1,1279.20,1279.20,2025-06-08,2025-06-08,0
C01807,1,1279.20,1279.20,2024-02-14,2024-02-14,0
C00126,1,1234.05,1234.05,2024-02-25,2024-02-25,0
C02602,1,1234.05,1234.05,2024-12-30,2024-12-30,0
C02730,1,1234.05,1234.05,2024-08-29,2024-08-29,0
C03180,1,1234.05,1234.05,2025-04-12,2025-04-12,0
C04313,1,1234.05,1234.05,2025-06-03,2025-06-03,0
C04965,1,1234.05,1234.05,2024-06-04,2024-06-04,0
C00210,1,1228.20,1228.20,2025-11-24,2025-11-24,0
C03285,1,1199.00,1199.00,2024-09-04,2024-09-04,0
C03756,1,1199.00,1199.00,2024-05-04,2024-05-04,0
C03785,1,1199.00,1199.00,2025-12-01,2025-12-01,0
C04173,1,1199.00,1199.00,2025-02-25,2025-02-25,0
C04377,1,1199.00,1199.00,2024-02-15,2024-02-15,0
C02715,1,1197.00,1197.00,2025-07-30,2025-07-30,0
C04351,1,1188.30,1188.30,2025-12-22,2025-12-22,0
C04485,2,1188.30,594.15,2024-09-16,2025-07-05,9
C04652,1,1188.30,1188.30,2024-05-26,2024-05-26,0
C04677,1,1169.10,1169.10,2024-02-08,2024-02-08,0
C00242,1,1169.10,1169.10,2025-01-20,2025-01-20,0
C00524,1,1139.05,1139.05,2024-01-20,2024-01-20,0
C00774,1,1139.05,1139.05,2024-10-07,2024-10-07,0
C00973,1,1139.05,1139.05,2024-07-11,2024-07-11,0
C01476,1,1139.05,1139.05,2024-05-29,2024-05-29,0
C01485,1,1139.05,1139.05,2025-08-20,2025-08-20,0
C02080,1,1139.05,1139.05,2024-06-14,2024-06-14,0
C02548,1,1139.05,1139.05,2024-07-10,2024-07-10,0
C02767,1,1139.05,1139.05,2024-10-17,2024-10-17,0
C03101,1,1139.05,1139.05,2025-03-14,2025-03-14,0
C03239,1,1139.05,1139.05,2024-02-17,2024-02-17,0
C03837,1,1139.05,1139.05,2024-09-20,2024-09-20,0
C03848,1,1139.05,1139.05,2025-02-19,2025-02-19,0
C01631,1,1118.40,1118.40,2025-05-26,2025-05-26,0
C00950,1,1104.15,1104.15,2024-04-29,2024-04-29,0
C04025,1,1104.15,1104.15,2024-02-04,2024-02-04,0
C04152,1,1104.15,1104.15,2024-02-03,2024-02-03,0
C01047,1,1079.10,1079.10,2025-01-19,2025-01-19,0
C01407,1,1079.10,1079.10,2024-03-25,2024-03-25,0
C01480,1,1079.10,1079.10,2025-04-16,2025-04-16,0
C02785,1,1079.10,1079.10,2025-03-19,2025-03-19,0
C02935,1,1079.10,1079.10,2025-11-29,2025-11-29,0
C02962,1,1079.10,1079.10,2025-07-04,2025-07-04,0
C03786,1,1079.10,1079.10,2025-07-13,2025-07-13,0
C03862,1,1079.10,1079.10,2025-12-06,2025-12-06,0
C00383,2,1077.30,538.65,2024-04-05,2025-09-06,17
C03021,1,1058.25,1058.25,2025-07-12,2025-07-12,0
C01810,1,1039.20,1039.20,2024-05-24,2024-05-24,0
C02880,1,1039.20,1039.20,2025-12-13,2025-12-13,0
C03144,1,1039.20,1039.20,2024-07-18,2024-07-18,0
C01791,2,1038.20,519.10,2024-03-27,2024-06-09,2
C01078,1,1019.15,1019.15,2025-09-25,2025-09-25,0
C02523,1,1019.15,1019.15,2025-03-28,2025-03-28,0
C00166,1,1017.45,1017.45,2024-08-11,2024-08-11,0
C00053,1,999.00,999.00,2025-08-27,2025-08-27,0
C00457,1,999.00,999.00,2025-08-24,2025-08-24,0
C00527,1,999.00,999.00,2025-09-16,2025-09-16,0
C02274,1,959.20,959.20,2024-12-10,2024-12-10,0
C04328,1,959.20,959.20,2025-02-08,2025-02-08,0
C04670,1,959.20,959.20,2024-12-12,2024-12-12,0
C04275,1,949.05,949.05,2025-07-13,2025-07-13,0
C00643,1,949.05,949.05,2025-04-21,2025-04-21,0
C01242,1,949.05,949.05,2025-01-09,2025-01-09,0
C02723,1,949.05,949.05,2024-04-15,2024-04-15,0
C03690,1,949.05,949.05,2025-01-08,2025-01-08,0
C03806,1,949.05,949.05,2025-12-13,2025-12-13,0
C01789,1,899.10,899.10,2024-06-27,2024-06-27,0
C03437,1,899.10,899.10,2025-10-31,2025-10-31,0
C03582,1,899.10,899.10,2025-01-09,2025-01-09,0
C04489,1,899.10,899.10,2025-01-30,2025-01-30,0
C04038,1,899.00,899.00,2025-02-15,2025-02-15,0
C04435,1,899.00,899.00,2024-02-14,2024-02-14,0
C04557,1,899.00,899.00,2025-04-07,2025-04-07,0
C00145,1,899.00,899.00,2025-12-23,2025-12-23,0
C02123,1,899.00,899.00,2025-07-03,2025-07-03,0
C02256,1,899.00,899.00,2024-12-09,2024-12-09,0
C03540,1,899.00,899.00,2024-09-01,2024-09-01,0
C03290,1,854.05,854.05,2025-06-21,2025-06-21,0
C03569,1,854.05,854.05,2025-11-18,2025-11-18,0
C00073,1,849.15,849.15,2025-04-17,2025-04-17,0
C01054,1,849.15,849.15,2024-04-13,2024-04-13,0
C04379,1,849.15,849.15,2025-04-06,2025-04-06,0
C04745,1,849.15,849.15,2024-01-03,2024-01-03,0
C03261,1,809.10,809.10,2024-01-23,2024-01-23,0
C03370,1,809.10,809.10,2025-02-24,2025-02-24,0
C01452,1,799.20,799.20,2025-05-13,2025-05-13,0
C00705,1,799.00,799.00,2025-01-08,2025-01-08,0
C02758,1,799.00,799.00,2024-03-05,2024-03-05,0
C02805,1,799.00,799.00,2024-05-23,2024-05-23,0
C03978,1,799.00,799.00,2025-04-20,2025-04-20,0
C04457,1,799.00,799.00,2024-07-30,2024-07-30,0
C04295,1,764.15,764.15,2025-09-17,2025-09-17,0
C00077,1,764.15,764.15,2024-02-04,2024-02-04,0
C00542,1,764.15,764.15,2025-12-17,2025-12-17,0
C02312,1,764.15,764.15,2025-04-10,2025-04-10,0
C03127,1,764.15,764.15,2025-06-19,2025-06-19,0
C03357,1,764.15,764.15,2024-07-29,2024-07-29,0
C01292,1,759.05,759.05,2024-07-05,2024-07-05,0
C02533,1,759.05,759.05,2025-11-11,2025-11-11,0
C03089,1,759.05,759.05,2024-05-15,2024-05-15,0
C03243,1,759.05,759.05,2024-05-14,2024-05-14,0
C04020,1,759.05,759.05,2024-12-16,2024-12-16,0
C04107,1,759.05,759.05,2024-04-17,2024-04-17,0
C04125,1,758.10,758.10,2025-12-11,2025-12-11,0
C00258,1,758.10,758.10,2024-04-09,2024-04-09,0
C01823,1,719.20,719.20,2025-11-19,2025-11-19,0
C02997,1,719.20,719.20,2025-05-18,2025-05-18,0
C00197,1,719.10,719.10,2025-11-25,2025-11-25,0
C01541,1,719.10,719.10,2024-04-08,2024-04-08,0
C02354,1,719.10,719.10,2025-01-11,2025-01-11,0
C00842,1,718.20,718.20,2025-04-18,2025-04-18,0
C03087,1,718.20,718.20,2025-01-12,2025-01-12,0
C00303,1,699.00,699.00,2024-12-18,2024-12-18,0
C00802,1,699.00,699.00,2024-08-07,2024-08-07,0
C01752,1,699.00,699.00,2024-10-10,2024-10-10,0
C04145,1,699.00,699.00,2025-10-13,2025-10-13,0
C04212,1,679.15,679.15,2024-11-25,2024-11-25,0
C01831,1,679.15,679.15,2025-06-29,2025-06-29,0
C04012,1,679.15,679.15,2025-04-29,2025-04-29,0
C00762,1,664.05,664.05,2025-08-15,2025-08-15,0
C03044,1,664.05,664.05,2024-05-18,2024-05-18,0
C03210,1,664.05,664.05,2025-05-16,2025-05-16,0
C03458,1,664.05,664.05,2025-06-04,2025-06-04,0
C04973,1,639.20,639.20,2025-05-21,2025-05-21,0
C04716,1,629.10,629.10,2024-09-22,2024-09-22,0
C04805,1,629.10,629.10,2025-07-27,2025-07-27,0
C00417,1,629.10,629.10,2025-08-20,2025-08-20,0
C02262,1,629.10,629.10,2025-05-09,2025-05-09,0
C02750,1,629.10,629.10,2024-06-22,2024-06-22,0
C03926,1,629.10,629.10,2024-03-19,2024-03-19,0
C00089,1,594.15,594.15,2024-06-05,2024-06-05,0
C00832,1,594.15,594.15,2025-06-26,2025-06-26,0
C02680,1,594.15,594.15,2024-01-03,2024-01-03,0
C03152,1,594.15,594.15,2025-02-28,2025-02-28,0
C03587,1,594.15,594.15,2024-10-18,2024-10-18,0
C04299,1,594.15,594.15,2025-03-31,2025-03-31,0
C04362,1,559.20,559.20,2024-11-08,2024-11-08,0
C00260,1,559.20,559.20,2025-04-08,2025-04-08,0
C00020,1,399.00,399.00,2025-01-05,2025-01-05,0
C00293,1,399.00,399.00,2024-06-12,2024-06-12,0
C04260,1,399.00,399.00,2025-08-07,2025-08-07,0
C04781,1,399.00,399.00,2024-02-24,2024-02-24,0
C04478,1,379.05,379.05,2025-12-01,2025-12-01,0
C04736,1,379.05,379.05,2025-10-16,2025-10-16,0
C01260,1,379.05,379.05,2025-07-22,2025-07-22,0
C01567,1,379.05,379.05,2024-12-19,2024-12-19,0
C02694,1,379.05,379.05,2024-11-12,2024-11-12,0
C03162,1,379.05,379.05,2025-12-07,2025-12-07,0
C00195,1,359.10,359.10,2025-04-12,2025-04-12,0
C01591,1,359.10,359.10,2024-01-07,2024-01-07,0
C01931,1,359.10,359.10,2025-01-05,2025-01-05,0
C03275,1,359.10,359.10,2024-10-28,2024-10-28,0
C03840,1,359.10,359.10,2024-12-29,2024-12-29,0
C04389,1,359.10,359.10,2024-08-30,2024-08-30,0
C04891,1,359.10,359.10,2024-08-07,2024-08-07,0
C00113,1,339.15,339.15,2025-12-08,2025-12-08,0
C03533,1,339.15,339.15,2025-04-23,2025-04-23,0
C03664,1,339.15,339.15,2025-06-24,2025-06-24,0
C03918,1,339.15,339.15,2024-09-23,2024-09-23,0
C03450,1,319.20,319.20,2025-12-11,2025-12-11,0
