Customer_ID,cohort_month,order_month,months_since_first_purchase
C00001,2025-08,2025-08,0
C00002,2024-01,2024-01,0
C00002,2024-01,2024-07,5
C00002,2024-01,2025-04,14
C00002,2024-01,2025-05,15
C00002,2024-01,2025-06,16
C00003,2024-10,2024-10,0
C00003,2024-10,2025-03,4
C00003,2024-10,2025-10,11
C00004,2024-06,2024-06,0
C00005,2024-07,2024-07,0
C00006,2024-07,2024-07,0
C00006,2024-07,2024-08,0
C00006,2024-07,2024-09,1
C00006,2024-07,2024-10,2
C00006,2024-07,2025-02,6
C00006,2024-07,2025-10,14
C00007,2025-08,2025-08,0
C00007,2025-08,2025-11,2
C00008,2024-06,2024-06,0
C00008,2024-06,2024-10,3
C00008,2024-06,2024-12,5
C00008,2024-06,2025-01,6
C00008,2024-06,2025-05,10
C00009,2024-08,2024-08,0
C00009,2024-08,2024-12,3
C00010,2024-06,2024-06,0
C00010,2024-06,2025-01,6
C00010,2024-06,2025-06,11
C00010,2024-06,2025-09,14
C00011,2025-08,2025-08,0
C00011,2025-08,2025-12,3
C00012,2024-06,2024-06,0
C00012,2024-06,2024-11,4
C00012,2024-06,2025-01,6
C00012,2024-06,2025-05,10
C00012,2024-06,2025-10,15
C00014,2025-07,2025-07,0
C00016,2024-01,2024-01,0
C00016,2024-01,2024-02,1
C00016,2024-01,2024-11,10
C00016,2024-01,2025-05,16
C00017,2024-02,2024-02,0
C00017,2024-02,2024-12,9
C00018,2025-09,2025-09,0
C00018,2025-09,2025-10,0
C00018,2025-09,2025-11,1
C00019,2024-02,2024-02,0
C00020,2025-01,2025-01,0
C00021,2025-01,2025-01,0
C00021,2025-01,2025-06,4
C00022,2024-01,2024-01,0
C00022,2024-01,2024-02,0
C00022,2024-01,2024-12,10
C00022,2024-01,2025-03,13
C00022,2024-01,2025-07,17
C00024,2024-09,2024-09,0
C00024,2024-09,2025-04,6
C00024,2024-09,2025-08,10
C00024,2024-09,2025-09,11
C00025,2024-01,2024-01,0
C00025,2024-01,2025-04,14
C00026,2024-02,2024-02,0
C00026,2024-02,2024-05,2
C00026,2024-02,2025-01,10
C00027,2025-05,2025-05,0
C00029,2024-05,2024-05,0
C00029,2024-05,2024-07,1
C00029,2024-05,2025-06,12
C00030,2024-08,2024-08,0
C00030,2024-08,2025-09,12
C00031,2024-03,2024-03,0
C00031,2024-03,2024-08,4
C00031,2024-03,2025-02,10
C00031,2024-03,2025-03,11
C00032,2025-02,2025-02,0
C00033,2025-04,2025-04,0
C00034,2024-08,2024-08,0
C00034,2024-08,2025-02,5
C00035,2024-02,2024-02,0
C00035,2024-02,2025-01,10
C00035,2024-02,2025-09,18
C00036,2024-07,2024-07,0
C00036,2024-07,2025-03,7
C00036,2024-07,2025-11,15
C00037,2025-09,2025-09,0
C00038,2025-02,2025-02,0
C00038,2025-02,2025-07,4
C00039,2024-04,2024-04,0
C00039,2024-04,2024-11,6
C00039,2024-04,2024-12,7
C00039,2024-04,2025-03,10
C00039,2024-04,2025-06,13
C00039,2024-04,2025-10,17
C00039,2024-04,2025-12,19
C00040,2025-12,2025-12,0
C00043,2025-11,2025-11,0
C00044,2024-07,2024-07,0
C00044,2024-07,2024-12,4
C00044,2024-07,2025-04,8
C00044,2024-07,2025-11,15
C00044,2024-07,2025-12,16
C00047,2024-08,2024-08,0
C00047,2024-08,2025-04,7
C00047,2024-08,2025-10,13
C00047,2024-08,2025-11,14
C00048,2024-09,2024-09,0
C00050,2024-02,2024-02,0
C00050,2024-02,2025-06,15
C00050,2024-02,2025-11,20
C00051,2024-06,2024-06,0
C00051,2024-06,2025-06,11
C00051,2024-06,2025-08,13
C00052,2024-05,2024-05,0
C00052,2024-05,2024-10,4
C00052,2024-05,2025-01,7
C00052,2024-05,2025-05,11
C00052,2024-05,2025-10,16
C00053,2025-08,2025-08,0
C00054,2025-09,2025-09,0
C00055,2024-02,2024-02,0
C00055,2024-02,2025-05,14
C00055,2024-02,2025-12,21
C00056,2024-06,2024-06,0
C00056,2024-06,2024-09,2
C00056,2024-06,2025-02,7
C00057,2024-04,2024-04,0
C00057,2024-04,2024-09,4
C00057,2024-04,2025-09,16
C00058,2024-10,2024-10,0
C00058,2024-10,2025-07,8
C00060,2025-12,2025-12,0
C00062,2024-09,2024-09,0
C00065,2024-07,2024-07,0
C00065,2024-07,2024-10,2
C00065,2024-07,2025-11,15
C00067,2025-02,2025-02,0
C00071,2024-03,2024-03,0
C00071,2024-03,2024-06,2
C00071,2024-03,2024-11,7
C00073,2025-04,2025-04,0
C00074,2024-07,2024-07,0
C00074,2024-07,2024-08,0
C00074,2024-07,2025-03,7
C00075,2024-11,2024-11,0
C00075,2024-11,2025-01,1
C00075,2024-11,2025-03,3
C00076,2024-07,2024-07,0
C00077,2024-02,2024-02,0
C00078,2024-07,2024-07,0
C00078,2024-07,2024-09,1
C00078,2024-07,2024-11,3
C00078,2024-07,2025-05,9
C00079,2024-04,2024-04,0
C00079,2024-04,2024-05,0
C00079,2024-04,2025-09,16
C00080,2024-06,2024-06,0
C00080,2024-06,2025-01,6
C00081,2025-05,2025-05,0
C00082,2024-03,2024-03,0
C00082,2024-03,2024-08,4
C00082,2024-03,2025-08,16
C00082,2024-03,2025-09,17
C00083,2024-07,2024-07,0
C00083,2024-07,2024-09,1
C00084,2024-04,2024-04,0
C00085,2025-08,2025-08,0
C00086,2024-02,2024-02,0
C00086,2024-02,2024-03,0
C00086,2024-02,2024-05,2
C00086,2024-02,2024-07,4
C00086,2024-02,2024-10,7
C00086,2024-02,2025-02,11
C00086,2024-02,2025-03,12
C00086,2024-02,2025-04,13
C00086,2024-02,2025-08,17
C00087,2024-07,2024-07,0
C00087,2024-07,2025-03,7
C00087,2024-07,2025-12,16
C00088,2024-02,2024-02,0
C00088,2024-02,2024-07,4
C00088,2024-02,2025-12,21
C00089,2024-06,2024-06,0
C00090,2025-07,2025-07,0
C00091,2025-11,2025-11,0
C00092,2025-08,2025-08,0
C00093,2024-01,2024-01,0
C00094,2025-12,2025-12,0
C00097,2024-10,2024-10,0
C00098,2024-05,2024-05,0
C00098,2024-05,2024-07,1
C00098,2024-05,2024-12,6
C00098,2024-05,2025-05,11
C00100,2025-03,2025-03,0
C00100,2025-03,2025-11,7
C00103,2024-05,2024-05,0
C00104,2025-03,2025-03,0
C00106,2025-08,2025-08,0
C00106,2025-08,2025-09,0
C00107,2024-05,2024-05,0
C00107,2024-05,2024-06,0
C00107,2024-05,2025-10,16
C00107,2024-05,2025-12,18
C00108,2024-02,2024-02,0
C00108,2024-02,2024-05,2
C00108,2024-02,2024-08,5
C00108,2024-02,2025-02,11
C00108,2024-02,2025-05,14
C00108,2024-02,2025-08,17
C00109,2024-01,2024-01,0
C00109,2024-01,2024-02,0
C00109,2024-01,2024-11,9
C00109,2024-01,2025-11,21
C00110,2024-05,2024-05,0
C00110,2024-05,2024-09,3
C00110,2024-05,2024-10,4
C00110,2024-05,2025-03,9
C00110,2024-05,2025-11,17
C00112,2024-02,2024-02,0
C00112,2024-02,2025-04,13
C00112,2024-02,2025-05,14
C00112,2024-02,2025-09,18
C00113,2025-12,2025-12,0
C00115,2024-08,2024-08,0
C00115,2024-08,2024-11,2
C00116,2024-05,2024-05,0
C00116,2024-05,2024-12,6
C00117,2024-06,2024-06,0
C00117,2024-06,2025-09,14
C00118,2024-10,2024-10,0
C00120,2024-03,2024-03,0
C00120,2024-03,2024-12,8
C00120,2024-03,2025-06,14
C00121,2024-01,2024-01,0
C00121,2024-01,2024-02,0
C00121,2024-01,2024-06,4
C00121,2024-01,2024-08,6
C00121,2024-01,2024-12,10
C00121,2024-01,2025-01,11
C00121,2024-01,2025-06,16
C00122,2024-02,2024-02,0
C00122,2024-02,2024-08,5
C00122,2024-02,2025-06,15
C00124,2024-09,2024-09,0
C00126,2024-02,2024-02,0
C00127,2024-03,2024-03,0
C00127,2024-03,2025-07,15
C00128,2024-03,2024-03,0
C00128,2024-03,2024-07,3
C00128,2024-03,2025-08,16
C00129,2025-06,2025-06,0
C00130,2024-09,2024-09,0
C00130,2024-09,2025-07,9
C00130,2024-09,2025-12,14
C00131,2024-01,2024-01,0
C00131,2024-01,2024-02,0
C00131,2024-01,2024-09,7
C00132,2025-08,2025-08,0
C00133,2024-01,2024-01,0
C00133,2024-01,2025-01,11
C00133,2024-01,2025-11,21
C00134,2024-05,2024-05,0
C00134,2024-05,2024-06,0
C00134,2024-05,2025-08,14
C00135,2024-08,2024-08,0
C00135,2024-08,2024-10,2
C00135,2024-08,2025-11,15
C00136,2024-01,2024-01,0
C00138,2024-02,2024-02,0
C00139,2025-02,2025-02,0
C00139,2025-02,2025-03,0
C00140,2024-01,2024-01,0
C00140,2024-01,2024-03,1
C00140,2024-01,2024-04,2
C00140,2024-01,2024-08,6
C00140,2024-01,2025-01,11
C00140,2024-01,2025-08,18
C00140,2024-01,2025-10,20
C00141,2025-01,2025-01,0
C00141,2025-01,2025-10,8
C00142,2024-07,2024-07,0
C00142,2024-07,2025-05,9
C00142,2024-07,2025-07,11
C00143,2024-12,2024-12,0
C00143,2024-12,2025-03,2
C00144,2024-08,2024-08,0
C00144,2024-08,2025-01,4
C00145,2025-12,2025-12,0
C00146,2024-03,2024-03,0
C00146,2024-03,2024-04,0
C00146,2024-03,2024-05,1
C00146,2024-03,2024-06,2
C00146,2024-03,2025-07,15
C00146,2024-03,2025-11,19
C00147,2024-02,2024-02,0
C00147,2024-02,2024-04,1
C00147,2024-02,2025-01,10
C00148,2024-03,2024-03,0
C00148,2024-03,2025-06,14
C00149,2024-03,2024-03,0
C00149,2024-03,2025-06,14
C00150,2024-07,2024-07,0
C00150,2024-07,2024-10,2
C00151,2024-02,2024-02,0
C00151,2024-02,2024-04,1
C00151,2024-02,2024-10,7
C00151,2024-02,2025-06,15
C00151,2024-02,2025-09,18
C00152,2024-04,2024-04,0
C00152,2024-04,2024-05,0
C00152,2024-04,2025-04,11
C00152,2024-04,2025-12,19
C00154,2024-03,2024-03,0
C00154,2024-03,2024-04,0
C00154,2024-03,2024-06,2
C00154,2024-03,2024-10,6
C00154,2024-03,2025-05,13
C00155,2024-01,2024-01,0
C00155,2024-01,2024-04,2
C00155,2024-01,2024-08,6
C00156,2024-10,2024-10,0
C00157,2025-03,2025-03,0
C00157,2025-03,2025-06,2
C00158,2024-11,2024-11,0
C00158,2024-11,2025-06,6
C00159,2024-03,2024-03,0
C00160,2024-01,2024-01,0
C00160,2024-01,2024-08,6
C00160,2024-01,2025-07,17
C00160,2024-01,2025-11,21
C00162,2024-02,2024-02,0
C00163,2025-03,2025-03,0
C00164,2025-02,2025-02,0
C00164,2025-02,2025-08,5
C00165,2024-04,2024-04,0
C00166,2024-08,2024-08,0
C00167,2025-05,2025-05,0
C00167,2025-05,2025-12,6
C00168,2024-04,2024-04,0
C00168,2024-04,2024-10,5
C00168,2024-04,2025-08,15
C00169,2024-11,2024-11,0
C00169,2024-11,2025-06,6
C00169,2024-11,2025-08,8
C00169,2024-11,2025-11,11
C00170,2024-02,2024-02,0
C00170,2024-02,2024-03,0
C00170,2024-02,2024-04,1
C00170,2024-02,2024-06,3
C00170,2024-02,2025-07,16
C00172,2024-03,2024-03,0
C00172,2024-03,2024-06,2
C00172,2024-03,2024-09,5
C00172,2024-03,2025-07,15
C00172,2024-03,2025-10,18
C00172,2024-03,2025-11,19
C00173,2024-01,2024-01,0
C00173,2024-01,2024-12,10
C00174,2025-10,2025-10,0
C00175,2024-02,2024-02,0
C00175,2024-02,2025-04,13
C00176,2024-02,2024-02,0
C00176,2024-02,2024-08,5
C00177,2025-08,2025-08,0
C00179,2024-07,2024-07,0
C00179,2024-07,2025-11,15
C00180,2024-04,2024-04,0
C00180,2024-04,2025-03,10
C00180,2024-04,2025-12,19
C00182,2024-01,2024-01,0
C00183,2024-03,2024-03,0
C00183,2024-03,2024-11,7
C00183,2024-03,2025-01,9
C00183,2024-03,2025-02,10
C00183,2024-03,2025-06,14
C00183,2024-03,2025-07,15
C00183,2024-03,2025-09,17
C00184,2025-01,2025-01,0
C00184,2025-01,2025-12,10
C00186,2024-06,2024-06,0
C00187,2024-04,2024-04,0
C00187,2024-04,2024-06,1
C00187,2024-04,2025-02,9
C00187,2024-04,2025-04,11
C00187,2024-04,2025-12,19
C00188,2024-01,2024-01,0
C00188,2024-01,2025-02,12
C00188,2024-01,2025-04,14
C00189,2024-11,2024-11,0
C00190,2024-02,2024-02,0
C00191,2024-05,2024-05,0
C00191,2024-05,2024-06,0
C00191,2024-05,2025-04,10
C00192,2024-01,2024-01,0
C00192,2024-01,2024-09,7
C00192,2024-01,2024-10,8
C00192,2024-01,2025-06,16
C00192,2024-01,2025-11,21
C00193,2025-09,2025-09,0
C00194,2024-07,2024-07,0
C00194,2024-07,2024-11,3
C00194,2024-07,2025-01,5
C00194,2024-07,2025-07,11
C00195,2025-04,2025-04,0
C00196,2024-08,2024-08,0
C00196,2024-08,2024-12,3
C00196,2024-08,2025-05,8
C00197,2025-11,2025-11,0
C00198,2024-09,2024-09,0
C00198,2024-09,2024-11,1
C00198,2024-09,2025-12,14
C00200,2025-05,2025-05,0
C00200,2025-05,2025-08,2
C00201,2024-07,2024-07,0
C00201,2024-07,2025-02,6
C00201,2024-07,2025-03,7
C00201,2024-07,2025-04,8
C00201,2024-07,2025-08,12
C00202,2024-12,2024-12,0
C00203,2024-01,2024-01,0
C00203,2024-01,2024-06,4
C00203,2024-01,2025-03,13
C00203,2024-01,2025-07,17
C00205,2024-04,2024-04,0
C00205,2024-04,2025-03,10
C00207,2024-01,2024-01,0
C00207,2024-01,2024-09,7
C00207,2024-01,2025-05,15
C00207,2024-01,2025-07,17
C00207,2024-01,2025-10,20
C00208,2024-05,2024-05,0
C00208,2024-05,2024-12,6
C00208,2024-05,2025-09,15
C00210,2025-11,2025-11,0
C00212,2024-04,2024-04,0
C00212,2024-04,2024-12,7
C00212,2024-04,2025-01,8
C00212,2024-04,2025-05,12
C00213,2024-03,2024-03,0
C00213,2024-03,2025-05,13
C00213,2024-03,2025-10,18
C00214,2024-07,2024-07,0
C00214,2024-07,2025-06,10
C00215,2024-08,2024-08,0
C00215,2024-08,2025-10,13
C00215,2024-08,2025-11,14
C00215,2024-08,2025-12,15
C00217,2024-05,2024-05,0
C00217,2024-05,2024-06,0
C00217,2024-05,2024-09,3
C00219,2024-01,2024-01,0
C00219,2024-01,2024-03,1
C00220,2024-02,2024-02,0
C00220,2024-02,2025-03,12
C00220,2024-02,2025-07,16
C00222,2025-03,2025-03,0
C00223,2025-03,2025-03,0
C00224,2024-02,2024-02,0
C00224,2024-02,2025-03,12
C00225,2024-11,2024-11,0
C00225,2024-11,2025-01,1
C00225,2024-11,2025-08,8
C00225,2024-11,2025-12,12
C00227,2024-11,2024-11,0
C00227,2024-11,2025-03,3
C00227,2024-11,2025-05,5
C00228,2024-01,2024-01,0
C00228,2024-01,2024-07,5
C00228,2024-01,2025-11,21
C00229,2024-02,2024-02,0
C00229,2024-02,2024-03,0
C00229,2024-02,2024-10,7
C00230,2024-02,2024-02,0
C00230,2024-02,2024-06,3
C00231,2024-05,2024-05,0
C00231,2024-05,2024-12,6
C00232,2024-07,2024-07,0
C00234,2024-08,2024-08,0
C00235,2025-04,2025-04,0
C00236,2024-12,2024-12,0
C00237,2024-07,2024-07,0
C00239,2025-06,2025-06,0
C00239,2025-06,2025-10,3
C00240,2024-08,2024-08,0
C00240,2024-08,2024-10,1
C00242,2025-01,2025-01,0
C00244,2025-08,2025-08,0
C00244,2025-08,2025-09,0
C00245,2024-02,2024-02,0
C00245,2024-02,2024-04,1
C00245,2024-02,2024-09,6
C00245,2024-02,2024-10,7
C00245,2024-02,2024-11,8
C00245,2024-02,2025-08,17
C00245,2024-02,2025-09,18
C00245,2024-02,2025-11,20
C00247,2025-11,2025-11,0
C00248,2024-09,2024-09,0
C00249,2024-06,2024-06,0
C00249,2024-06,2025-08,13
C00249,2024-06,2025-11,16
C00251,2025-03,2025-03,0
C00252,2024-07,2024-07,0
C00252,2024-07,2025-03,7
C00253,2024-02,2024-02,0
C00253,2024-02,2024-09,6
C00253,2024-02,2025-09,18
C00253,2024-02,2025-11,20
C00254,2024-07,2024-07,0
C00256,2024-04,2024-04,0
C00256,2024-04,2024-06,1
C00256,2024-04,2024-09,4
C00256,2024-04,2024-10,5
C00256,2024-04,2025-09,16
C00258,2024-04,2024-04,0
C00260,2025-04,2025-04,0
C00261,2024-08,2024-08,0
C00261,2024-08,2025-10,13
C00261,2024-08,2025-11,14
C00262,2024-03,2024-03,0
C00262,2024-03,2024-09,5
C00262,2024-03,2024-11,7
C00262,2024-03,2024-12,8
C00263,2024-03,2024-03,0
C00263,2024-03,2025-07,15
C00265,2024-01,2024-01,0
C00266,2024-11,2024-11,0
C00266,2024-11,2025-05,5
C00267,2024-11,2024-11,0
C00269,2024-03,2024-03,0
C00269,2024-03,2024-05,1
C00269,2024-03,2024-07,3
C00269,2024-03,2024-09,5
C00269,2024-03,2024-10,6
C00269,2024-03,2025-07,15
C00269,2024-03,2025-11,19
C00270,2025-06,2025-06,0
C00271,2025-07,2025-07,0
C00273,2025-07,2025-07,0
C00274,2024-04,2024-04,0
C00275,2024-07,2024-07,0
C00275,2024-07,2024-12,4
C00275,2024-07,2025-01,5
C00275,2024-07,2025-10,14
C00276,2025-03,2025-03,0
C00278,2024-01,2024-01,0
C00278,2024-01,2024-02,0
C00278,2024-01,2024-11,9
C00278,2024-01,2025-05,15
C00279,2025-05,2025-05,0
C00280,2024-03,2024-03,0
C00280,2024-03,2025-03,11
C00280,2024-03,2025-04,12
C00281,2024-11,2024-11,0
C00281,2024-11,2025-04,4
C00282,2024-11,2024-11,0
C00282,2024-11,2025-04,4
C00283,2025-05,2025-05,0
C00284,2024-10,2024-10,0
C00284,2024-10,2025-01,2
C00285,2025-03,2025-03,0
C00285,2025-03,2025-04,0
C00285,2025-03,2025-12,8
C00286,2024-12,2024-12,0
C00288,2024-06,2024-06,0
C00288,2024-06,2024-10,3
C00288,2024-06,2025-07,12
C00288,2024-06,2025-08,13
C00289,2024-01,2024-01,0
C00289,2024-01,2024-04,2
C00291,2024-10,2024-10,0
C00292,2024-09,2024-09,0
C00292,2024-09,2024-12,2
C00293,2024-06,2024-06,0
C00295,2024-09,2024-09,0
C00295,2024-09,2025-01,4
C00295,2024-09,2025-06,9
C00295,2024-09,2025-09,12
C00296,2025-07,2025-07,0
C00297,2025-02,2025-02,0
C00298,2024-11,2024-11,0
C00299,2024-05,2024-05,0
C00300,2025-05,2025-05,0
C00300,2025-05,2025-09,3
C00300,2025-05,2025-11,5
C00301,2024-02,2024-02,0
C00302,2024-02,2024-02,0
C00302,2024-02,2024-05,2
C00302,2024-02,2025-08,17
C00303,2024-12,2024-12,0
C00304,2024-04,2024-04,0
C00304,2024-04,2024-07,2
C00304,2024-04,2025-02,9
C00304,2024-04,2025-03,10
C00305,2025-10,2025-10,0
C00305,2025-10,2025-12,1
C00309,2024-10,2024-10,0
C00309,2024-10,2025-08,9
C00309,2024-10,2025-11,12
C00310,2024-02,2024-02,0
C00310,2024-02,2024-04,1
C00310,2024-02,2024-08,5
C00310,2024-02,2025-04,13
C00310,2024-02,2025-06,15
C00311,2024-07,2024-07,0
C00311,2024-07,2024-08,0
C00311,2024-07,2025-02,6
C00312,2024-01,2024-01,0
C00312,2024-01,2024-10,8
C00313,2024-06,2024-06,0
C00315,2024-05,2024-05,0
C00317,2025-01,2025-01,0
C00318,2024-02,2024-02,0
C00318,2024-02,2025-09,18
C00318,2024-02,2025-12,21
C00319,2024-01,2024-01,0
C00320,2024-04,2024-04,0
C00320,2024-04,2025-06,13
C00320,2024-04,2025-07,14
C00320,2024-04,2025-08,15
C00320,2024-04,2025-09,16
C00321,2024-07,2024-07,0
C00323,2024-04,2024-04,0
C00323,2024-04,2024-10,5
C00323,2024-04,2025-01,8
C00323,2024-04,2025-02,9
C00323,2024-04,2025-12,19
C00324,2024-04,2024-04,0
C00324,2024-04,2024-05,0
C00324,2024-04,2024-08,3
C00324,2024-04,2025-01,8
C00325,2024-11,2024-11,0
C00326,2024-09,2024-09,0
C00326,2024-09,2024-12,2
C00326,2024-09,2025-03,5
C00326,2024-09,2025-10,12
C00327,2025-09,2025-09,0
C00328,2024-12,2024-12,0
C00328,2024-12,2025-09,8
C00328,2024-12,2025-11,10
C00329,2024-11,2024-11,0
C00329,2024-11,2025-04,4
C00330,2024-02,2024-02,0
C00330,2024-02,2025-05,14
C00330,2024-02,2025-06,15
C00330,2024-02,2025-12,21
C00331,2025-07,2025-07,0
C00332,2025-02,2025-02,0
C00332,2025-02,2025-07,4
C00334,2024-01,2024-01,0
C00334,2024-01,2025-03,13
C00334,2024-01,2025-06,16
C00334,2024-01,2025-07,17
C00335,2024-01,2024-01,0
C00336,2025-09,2025-09,0
C00337,2025-02,2025-02,0
C00337,2025-02,2025-10,7
C00338,2024-10,2024-10,0
C00338,2024-10,2025-02,3
C00338,2024-10,2025-04,5
C00338,2024-10,2025-05,6
C00339,2024-01,2024-01,0
C00339,2024-01,2025-06,16
C00339,2024-01,2025-07,17
C00340,2025-01,2025-01,0
C00340,2025-01,2025-09,7
C00341,2025-09,2025-09,0
C00342,2025-07,2025-07,0
C00343,2024-03,2024-03,0
C00343,2024-03,2024-04,0
C00343,2024-03,2025-03,11
C00343,2024-03,2025-05,13
C00343,2024-03,2025-07,15
C00343,2024-03,2025-08,16
C00343,2024-03,2025-09,17
C00344,2024-10,2024-10,0
C00344,2024-10,2025-09,10
C00345,2025-06,2025-06,0
C00345,2025-06,2025-07,0
C00345,2025-06,2025-09,2
C00346,2025-12,2025-12,0
C00348,2025-04,2025-04,0
C00350,2024-03,2024-03,0
C00350,2024-03,2024-05,1
C00350,2024-03,2024-11,7
C00350,2024-03,2025-11,19
C00351,2025-03,2025-03,0
C00351,2025-03,2025-06,2
C00351,2025-03,2025-11,7
C00352,2024-02,2024-02,0
C00352,2024-02,2024-10,7
C00352,2024-02,2025-08,17
C00353,2024-02,2024-02,0
C00353,2024-02,2024-07,4
C00353,2024-02,2024-08,5
C00353,2024-02,2025-04,13
C00353,2024-02,2025-09,18
C00354,2024-08,2024-08,0
C00354,2024-08,2025-12,15
C00357,2024-07,2024-07,0
C00358,2024-03,2024-03,0
C00358,2024-03,2025-01,9
C00358,2024-03,2025-03,11
C00359,2024-05,2024-05,0
C00360,2024-11,2024-11,0
C00360,2024-11,2025-12,12
C00361,2024-11,2024-11,0
C00361,2024-11,2025-05,5
C00361,2024-11,2025-07,7
C00361,2024-11,2025-09,9
C00364,2024-05,2024-05,0
C00365,2025-01,2025-01,0
C00365,2025-01,2025-07,6
C00366,2024-02,2024-02,0
C00366,2024-02,2024-03,0
C00366,2024-02,2024-05,2
C00366,2024-02,2025-03,12
C00366,2024-02,2025-05,14
C00366,2024-02,2025-06,15
C00366,2024-02,2025-07,16
C00366,2024-02,2025-12,21
C00367,2025-05,2025-05,0
C00368,2024-09,2024-09,0
C00368,2024-09,2025-01,3
C00369,2024-03,2024-03,0
C00369,2024-03,2024-05,1
C00369,2024-03,2024-06,2
C00369,2024-03,2025-07,15
C00369,2024-03,2025-09,17
C00369,2024-03,2025-12,20
C00373,2024-07,2024-07,0
C00375,2024-06,2024-06,0
C00375,2024-06,2024-12,5
C00375,2024-06,2025-01,6
C00375,2024-06,2025-07,12
C00375,2024-06,2025-09,14
C00376,2024-03,2024-03,0
C00376,2024-03,2024-07,3
C00377,2024-01,2024-01,0
C00377,2024-01,2024-11,9
C00378,2024-08,2024-08,0
C00378,2024-08,2025-09,12
C00378,2024-08,2025-10,13
C00378,2024-08,2025-12,15
C00379,2024-01,2024-01,0
C00379,2024-01,2024-04,2
C00379,2024-01,2024-08,6
C00379,2024-01,2025-04,14
C00379,2024-01,2025-06,16
C00380,2024-10,2024-10,0
C00380,2024-10,2025-04,5
C00380,2024-10,2025-06,7
C00380,2024-10,2025-11,12
C00381,2024-07,2024-07,0
C00381,2024-07,2025-03,7
C00381,2024-07,2025-07,11
C00381,2024-07,2025-10,14
C00382,2024-02,2024-02,0
C00382,2024-02,2025-05,14
C00382,2024-02,2025-08,17
C00382,2024-02,2025-10,19
C00383,2024-04,2024-04,0
C00383,2024-04,2025-09,16
C00384,2024-11,2024-11,0
C00384,2024-11,2025-05,5
C00384,2024-11,2025-11,11
C00385,2024-03,2024-03,0
C00385,2024-03,2024-12,8
C00385,2024-03,2025-05,13
C00385,2024-03,2025-06,14
C00386,2024-01,2024-01,0
C00387,2024-12,2024-12,0
C00387,2024-12,2025-02,1
C00387,2024-12,2025-04,3
C00387,2024-12,2025-07,6
C00387,2024-12,2025-08,7
C00388,2024-02,2024-02,0
C00388,2024-02,2024-09,6
C00388,2024-02,2025-04,13
C00389,2024-09,2024-09,0
C00389,2024-09,2025-11,13
C00391,2024-06,2024-06,0
C00392,2025-01,2025-01,0
C00393,2024-01,2024-01,0
C00393,2024-01,2024-04,2
C00393,2024-01,2024-05,3
C00393,2024-01,2024-08,6
C00393,2024-01,2025-09,19
C00394,2024-08,2024-08,0
C00395,2024-04,2024-04,0
C00395,2024-04,2024-09,4
C00395,2024-04,2024-12,7
C00395,2024-04,2025-01,8
C00395,2024-04,2025-12,19
C00398,2025-08,2025-08,0
C00398,2025-08,2025-10,1
C00399,2024-11,2024-11,0
C00401,2024-03,2024-03,0
C00401,2024-03,2024-06,2
C00401,2024-03,2025-01,9
C00401,2024-03,2025-08,16
C00401,2024-03,2025-12,20
C00403,2024-01,2024-01,0
C00403,2024-01,2024-05,3
C00403,2024-01,2025-03,13
C00403,2024-01,2025-10,20
C00404,2024-09,2024-09,0
C00404,2024-09,2024-11,1
C00404,2024-09,2025-10,12
C00406,2024-01,2024-01,0
C00406,2024-01,2024-06,4
C00406,2024-01,2024-07,5
C00406,2024-01,2024-12,10
C00406,2024-01,2025-04,14
C00406,2024-01,2025-12,22
C00407,2025-08,2025-08,0
C00408,2024-08,2024-08,0
C00409,2024-07,2024-07,0
C00409,2024-07,2025-03,7
C00409,2024-07,2025-06,10
C00409,2024-07,2025-11,15
C00410,2025-05,2025-05,0
C00410,2025-05,2025-11,5
C00411,2024-09,2024-09,0
C00412,2025-10,2025-10,0
C00413,2024-04,2024-04,0
C00413,2024-04,2024-11,7
C00414,2024-04,2024-04,0
C00414,2024-04,2024-05,0
C00414,2024-04,2024-11,6
C00414,2024-04,2025-03,10
C00414,2024-04,2025-04,11
C00414,2024-04,2025-12,19
C00417,2025-08,2025-08,0
C00418,2024-05,2024-05,0
C00418,2024-05,2024-08,2
C00418,2024-05,2025-08,14
C00419,2024-02,2024-02,0
C00419,2024-02,2024-08,5
C00419,2024-02,2025-05,14
C00419,2024-02,2025-11,20
C00420,2024-02,2024-02,0
C00420,2024-02,2024-10,7
C00420,2024-02,2024-12,9
C00420,2024-02,2025-05,14
C00420,2024-02,2025-11,20
C00422,2024-09,2024-09,0
C00423,2024-05,2024-05,0
C00423,2024-05,2025-02,8
C00423,2024-05,2025-09,15
C00423,2024-05,2025-10,16
C00424,2025-02,2025-02,0
C00424,2025-02,2025-03,0
C00425,2024-02,2024-02,0
C00425,2024-02,2024-04,1
C00425,2024-02,2024-05,2
C00425,2024-02,2025-04,13
C00426,2025-07,2025-07,0
C00426,2025-07,2025-09,1
C00427,2024-08,2024-08,0
C00427,2024-08,2025-07,10
C00429,2024-06,2024-06,0
C00431,2024-03,2024-03,0
C00431,2024-03,2024-05,1
C00431,2024-03,2025-04,12
C00431,2024-03,2025-11,19
C00433,2025-03,2025-03,0
C00435,2025-02,2025-02,0
C00435,2025-02,2025-08,5
C00435,2025-02,2025-09,6
C00435,2025-02,2025-10,7
C00439,2024-03,2024-03,0
C00439,2024-03,2024-08,4
C00439,2024-03,2025-03,11
C00439,2024-03,2025-09,17
C00440,2024-02,2024-02,0
C00440,2024-02,2025-06,15
C00440,2024-02,2025-09,18
C00440,2024-02,2025-10,19
C00442,2024-11,2024-11,0
C00442,2024-11,2025-08,8
C00443,2024-10,2024-10,0
C00443,2024-10,2025-11,13
C00445,2025-05,2025-05,0
C00446,2024-06,2024-06,0
C00447,2025-10,2025-10,0
C00448,2025-01,2025-01,0
C00448,2025-01,2025-03,1
C00448,2025-01,2025-06,4
C00448,2025-01,2025-07,5
C00449,2024-06,2024-06,0
C00449,2024-06,2024-11,5
C00449,2024-06,2025-09,15
C00449,2024-06,2025-12,18
C00450,2024-04,2024-04,0
C00450,2024-04,2025-08,15
C00450,2024-04,2025-11,18
C00451,2024-01,2024-01,0
C00451,2024-01,2025-11,21
C00452,2024-06,2024-06,0
C00452,2024-06,2025-04,9
C00453,2024-07,2024-07,0
C00453,2024-07,2024-12,4
C00453,2024-07,2025-03,7
C00453,2024-07,2025-10,14
C00455,2024-03,2024-03,0
C00455,2024-03,2024-08,4
C00455,2024-03,2024-10,6
C00455,2024-03,2024-11,7
C00455,2024-03,2025-06,14
C00456,2024-08,2024-08,0
C00456,2024-08,2024-12,4
C00457,2025-08,2025-08,0
C00458,2024-03,2024-03,0
C00459,2024-09,2024-09,0
C00460,2025-02,2025-02,0
C00462,2024-02,2024-02,0
C00462,2024-02,2024-06,3
C00462,2024-02,2025-01,10
C00462,2024-02,2025-05,14
C00463,2024-06,2024-06,0
C00463,2024-06,2025-06,11
C00464,2024-05,2024-05,0
C00465,2024-02,2024-02,0
C00465,2024-02,2024-10,7
C00465,2024-02,2024-12,9
C00465,2024-02,2025-08,17
C00466,2024-04,2024-04,0
C00466,2024-04,2024-07,2
C00467,2024-06,2024-06,0
C00468,2024-09,2024-09,0
C00468,2024-09,2025-03,5
C00469,2024-04,2024-04,0
C00469,2024-04,2025-01,8
C00469,2024-04,2025-05,12
C00469,2024-04,2025-09,16
C00470,2024-02,2024-02,0
C00470,2024-02,2024-09,6
C00471,2025-02,2025-02,0
C00472,2024-03,2024-03,0
C00472,2024-03,2024-10,6
C00472,2024-03,2025-09,17
C00473,2025-10,2025-10,0
C00473,2025-10,2025-12,1
C00474,2024-02,2024-02,0
C00475,2024-08,2024-08,0
C00475,2024-08,2024-09,0
C00475,2024-08,2024-11,2
C00475,2024-08,2025-02,5
C00476,2024-06,2024-06,0
C00476,2024-06,2024-11,4
C00476,2024-06,2025-05,10
C00476,2024-06,2025-11,16
C00477,2024-09,2024-09,0
C00477,2024-09,2024-11,1
C00477,2024-09,2025-04,6
C00477,2024-09,2025-08,10
C00477,2024-09,2025-11,13
C00479,2024-01,2024-01,0
C00480,2024-01,2024-01,0
C00480,2024-01,2024-11,9
C00481,2024-10,2024-10,0
C00481,2024-10,2025-08,9
C00482,2025-09,2025-09,0
C00483,2024-09,2024-09,0
C00483,2024-09,2024-12,2
C00484,2025-02,2025-02,0
C00484,2025-02,2025-07,4
C00484,2025-02,2025-09,6
C00485,2025-05,2025-05,0
C00487,2024-11,2024-11,0
C00487,2024-11,2024-12,0
C00488,2024-03,2024-03,0
C00488,2024-03,2025-11,19
C00490,2025-04,2025-04,0
C00491,2024-07,2024-07,0
C00491,2024-07,2025-12,16
C00492,2025-02,2025-02,0
C00492,2025-02,2025-03,0
C00492,2025-02,2025-06,3
C00492,2025-02,2025-08,5
C00493,2024-02,2024-02,0
C00493,2024-02,2025-09,18
C00493,2024-02,2025-12,21
C00494,2024-02,2024-02,0
C00494,2024-02,2024-07,4
C00494,2024-02,2024-08,5
C00495,2024-05,2024-05,0
C00496,2024-06,2024-06,0
C00496,2024-06,2025-05,10
C00497,2024-09,2024-09,0
C00497,2024-09,2024-12,2
C00497,2024-09,2025-01,3
C00497,2024-09,2025-06,8
C00499,2024-04,2024-04,0
C00499,2024-04,2024-09,4
C00499,2024-04,2025-06,13
C00499,2024-04,2025-11,18
C00500,2025-11,2025-11,0
C00500,2025-11,2025-12,0
C00501,2025-03,2025-03,0
C00501,2025-03,2025-05,1
C00502,2025-01,2025-01,0
C00502,2025-01,2025-02,0
C00503,2025-01,2025-01,0
C00504,2024-11,2024-11,0
C00504,2024-11,2025-08,8
C00505,2024-01,2024-01,0
C00505,2024-01,2024-11,9
C00505,2024-01,2025-03,13
C00505,2024-01,2025-05,15
C00505,2024-01,2025-12,22
C00506,2024-03,2024-03,0
C00506,2024-03,2025-01,9
C00506,2024-03,2025-05,13
C00508,2024-02,2024-02,0
C00508,2024-02,2024-04,1
C00508,2024-02,2024-09,6
C00508,2024-02,2024-12,9
C00508,2024-02,2025-03,12
C00508,2024-02,2025-08,17
C00508,2024-02,2025-12,21
C00509,2024-08,2024-08,0
C00509,2024-08,2025-11,14
C00511,2024-05,2024-05,0
C00512,2024-05,2024-05,0
C00512,2024-05,2025-04,10
C00513,2024-04,2024-04,0
C00513,2024-04,2024-10,5
C00515,2025-05,2025-05,0
C00515,2025-05,2025-12,6
C00516,2024-04,2024-04,0
C00516,2024-04,2025-03,10
C00517,2025-11,2025-11,0
C00518,2024-03,2024-03,0
C00518,2024-03,2024-05,1
C00518,2024-03,2024-06,2
C00518,2024-03,2025-01,9
C00520,2024-02,2024-02,0
C00520,2024-02,2024-04,1
C00520,2024-02,2024-06,3
C00520,2024-02,2025-03,12
C00520,2024-02,2025-05,14
C00520,2024-02,2025-08,17
C00523,2024-02,2024-02,0
C00523,2024-02,2024-11,8
C00523,2024-02,2025-05,14
C00523,2024-02,2025-06,15
C00524,2024-01,2024-01,0
C00525,2024-07,2024-07,0
C00526,2024-08,2024-08,0
C00526,2024-08,2025-08,11
C00526,2024-08,2025-09,12
C00527,2025-09,2025-09,0
C00528,2024-03,2024-03,0
C00528,2024-03,2024-09,5
C00528,2024-03,2025-10,18
C00528,2024-03,2025-12,20
C00529,2024-07,2024-07,0
C00529,2024-07,2024-09,1
C00529,2024-07,2025-03,7
C00529,2024-07,2025-08,12
C00530,2024-03,2024-03,0
C00530,2024-03,2025-03,11
C00530,2024-03,2025-06,14
C00531,2024-01,2024-01,0
C00531,2024-01,2024-06,5
C00531,2024-01,2024-12,11
C00531,2024-01,2025-01,12
C00531,2024-01,2025-11,22
C00532,2024-04,2024-04,0
C00532,2024-04,2025-06,13
C00532,2024-04,2025-08,15
C00533,2024-03,2024-03,0
C00533,2024-03,2024-04,0
C00533,2024-03,2024-05,1
C00533,2024-03,2024-09,5
C00534,2025-06,2025-06,0
C00534,2025-06,2025-09,2
C00535,2024-02,2024-02,0
C00536,2024-05,2024-05,0
C00536,2024-05,2024-09,3
C00539,2024-03,2024-03,0
C00539,2024-03,2024-05,1
C00540,2024-04,2024-04,0
C00540,2024-04,2024-06,1
C00540,2024-04,2024-08,3
C00540,2024-04,2025-06,13
C00540,2024-04,2025-07,14
C00540,2024-04,2025-10,17
C00541,2024-11,2024-11,0
C00541,2024-11,2025-07,7
C00542,2025-12,2025-12,0
C00543,2024-01,2024-01,0
C00544,2024-10,2024-10,0
C00544,2024-10,2024-11,0
C00544,2024-10,2025-05,6
C00545,2025-12,2025-12,0
C00546,2024-03,2024-03,0
C00547,2025-01,2025-01,0
C00548,2024-01,2024-01,0
C00548,2024-01,2024-02,0
C00548,2024-01,2024-07,5
C00548,2024-01,2024-11,9
C00548,2024-01,2024-12,10
C00548,2024-01,2025-10,20
C00549,2024-01,2024-01,0
C00549,2024-01,2024-06,4
C00549,2024-01,2025-02,12
C00549,2024-01,2025-10,20
C00549,2024-01,2025-11,21
C00550,2024-05,2024-05,0
C00551,2024-03,2024-03,0
C00551,2024-03,2024-06,2
C00551,2024-03,2025-12,20
C00552,2024-07,2024-07,0
C00552,2024-07,2025-12,16
C00557,2024-03,2024-03,0
C00557,2024-03,2024-07,3
C00557,2024-03,2024-12,8
C00557,2024-03,2025-07,15
C00558,2024-07,2024-07,0
C00558,2024-07,2025-10,14
C00559,2024-12,2024-12,0
C00559,2024-12,2025-04,3
C00560,2025-09,2025-09,0
C00561,2024-03,2024-03,0
C00562,2024-04,2024-04,0
C00562,2024-04,2025-01,8
C00563,2024-09,2024-09,0
C00565,2024-06,2024-06,0
C00565,2024-06,2024-07,0
C00565,2024-06,2024-10,3
C00565,2024-06,2025-02,7
C00565,2024-06,2025-07,12
C00565,2024-06,2025-11,16
C00566,2025-03,2025-03,0
C00566,2025-03,2025-11,7
C00567,2024-02,2024-02,0
C00567,2024-02,2025-02,11
C00567,2024-02,2025-07,16
C00567,2024-02,2025-09,18
C00568,2025-05,2025-05,0
C00569,2024-05,2024-05,0
C00570,2024-10,2024-10,0
C00570,2024-10,2025-09,10
C00570,2024-10,2025-12,13
C00572,2024-10,2024-10,0
C00572,2024-10,2024-12,1
C00575,2024-12,2024-12,0
C00577,2024-05,2024-05,0
C00577,2024-05,2024-07,1
C00578,2024-07,2024-07,0
C00578,2024-07,2025-03,7
C00578,2024-07,2025-12,16
C00579,2024-01,2024-01,0
C00579,2024-01,2024-02,0
C00579,2024-01,2024-07,5
C00579,2024-01,2024-09,7
C00579,2024-01,2025-01,11
C00579,2024-01,2025-02,12
C00580,2025-08,2025-08,0
C00581,2024-03,2024-03,0
C00581,2024-03,2024-05,1
C00581,2024-03,2024-10,6
C00581,2024-03,2025-07,15
C00581,2024-03,2025-11,19
C00582,2024-02,2024-02,0
C00582,2024-02,2025-08,17
C00583,2024-09,2024-09,0
C00584,2024-03,2024-03,0
C00584,2024-03,2024-07,3
C00584,2024-03,2024-12,8
C00584,2024-03,2025-08,16
C00585,2025-03,2025-03,0
C00585,2025-03,2025-05,1
C00587,2024-08,2024-08,0
C00587,2024-08,2024-11,2
C00589,2024-06,2024-06,0
C00589,2024-06,2025-01,6
C00589,2024-06,2025-02,7
C00589,2024-06,2025-11,16
C00590,2025-03,2025-03,0
C00590,2025-03,2025-11,7
C00591,2024-04,2024-04,0
C00591,2024-04,2025-06,13
C00591,2024-04,2025-10,17
C00593,2024-08,2024-08,0
C00594,2024-04,2024-04,0
C00595,2025-11,2025-11,0
C00597,2025-01,2025-01,0
C00597,2025-01,2025-06,4
C00598,2024-11,2024-11,0
C00598,2024-11,2025-05,5
C00599,2025-02,2025-02,0
C00600,2024-10,2024-10,0
C00600,2024-10,2025-09,10
C00601,2025-07,2025-07,0
C00602,2024-05,2024-05,0
C00603,2025-07,2025-07,0
C00604,2024-01,2024-01,0
C00604,2024-01,2024-12,10
C00604,2024-01,2025-09,19
C00605,2024-06,2024-06,0
C00605,2024-06,2025-10,15
C00606,2024-04,2024-04,0
C00606,2024-04,2024-11,6
C00607,2024-03,2024-03,0
C00607,2024-03,2024-05,1
C00607,2024-03,2025-01,9
C00607,2024-03,2025-04,12
C00608,2024-08,2024-08,0
C00609,2024-02,2024-02,0
C00609,2024-02,2025-03,12
C00609,2024-02,2025-10,19
C00609,2024-02,2025-11,20
C00612,2024-04,2024-04,0
C00612,2024-04,2024-06,1
C00612,2024-04,2024-11,6
C00617,2024-03,2024-03,0
C00617,2024-03,2025-01,9
C00618,2025-08,2025-08,0
C00619,2024-05,2024-05,0
C00619,2024-05,2025-05,11
C00620,2024-03,2024-03,0
C00621,2024-03,2024-03,0
C00622,2024-01,2024-01,0
C00622,2024-01,2024-10,8
C00622,2024-01,2025-02,12
C00622,2024-01,2025-08,18
C00624,2024-02,2024-02,0
C00624,2024-02,2024-03,0
C00624,2024-02,2024-08,5
C00624,2024-02,2025-04,13
C00624,2024-02,2025-12,21
C00625,2024-03,2024-03,0
C00625,2024-03,2024-07,3
C00625,2024-03,2024-10,6
C00625,2024-03,2024-12,8
C00626,2025-01,2025-01,0
C00626,2025-01,2025-05,3
C00626,2025-01,2025-12,10
C00627,2024-04,2024-04,0
C00627,2024-04,2024-05,0
C00627,2024-04,2024-08,3
C00627,2024-04,2025-05,12
C00627,2024-04,2025-07,14
C00628,2024-04,2024-04,0
C00628,2024-04,2024-09,4
C00628,2024-04,2025-09,16
C00630,2024-10,2024-10,0
C00631,2024-03,2024-03,0
C00632,2024-03,2024-03,0
C00632,2024-03,2024-12,8
C00632,2024-03,2025-02,10
C00632,2024-03,2025-06,14
C00632,2024-03,2025-10,18
C00635,2024-08,2024-08,0
C00635,2024-08,2024-09,0
C00635,2024-08,2025-09,12
C00636,2024-03,2024-03,0
C00636,2024-03,2024-11,7
C00636,2024-03,2025-11,19
C00638,2024-03,2024-03,0
C00638,2024-03,2024-11,7
C00638,2024-03,2025-02,10
C00638,2024-03,2025-09,17
C00640,2024-05,2024-05,0
C00640,2024-05,2024-09,3
C00640,2024-05,2024-12,6
C00640,2024-05,2025-01,7
C00640,2024-05,2025-02,8
C00640,2024-05,2025-09,15
C00641,2025-03,2025-03,0
C00642,2025-05,2025-05,0
C00642,2025-05,2025-10,4
C00643,2025-04,2025-04,0
C00644,2024-03,2024-03,0
C00644,2024-03,2025-12,20
C00645,2024-01,2024-01,0
C00645,2024-01,2025-12,22
C00646,2025-01,2025-01,0
C00647,2024-06,2024-06,0
C00647,2024-06,2024-07,0
C00648,2024-01,2024-01,0
C00648,2024-01,2025-02,12
C00650,2024-09,2024-09,0
C00650,2024-09,2025-04,6
C00651,2024-06,2024-06,0
C00651,2024-06,2025-08,13
C00651,2024-06,2025-10,15
C00652,2025-05,2025-05,0
C00653,2024-11,2024-11,0
C00654,2024-09,2024-09,0
C00654,2024-09,2025-09,11
C00655,2024-09,2024-09,0
C00655,2024-09,2025-06,8
C00655,2024-09,2025-08,10
C00656,2024-07,2024-07,0
C00656,2024-07,2025-08,12
C00657,2024-05,2024-05,0
C00657,2024-05,2024-07,1
C00657,2024-05,2024-12,6
C00657,2024-05,2025-04,10
C00657,2024-05,2025-10,16
C00659,2025-02,2025-02,0
C00660,2024-03,2024-03,0
C00660,2024-03,2024-10,6
C00660,2024-03,2025-07,15
C00661,2024-03,2024-03,0
C00662,2024-11,2024-11,0
C00663,2025-04,2025-04,0
C00665,2024-06,2024-06,0
C00665,2024-06,2025-01,6
C00665,2024-06,2025-07,12
C00665,2024-06,2025-09,14
C00666,2024-01,2024-01,0
C00667,2024-05,2024-05,0
C00667,2024-05,2024-06,0
C00667,2024-05,2025-09,15
C00668,2024-01,2024-01,0
C00669,2024-02,2024-02,0
C00669,2024-02,2025-09,18
C00670,2024-03,2024-03,0
C00670,2024-03,2024-04,0
C00671,2025-02,2025-02,0
C00671,2025-02,2025-06,3
C00671,2025-02,2025-08,5
C00673,2024-01,2024-01,0
C00673,2024-01,2024-08,6
C00673,2024-01,2025-05,15
C00673,2024-01,2025-06,16
C00675,2024-02,2024-02,0
C00675,2024-02,2024-04,1
C00676,2024-07,2024-07,0
C00676,2024-07,2025-01,5
C00677,2024-03,2024-03,0
C00677,2024-03,2024-05,1
C00677,2024-03,2024-06,2
C00678,2024-09,2024-09,0
C00678,2024-09,2025-08,10
C00678,2024-09,2025-12,14
C00679,2024-06,2024-06,0
C00681,2024-12,2024-12,0
C00681,2024-12,2025-07,6
C00683,2024-03,2024-03,0
C00683,2024-03,2024-08,4
C00684,2024-01,2024-01,0
C00685,2024-04,2024-04,0
C00685,2024-04,2025-10,17
C00686,2024-08,2024-08,0
C00687,2025-08,2025-08,0
C00689,2024-01,2024-01,0
C00689,2024-01,2024-10,8
C00689,2024-01,2025-05,15
C00690,2024-09,2024-09,0
C00690,2024-09,2025-05,7
C00691,2024-06,2024-06,0
C00691,2024-06,2024-07,0
C00691,2024-06,2025-04,9
C00693,2024-03,2024-03,0
C00693,2024-03,2024-11,7
C00695,2025-12,2025-12,0
C00696,2024-02,2024-02,0
C00696,2024-02,2025-09,18
C00698,2024-05,2024-05,0
C00698,2024-05,2025-02,8
C00698,2024-05,2025-07,13
C00698,2024-05,2025-11,17
C00699,2024-03,2024-03,0
C00699,2024-03,2025-04,12
C00699,2024-03,2025-06,14
C00699,2024-03,2025-12,20
C00700,2024-03,2024-03,0
C00700,2024-03,2025-07,15
C00701,2025-04,2025-04,0
C00702,2024-07,2024-07,0
C00702,2024-07,2025-03,7
C00702,2024-07,2025-06,10
C00703,2024-02,2024-02,0
C00703,2024-02,2024-03,0
C00703,2024-02,2025-02,11
C00704,2024-08,2024-08,0
C00705,2025-01,2025-01,0
C00709,2024-04,2024-04,0
C00709,2024-04,2024-07,2
C00709,2024-04,2024-11,6
C00709,2024-04,2025-04,11
C00710,2024-03,2024-03,0
C00711,2024-08,2024-08,0
C00711,2024-08,2025-05,8
C00712,2025-11,2025-11,0
C00713,2024-03,2024-03,0
C00713,2024-03,2024-10,7
C00713,2024-03,2024-11,8
C00714,2024-01,2024-01,0
C00714,2024-01,2024-09,7
C00714,2024-01,2025-11,21
C00715,2024-08,2024-08,0
C00715,2024-08,2025-01,4
C00715,2024-08,2025-09,12
C00716,2024-03,2024-03,0
C00716,2024-03,2024-04,0
C00716,2024-03,2024-10,6
C00716,2024-03,2024-11,7
C00716,2024-03,2025-04,12
C00719,2024-10,2024-10,0
C00719,2024-10,2025-01,2
C00719,2024-10,2025-04,5
C00719,2024-10,2025-08,9
C00719,2024-10,2025-11,12
C00720,2024-03,2024-03,0
C00721,2024-03,2024-03,0
C00721,2024-03,2025-04,12
C00721,2024-03,2025-05,13
C00722,2025-05,2025-05,0
C00722,2025-05,2025-11,5
C00723,2024-09,2024-09,0
C00723,2024-09,2025-05,7
C00723,2024-09,2025-08,10
C00724,2024-03,2024-03,0
C00724,2024-03,2024-07,3
C00724,2024-03,2025-01,9
C00724,2024-03,2025-04,12
C00725,2024-02,2024-02,0
C00725,2024-02,2024-09,6
C00726,2024-03,2024-03,0
C00726,2024-03,2024-04,0
C00726,2024-03,2025-02,10
C00728,2024-03,2024-03,0
C00728,2024-03,2025-03,11
C00728,2024-03,2025-09,17
C00729,2024-09,2024-09,0
C00730,2024-10,2024-10,0
C00730,2024-10,2025-02,3
C00731,2024-02,2024-02,0
C00731,2024-02,2024-06,3
C00733,2024-07,2024-07,0
C00733,2024-07,2024-08,0
C00733,2024-07,2024-11,3
C00734,2024-11,2024-11,0
C00735,2024-02,2024-02,0
C00735,2024-02,2024-05,2
C00738,2024-01,2024-01,0
C00738,2024-01,2025-11,21
C00739,2024-01,2024-01,0
C00739,2024-01,2024-12,10
C00739,2024-01,2025-05,15
C00739,2024-01,2025-09,19
C00739,2024-01,2025-11,21
C00742,2024-12,2024-12,0
C00742,2024-12,2025-07,6
C00743,2024-04,2024-04,0
C00743,2024-04,2024-06,1
C00744,2024-07,2024-07,0
C00744,2024-07,2025-03,7
C00744,2024-07,2025-04,8
C00744,2024-07,2025-06,10
C00744,2024-07,2025-10,14
C00744,2024-07,2025-11,15
C00746,2024-04,2024-04,0
C00746,2024-04,2025-07,14
C00747,2024-01,2024-01,0
C00749,2024-08,2024-08,0
C00750,2025-02,2025-02,0
C00750,2025-02,2025-03,0
C00750,2025-02,2025-04,1
C00750,2025-02,2025-05,2
C00750,2025-02,2025-06,3
C00750,2025-02,2025-08,5
C00750,2025-02,2025-10,7
C00750,2025-02,2025-11,8
C00753,2024-04,2024-04,0
C00753,2024-04,2025-12,19
C00755,2024-11,2024-11,0
C00755,2024-11,2025-01,1
C00755,2024-11,2025-05,5
C00756,2025-04,2025-04,0
C00757,2024-03,2024-03,0
C00757,2024-03,2024-06,2
C00757,2024-03,2024-08,4
C00757,2024-03,2024-09,5
C00757,2024-03,2024-10,6
C00757,2024-03,2025-09,17
C00758,2024-01,2024-01,0
C00758,2024-01,2025-01,11
C00760,2024-03,2024-03,0
C00760,2024-03,2025-05,13
C00760,2024-03,2025-08,16
C00760,2024-03,2025-10,18
C00762,2025-08,2025-08,0
C00763,2024-10,2024-10,0
C00763,2024-10,2025-04,5
C00765,2024-01,2024-01,0
C00765,2024-01,2024-02,0
C00765,2024-01,2025-03,13
C00766,2025-11,2025-11,0
C00767,2024-07,2024-07,0
C00768,2024-03,2024-03,0
C00768,2024-03,2024-04,0
C00768,2024-03,2025-02,10
C00768,2024-03,2025-05,13
C00768,2024-03,2025-12,20
C00769,2025-03,2025-03,0
C00770,2025-04,2025-04,0
C00770,2025-04,2025-12,7
C00772,2024-06,2024-06,0
C00772,2024-06,2024-12,5
C00773,2024-07,2024-07,0
C00773,2024-07,2024-09,1
C00773,2024-07,2025-01,5
C00773,2024-07,2025-03,7
C00773,2024-07,2025-06,10
C00773,2024-07,2025-10,14
C00774,2024-10,2024-10,0
C00775,2025-02,2025-02,0
C00776,2024-12,2024-12,0
C00779,2024-02,2024-02,0
C00779,2024-02,2025-10,19
C00779,2024-02,2025-12,21
C00780,2024-03,2024-03,0
C00780,2024-03,2024-06,2
C00781,2024-07,2024-07,0
C00782,2024-05,2024-05,0
C00782,2024-05,2024-07,1
C00782,2024-05,2024-09,3
C00783,2024-03,2024-03,0
C00785,2024-07,2024-07,0
C00785,2024-07,2024-10,2
C00785,2024-07,2025-03,7
C00785,2024-07,2025-10,14
C00785,2024-07,2025-12,16
C00786,2024-03,2024-03,0
C00786,2024-03,2024-05,1
C00786,2024-03,2024-11,7
C00786,2024-03,2025-12,20
C00787,2025-02,2025-02,0
C00787,2025-02,2025-03,0
C00788,2025-09,2025-09,0
C00788,2025-09,2025-11,1
C00790,2024-05,2024-05,0
C00790,2024-05,2025-08,14
C00790,2024-05,2025-09,15
C00791,2024-12,2024-12,0
C00791,2024-12,2025-02,1
C00791,2024-12,2025-10,9
C00792,2024-10,2024-10,0
C00795,2024-07,2024-07,0
C00795,2024-07,2025-05,9
C00796,2025-12,2025-12,0
C00797,2024-03,2024-03,0
C00797,2024-03,2024-04,0
C00797,2024-03,2024-11,7
C00797,2024-03,2025-05,13
C00797,2024-03,2025-07,15
C00797,2024-03,2025-08,16
C00798,2024-10,2024-10,0
C00798,2024-10,2025-04,5
C00799,2024-09,2024-09,0
C00800,2024-05,2024-05,0
C00800,2024-05,2024-07,1
C00800,2024-05,2025-03,9
C00800,2024-05,2025-05,11
C00800,2024-05,2025-09,15
C00802,2024-08,2024-08,0
C00805,2024-01,2024-01,0
C00805,2024-01,2024-07,5
C00805,2024-01,2024-11,9
C00806,2024-02,2024-02,0
C00806,2024-02,2024-06,3
C00806,2024-02,2024-08,5
C00806,2024-02,2024-11,8
C00806,2024-02,2025-03,12
C00806,2024-02,2025-08,17
C00809,2024-05,2024-05,0
C00809,2024-05,2025-08,14
C00810,2024-03,2024-03,0
C00810,2024-03,2024-05,1
C00810,2024-03,2024-11,7
C00810,2024-03,2024-12,8
C00810,2024-03,2025-01,9
C00810,2024-03,2025-02,10
C00811,2024-06,2024-06,0
C00811,2024-06,2025-04,9
C00812,2025-06,2025-06,0
C00813,2025-08,2025-08,0
C00814,2024-12,2024-12,0
C00815,2024-09,2024-09,0
C00816,2024-04,2024-04,0
C00817,2025-02,2025-02,0
C00818,2024-05,2024-05,0
C00818,2024-05,2025-06,12
C00818,2024-05,2025-10,16
C00818,2024-05,2025-12,18
C00819,2024-01,2024-01,0
C00819,2024-01,2025-06,16
C00820,2024-02,2024-02,0
C00820,2024-02,2024-07,4
C00820,2024-02,2024-12,9
C00820,2024-02,2025-03,12
C00821,2024-01,2024-01,0
C00821,2024-01,2024-03,2
C00821,2024-01,2024-08,7
C00821,2024-01,2025-01,12
C00821,2024-01,2025-06,17
C00822,2024-03,2024-03,0
C00822,2024-03,2024-07,3
C00822,2024-03,2024-09,5
C00822,2024-03,2025-12,20
C00823,2024-03,2024-03,0
C00823,2024-03,2025-11,19
C00825,2024-03,2024-03,0
C00825,2024-03,2025-10,18
C00825,2024-03,2025-11,19
C00826,2024-02,2024-02,0
C00826,2024-02,2024-08,5
C00826,2024-02,2024-10,7
C00826,2024-02,2025-08,17
C00829,2024-05,2024-05,0
C00829,2024-05,2024-10,4
C00829,2024-05,2025-05,11
C00829,2024-05,2025-07,13
C00829,2024-05,2025-12,18
C00831,2024-01,2024-01,0
C00831,2024-01,2025-10,20
C00832,2025-06,2025-06,0
C00833,2024-02,2024-02,0
C00833,2024-02,2025-01,10
C00834,2024-02,2024-02,0
C00834,2024-02,2024-10,7
C00834,2024-02,2025-06,15
C00834,2024-02,2025-07,16
C00834,2024-02,2025-08,17
C00837,2024-09,2024-09,0
C00837,2024-09,2024-10,0
C00838,2024-06,2024-06,0
C00841,2024-03,2024-03,0
C00841,2024-03,2025-07,15
C00842,2025-04,2025-04,0
C00843,2024-01,2024-01,0
C00843,2024-01,2024-12,10
C00843,2024-01,2025-01,11
C00843,2024-01,2025-03,13
C00845,2024-11,2024-11,0
C00846,2024-01,2024-01,0
C00846,2024-01,2024-03,1
C00846,2024-01,2024-07,5
C00846,2024-01,2025-03,13
C00848,2024-01,2024-01,0
C00849,2024-02,2024-02,0
C00849,2024-02,2024-03,0
C00849,2024-02,2025-05,14
C00850,2024-02,2024-02,0
C00850,2024-02,2024-05,2
C00850,2024-02,2025-02,11
C00850,2024-02,2025-07,16
C00851,2024-03,2024-03,0
C00851,2024-03,2025-08,16
C00852,2025-04,2025-04,0
C00852,2025-04,2025-07,2
C00852,2025-04,2025-08,3
C00853,2024-12,2024-12,0
C00854,2024-09,2024-09,0
C00855,2024-01,2024-01,0
C00855,2024-01,2024-06,4
C00855,2024-01,2024-10,8
C00855,2024-01,2025-03,13
C00857,2024-01,2024-01,0
C00857,2024-01,2024-09,7
C00857,2024-01,2025-01,11
C00858,2025-10,2025-10,0
C00859,2024-05,2024-05,0
C00859,2024-05,2025-08,14
C00859,2024-05,2025-10,16
C00860,2024-07,2024-07,0
C00860,2024-07,2024-09,1
C00860,2024-07,2024-12,4
C00860,2024-07,2025-12,16
C00861,2024-02,2024-02,0
C00861,2024-02,2024-05,2
C00861,2024-02,2025-03,12
C00861,2024-02,2025-04,13
C00861,2024-02,2025-11,20
C00862,2024-12,2024-12,0
C00862,2024-12,2025-02,1
C00862,2024-12,2025-12,11
C00863,2024-01,2024-01,0
C00863,2024-01,2025-11,21
C00864,2024-11,2024-11,0
C00864,2024-11,2025-04,4
C00864,2024-11,2025-12,12
C00865,2024-05,2024-05,0
C00867,2025-11,2025-11,0
C00868,2024-03,2024-03,0
C00868,2024-03,2024-07,3
C00869,2025-06,2025-06,0
C00870,2025-02,2025-02,0
C00870,2025-02,2025-04,1
C00870,2025-02,2025-11,8
C00870,2025-02,2025-12,9
C00871,2024-01,2024-01,0
C00871,2024-01,2024-02,0
C00871,2024-01,2025-09,19
C00872,2024-02,2024-02,0
C00872,2024-02,2025-12,21
C00873,2025-06,2025-06,0
C00873,2025-06,2025-09,2
C00874,2025-03,2025-03,0
C00874,2025-03,2025-11,7
C00875,2025-09,2025-09,0
C00875,2025-09,2025-10,0
C00876,2025-04,2025-04,0
C00877,2024-04,2024-04,0
C00877,2024-04,2025-03,10
C00877,2024-04,2025-11,18
C00879,2024-03,2024-03,0
C00879,2024-03,2024-08,4
C00879,2024-03,2025-08,16
C00880,2024-12,2024-12,0
C00880,2024-12,2025-02,1
C00880,2024-12,2025-10,9
C00881,2024-02,2024-02,0
C00881,2024-02,2025-05,14
C00882,2025-01,2025-01,0
C00882,2025-01,2025-08,6
C00883,2025-03,2025-03,0
C00883,2025-03,2025-05,1
C00883,2025-03,2025-10,6
C00884,2024-01,2024-01,0
C00884,2024-01,2024-04,2
C00884,2024-01,2024-10,8
C00884,2024-01,2025-06,16
C00886,2024-09,2024-09,0
C00886,2024-09,2025-05,7
C00886,2024-09,2025-09,11
C00886,2024-09,2025-12,14
C00887,2025-08,2025-08,0
C00888,2024-04,2024-04,0
C00888,2024-04,2024-10,5
C00889,2024-08,2024-08,0
C00891,2024-08,2024-08,0
C00891,2024-08,2024-10,1
C00891,2024-08,2025-07,10
C00893,2024-09,2024-09,0
C00896,2024-10,2024-10,0
C00896,2024-10,2025-07,8
C00897,2024-02,2024-02,0
C00897,2024-02,2024-06,3
C00897,2024-02,2025-08,17
C00897,2024-02,2025-10,19
C00899,2024-02,2024-02,0
C00899,2024-02,2024-05,2
C00899,2024-02,2025-05,14
C00901,2024-06,2024-06,0
C00902,2024-02,2024-02,0
C00902,2024-02,2024-06,3
C00902,2024-02,2025-04,13
C00903,2024-05,2024-05,0
C00904,2024-03,2024-03,0
C00904,2024-03,2024-07,3
C00905,2024-01,2024-01,0
C00905,2024-01,2025-05,15
C00905,2024-01,2025-11,21
C00907,2024-01,2024-01,0
C00907,2024-01,2024-07,5
C00907,2024-01,2024-12,10
C00907,2024-01,2025-05,15
C00909,2024-07,2024-07,0
C00909,2024-07,2024-10,2
C00909,2024-07,2025-08,12
C00910,2024-05,2024-05,0
C00910,2024-05,2024-06,0
C00911,2024-12,2024-12,0
C00911,2024-12,2025-08,7
C00912,2024-04,2024-04,0
C00913,2024-08,2024-08,0
C00917,2024-06,2024-06,0
C00917,2024-06,2024-09,2
C00917,2024-06,2025-04,9
C00917,2024-06,2025-05,10
C00917,2024-06,2025-06,11
C00917,2024-06,2025-08,13
C00918,2025-07,2025-07,0
C00918,2025-07,2025-10,2
C00918,2025-07,2025-11,3
C00919,2024-06,2024-06,0
C00919,2024-06,2024-12,5
C00919,2024-06,2025-02,7
C00919,2024-06,2025-03,8
C00919,2024-06,2025-04,9
C00919,2024-06,2025-08,13
C00919,2024-06,2025-09,14
C00920,2024-08,2024-08,0
C00920,2024-08,2024-10,1
C00921,2025-03,2025-03,0
C00921,2025-03,2025-10,6
C00923,2025-02,2025-02,0
C00923,2025-02,2025-03,0
C00923,2025-02,2025-07,4
C00923,2025-02,2025-10,7
C00924,2024-02,2024-02,0
C00924,2024-02,2024-04,1
C00925,2024-01,2024-01,0
C00925,2024-01,2024-06,4
C00925,2024-01,2024-08,6
C00925,2024-01,2024-10,8
C00925,2024-01,2025-05,15
C00925,2024-01,2025-06,16
C00925,2024-01,2025-07,17
C00926,2024-08,2024-08,0
C00926,2024-08,2024-11,2
C00926,2024-08,2025-06,9
C00926,2024-08,2025-12,15
C00929,2025-09,2025-09,0
C00932,2024-10,2024-10,0
C00935,2024-02,2024-02,0
C00935,2024-02,2024-09,6
C00935,2024-02,2025-03,12
C00936,2025-04,2025-04,0
C00936,2025-04,2025-11,6
C00937,2024-07,2024-07,0
C00937,2024-07,2025-07,11
C00937,2024-07,2025-09,13
C00938,2024-01,2024-01,0
C00938,2024-01,2024-07,5
C00938,2024-01,2025-04,14
C00939,2024-11,2024-11,0
C00939,2024-11,2024-12,0
C00939,2024-11,2025-01,1
C00939,2024-11,2025-08,8
C00940,2024-07,2024-07,0
C00940,2024-07,2024-10,2
C00940,2024-07,2025-10,14
C00941,2024-11,2024-11,0
C00943,2024-09,2024-09,0
C00943,2024-09,2024-12,2
C00945,2024-05,2024-05,0
C00945,2024-05,2024-07,1
C00946,2024-03,2024-03,0
C00946,2024-03,2024-08,4
C00946,2024-03,2024-11,7
C00946,2024-03,2025-04,12
C00947,2024-10,2024-10,0
C00947,2024-10,2025-01,3
C00947,2024-10,2025-02,4
C00948,2024-02,2024-02,0
C00948,2024-02,2024-03,0
C00948,2024-02,2024-06,3
C00948,2024-02,2024-12,9
C00948,2024-02,2025-04,13
C00948,2024-02,2025-09,18
C00949,2024-07,2024-07,0
C00949,2024-07,2025-04,8
C00950,2024-04,2024-04,0
C00951,2024-10,2024-10,0
C00951,2024-10,2025-04,5
C00951,2024-10,2025-06,7
C00951,2024-10,2025-07,8
C00951,2024-10,2025-09,10
C00951,2024-10,2025-11,12
C00953,2024-05,2024-05,0
C00953,2024-05,2024-09,3
C00953,2024-05,2025-02,8
C00953,2024-05,2025-06,12
C00954,2025-06,2025-06,0
C00954,2025-06,2025-12,5
C00955,2025-02,2025-02,0
C00955,2025-02,2025-08,5
C00955,2025-02,2025-11,8
C00956,2024-01,2024-01,0
C00956,2024-01,2025-01,11
C00957,2024-01,2024-01,0
C00957,2024-01,2024-02,0
C00957,2024-01,2024-08,6
C00957,2024-01,2025-02,12
C00958,2025-02,2025-02,0
C00958,2025-02,2025-04,1
C00958,2025-02,2025-11,8
C00959,2024-02,2024-02,0
C00959,2024-02,2025-06,15
C00959,2024-02,2025-08,17
C00959,2024-02,2025-09,18
C00959,2024-02,2025-12,21
C00960,2024-06,2024-06,0
C00960,2024-06,2025-02,7
C00960,2024-06,2025-03,8
C00960,2024-06,2025-06,11
C00960,2024-06,2025-12,17
C00961,2024-04,2024-04,0
C00961,2024-04,2025-01,8
C00962,2025-02,2025-02,0
C00964,2024-07,2024-07,0
C00964,2024-07,2024-09,1
C00964,2024-07,2025-06,10
C00964,2024-07,2025-10,14
C00964,2024-07,2025-12,16
C00965,2024-02,2024-02,0
C00965,2024-02,2024-03,0
C00965,2024-02,2025-11,20
C00966,2025-04,2025-04,0
C00966,2025-04,2025-07,3
C00966,2025-04,2025-10,6
C00969,2025-11,2025-11,0
C00969,2025-11,2025-12,0
C00970,2024-06,2024-06,0
C00970,2024-06,2024-11,4
C00970,2024-06,2025-01,6
C00970,2024-06,2025-12,17
C00971,2024-01,2024-01,0
C00971,2024-01,2024-03,1
C00972,2024-03,2024-03,0
C00973,2024-07,2024-07,0
C00974,2024-01,2024-01,0
C00974,2024-01,2025-03,13
C00975,2024-08,2024-08,0
C00975,2024-08,2024-12,3
C00976,2024-02,2024-02,0
C00976,2024-02,2025-05,14
C00976,2024-02,2025-07,16
C00977,2024-10,2024-10,0
C00977,2024-10,2025-10,11
C00977,2024-10,2025-12,13
C00978,2025-02,2025-02,0
C00979,2024-03,2024-03,0
C00979,2024-03,2024-07,3
C00979,2024-03,2024-09,5
C00979,2024-03,2024-10,6
C00979,2024-03,2025-03,11
C00980,2025-07,2025-07,0
C00982,2024-06,2024-06,0
C00982,2024-06,2024-11,4
C00982,2024-06,2025-01,6
C00983,2024-10,2024-10,0
C00985,2024-08,2024-08,0
C00985,2024-08,2025-07,10
C00985,2024-08,2025-08,11
C00989,2025-10,2025-10,0
C00990,2024-03,2024-03,0
C00991,2024-11,2024-11,0
C00991,2024-11,2025-01,1
C00993,2025-01,2025-01,0
C00994,2024-02,2024-02,0
C00994,2024-02,2024-04,1
C00994,2024-02,2025-12,21
C00995,2024-11,2024-11,0
C00996,2024-06,2024-06,0
C00997,2024-11,2024-11,0
C00997,2024-11,2025-01,1
C00997,2024-11,2025-04,4
C00997,2024-11,2025-11,11
C00998,2025-03,2025-03,0
C00999,2024-05,2024-05,0
C00999,2024-05,2025-02,8
C01000,2024-03,2024-03,0
C01000,2024-03,2024-11,7
C01000,2024-03,2025-09,17
C01001,2025-03,2025-03,0
C01002,2024-10,2024-10,0
C01002,2024-10,2024-12,1
C01002,2024-10,2025-09,10
C01004,2024-06,2024-06,0
C01004,2024-06,2025-03,8
C01004,2024-06,2025-06,11
C01005,2025-06,2025-06,0
C01006,2024-04,2024-04,0
C01006,2024-04,2024-09,4
C01007,2025-02,2025-02,0
C01007,2025-02,2025-03,0
C01007,2025-02,2025-10,7
C01008,2024-02,2024-02,0
C01008,2024-02,2024-05,2
C01008,2024-02,2025-05,14
C01009,2024-11,2024-11,0
C01009,2024-11,2025-12,12
C01010,2024-01,2024-01,0
C01010,2024-01,2025-04,14
C01010,2024-01,2025-12,22
C01011,2024-06,2024-06,0
C01011,2024-06,2025-08,13
C01011,2024-06,2025-12,17
C01012,2024-03,2024-03,0
C01012,2024-03,2025-11,19
C01013,2025-11,2025-11,0
C01014,2024-07,2024-07,0
C01014,2024-07,2024-11,3
C01014,2024-07,2025-09,13
C01016,2024-09,2024-09,0
C01016,2024-09,2025-02,4
C01016,2024-09,2025-05,7
C01016,2024-09,2025-08,10
C01016,2024-09,2025-12,14
C01017,2025-08,2025-08,0
C01018,2024-01,2024-01,0
C01019,2024-11,2024-11,0
C01019,2024-11,2025-04,4
C01019,2024-11,2025-07,7
C01020,2024-03,2024-03,0
C01020,2024-03,2024-07,3
C01020,2024-03,2025-12,20
C01021,2025-04,2025-04,0
C01021,2025-04,2025-11,6
C01022,2024-02,2024-02,0
C01022,2024-02,2024-09,6
C01024,2025-06,2025-06,0
C01025,2024-03,2024-03,0
C01025,2024-03,2025-02,10
C01025,2024-03,2025-03,11
C01025,2024-03,2025-12,20
C01026,2024-12,2024-12,0
C01026,2024-12,2025-06,5
C01028,2025-03,2025-03,0
C01028,2025-03,2025-08,4
C01030,2024-03,2024-03,0
C01030,2024-03,2025-04,12
C01030,2024-03,2025-05,13
C01030,2024-03,2025-07,15
C01031,2024-08,2024-08,0
C01031,2024-08,2024-09,0
C01031,2024-08,2024-12,3
C01031,2024-08,2025-06,9
C01031,2024-08,2025-08,11
C01032,2024-03,2024-03,0
C01032,2024-03,2024-08,4
C01032,2024-03,2025-02,10
C01033,2024-10,2024-10,0
C01033,2024-10,2025-12,13
C01034,2024-07,2024-07,0
C01034,2024-07,2024-08,0
C01035,2025-10,2025-10,0
C01035,2025-10,2025-12,1
C01036,2024-01,2024-01,0
C01036,2024-01,2024-12,10
C01037,2024-04,2024-04,0
C01037,2024-04,2025-05,12
C01038,2024-05,2024-05,0
C01038,2024-05,2025-05,11
C01039,2024-11,2024-11,0
C01039,2024-11,2025-05,5
C01039,2024-11,2025-06,6
C01039,2024-11,2025-10,10
C01041,2025-05,2025-05,0
C01042,2025-12,2025-12,0
C01043,2025-02,2025-02,0
C01046,2024-04,2024-04,0
C01046,2024-04,2024-05,0
C01046,2024-04,2024-07,2
C01047,2025-01,2025-01,0
C01048,2024-04,2024-04,0
C01048,2024-04,2024-10,5
C01050,2025-03,2025-03,0
C01050,2025-03,2025-09,5
C01050,2025-03,2025-12,8
C01052,2025-12,2025-12,0
C01053,2024-12,2024-12,0
C01053,2024-12,2025-02,1
C01054,2024-04,2024-04,0
C01055,2024-07,2024-07,0
C01055,2024-07,2025-04,8
C01056,2024-12,2024-12,0
C01057,2024-03,2024-03,0
C01057,2024-03,2024-04,0
C01057,2024-03,2024-05,1
C01057,2024-03,2025-05,13
C01057,2024-03,2025-12,20
C01059,2024-05,2024-05,0
C01060,2025-04,2025-04,0
C01061,2024-02,2024-02,0
C01061,2024-02,2025-01,10
C01062,2024-02,2024-02,0
C01063,2025-02,2025-02,0
C01063,2025-02,2025-08,5
C01064,2024-06,2024-06,0
C01064,2024-06,2025-11,16
C01066,2024-07,2024-07,0
C01066,2024-07,2025-01,5
C01066,2024-07,2025-03,7
C01066,2024-07,2025-07,11
C01067,2024-06,2024-06,0
C01067,2024-06,2024-10,3
C01068,2024-11,2024-11,0
C01068,2024-11,2025-02,2
C01069,2025-04,2025-04,0
C01071,2024-04,2024-04,0
C01071,2024-04,2024-07,2
C01071,2024-04,2025-01,8
C01071,2024-04,2025-03,10
C01071,2024-04,2025-05,12
C01071,2024-04,2025-10,17
C01071,2024-04,2025-12,19
C01072,2024-03,2024-03,0
C01072,2024-03,2024-07,3
C01072,2024-03,2024-08,4
C01072,2024-03,2024-10,6
C01072,2024-03,2025-07,15
C01072,2024-03,2025-12,20
C01073,2025-09,2025-09,0
C01074,2024-03,2024-03,0
C01074,2024-03,2025-01,9
C01074,2024-03,2025-04,12
C01074,2024-03,2025-10,18
C01074,2024-03,2025-12,20
C01076,2024-05,2024-05,0
C01076,2024-05,2024-07,1
C01077,2024-01,2024-01,0
C01077,2024-01,2024-09,7
C01077,2024-01,2025-12,22
C01078,2025-09,2025-09,0
C01080,2025-03,2025-03,0
C01080,2025-03,2025-06,2
C01081,2024-02,2024-02,0
C01081,2024-02,2025-02,11
C01081,2024-02,2025-09,18
C01081,2024-02,2025-11,20
C01082,2024-04,2024-04,0
C01082,2024-04,2025-07,14
C01082,2024-04,2025-08,15
C01083,2024-03,2024-03,0
C01083,2024-03,2024-09,5
C01083,2024-03,2025-01,9
C01083,2024-03,2025-05,13
C01084,2024-04,2024-04,0
C01084,2024-04,2024-11,6
C01084,2024-04,2025-04,11
C01085,2025-07,2025-07,0
C01088,2025-10,2025-10,0
C01089,2024-01,2024-01,0
C01089,2024-01,2025-03,13
C01090,2025-01,2025-01,0
C01091,2025-06,2025-06,0
C01092,2024-01,2024-01,0
C01092,2024-01,2025-03,13
C01092,2024-01,2025-09,19
C01092,2024-01,2025-12,22
C01093,2024-08,2024-08,0
C01093,2024-08,2025-09,12
C01095,2024-01,2024-01,0
C01095,2024-01,2024-03,1
C01095,2024-01,2024-12,10
C01095,2024-01,2025-05,15
C01095,2024-01,2025-08,18
C01097,2025-01,2025-01,0
C01097,2025-01,2025-02,0
C01098,2024-03,2024-03,0
C01098,2024-03,2024-05,1
C01098,2024-03,2024-12,8
C01098,2024-03,2025-01,9
C01098,2024-03,2025-04,12
C01099,2024-06,2024-06,0
C01099,2024-06,2025-06,11
C01100,2024-01,2024-01,0
C01101,2025-05,2025-05,0
C01101,2025-05,2025-09,3
C01101,2025-05,2025-11,5
C01102,2024-06,2024-06,0
C01102,2024-06,2024-12,5
C01104,2025-11,2025-11,0
C01105,2025-05,2025-05,0
C01105,2025-05,2025-06,0
C01105,2025-05,2025-08,2
C01105,2025-05,2025-10,4
C01106,2024-08,2024-08,0
C01106,2024-08,2025-12,15
C01107,2024-04,2024-04,0
C01107,2024-04,2024-07,2
C01107,2024-04,2024-12,7
C01107,2024-04,2025-03,10
C01107,2024-04,2025-09,16
C01107,2024-04,2025-12,19
C01108,2024-03,2024-03,0
C01108,2024-03,2024-10,6
C01108,2024-03,2025-01,9
C01108,2024-03,2025-06,14
C01108,2024-03,2025-10,18
C01110,2024-02,2024-02,0
C01110,2024-02,2024-04,1
C01110,2024-02,2024-05,2
C01110,2024-02,2024-10,7
C01110,2024-02,2025-02,11
C01110,2024-02,2025-03,12
C01110,2024-02,2025-04,13
C01111,2025-02,2025-02,0
C01111,2025-02,2025-05,2
C01112,2024-08,2024-08,0
C01112,2024-08,2025-12,15
C01113,2024-05,2024-05,0
C01113,2024-05,2025-01,7
C01113,2024-05,2025-04,10
C01113,2024-05,2025-06,12
C01114,2024-02,2024-02,0
C01118,2024-05,2024-05,0
C01118,2024-05,2025-01,7
C01119,2024-01,2024-01,0
C01119,2024-01,2024-03,1
C01119,2024-01,2024-05,3
C01120,2024-11,2024-11,0
C01120,2024-11,2025-01,1
C01120,2024-11,2025-09,9
C01122,2025-06,2025-06,0
C01123,2024-06,2024-06,0
C01123,2024-06,2024-08,1
C01123,2024-06,2025-01,6
C01124,2025-01,2025-01,0
C01125,2024-01,2024-01,0
C01125,2024-01,2024-05,3
C01125,2024-01,2025-10,20
C01127,2025-01,2025-01,0
C01128,2024-05,2024-05,0
C01128,2024-05,2025-10,16
C01132,2025-05,2025-05,0
C01133,2024-01,2024-01,0
C01133,2024-01,2024-08,6
C01133,2024-01,2025-06,16
C01134,2025-11,2025-11,0
C01135,2024-01,2024-01,0
C01135,2024-01,2024-04,2
C01135,2024-01,2025-04,14
C01135,2024-01,2025-06,16
C01135,2024-01,2025-12,22
C01138,2024-03,2024-03,0
C01138,2024-03,2024-08,4
C01138,2024-03,2025-05,13
C01139,2024-12,2024-12,0
C01139,2024-12,2025-03,2
C01139,2024-12,2025-11,10
C01139,2024-12,2025-12,11
C01141,2024-02,2024-02,0
C01142,2025-04,2025-04,0
C01143,2025-06,2025-06,0
C01144,2024-02,2024-02,0
C01144,2024-02,2025-04,13
C01145,2024-02,2024-02,0
C01145,2024-02,2024-05,2
C01145,2024-02,2024-12,9
C01145,2024-02,2025-09,18
C01146,2024-01,2024-01,0
C01146,2024-01,2024-04,2
C01146,2024-01,2025-05,15
C01148,2024-01,2024-01,0
C01148,2024-01,2024-03,1
C01148,2024-01,2024-12,10
C01148,2024-01,2025-05,15
C01148,2024-01,2025-09,19
C01149,2024-04,2024-04,0
C01149,2024-04,2024-09,4
C01149,2024-04,2025-07,14
C01150,2024-04,2024-04,0
C01150,2024-04,2024-06,1
C01150,2024-04,2024-12,7
C01150,2024-04,2025-10,17
C01152,2025-12,2025-12,0
C01153,2024-09,2024-09,0
C01153,2024-09,2024-11,1
C01153,2024-09,2025-12,14
C01154,2024-07,2024-07,0
C01156,2024-11,2024-11,0
C01157,2024-02,2024-02,0
C01157,2024-02,2024-09,6
C01157,2024-02,2025-05,14
C01158,2024-03,2024-03,0
C01159,2024-10,2024-10,0
C01160,2025-06,2025-06,0
C01162,2025-03,2025-03,0
C01164,2025-05,2025-05,0
C01165,2024-06,2024-06,0
C01165,2024-06,2024-10,3
C01166,2024-04,2024-04,0
C01169,2024-04,2024-04,0
C01169,2024-04,2025-01,8
C01171,2024-05,2024-05,0
C01171,2024-05,2025-09,15
C01171,2024-05,2025-12,18
C01173,2024-05,2024-05,0
C01173,2024-05,2025-01,7
C01173,2024-05,2025-03,9
C01173,2024-05,2025-08,14
C01174,2024-05,2024-05,0
C01174,2024-05,2024-10,4
C01174,2024-05,2025-06,12
C01174,2024-05,2025-07,13
C01174,2024-05,2025-09,15
C01176,2024-06,2024-06,0
C01176,2024-06,2024-12,5
C01176,2024-06,2025-09,14
C01177,2024-01,2024-01,0
C01177,2024-01,2024-05,4
C01177,2024-01,2025-02,13
C01177,2024-01,2025-04,15
C01178,2024-03,2024-03,0
C01178,2024-03,2024-06,3
C01178,2024-03,2024-09,6
C01178,2024-03,2024-10,7
C01178,2024-03,2025-04,13
C01178,2024-03,2025-07,16
C01178,2024-03,2025-11,20
C01180,2025-02,2025-02,0
C01181,2025-05,2025-05,0
C01182,2024-11,2024-11,0
C01182,2024-11,2024-12,0
C01182,2024-11,2025-04,4
C01182,2024-11,2025-06,6
C01182,2024-11,2025-10,10
C01183,2025-01,2025-01,0
C01184,2025-02,2025-02,0
C01184,2025-02,2025-07,4
C01184,2025-02,2025-10,7
C01187,2025-06,2025-06,0
C01187,2025-06,2025-09,2
C01187,2025-06,2025-11,4
C01188,2024-02,2024-02,0
C01188,2024-02,2024-06,3
C01190,2024-05,2024-05,0
C01190,2024-05,2025-04,10
C01190,2024-05,2025-07,13
C01190,2024-05,2025-11,17
C01192,2024-04,2024-04,0
C01192,2024-04,2024-05,1
C01192,2024-04,2024-11,7
C01192,2024-04,2025-02,10
C01192,2024-04,2025-05,13
C01193,2024-02,2024-02,0
C01193,2024-02,2025-12,21
C01194,2025-02,2025-02,0
C01197,2024-09,2024-09,0
C01198,2024-02,2024-02,0
C01198,2024-02,2024-12,9
C01198,2024-02,2025-10,19
C01199,2025-12,2025-12,0
C01200,2025-06,2025-06,0
C01200,2025-06,2025-08,1
C01201,2025-10,2025-10,0
C01202,2024-04,2024-04,0
C01202,2024-04,2024-11,6
C01202,2024-04,2025-04,11
C01202,2024-04,2025-08,15
C01203,2025-06,2025-06,0
C01204,2025-06,2025-06,0
C01204,2025-06,2025-07,0
C01204,2025-06,2025-10,3
C01205,2025-10,2025-10,0
C01206,2025-01,2025-01,0
C01206,2025-01,2025-10,8
C01206,2025-01,2025-12,10
C01207,2025-07,2025-07,0
C01207,2025-07,2025-12,4
C01208,2024-12,2024-12,0
C01208,2024-12,2025-09,8
C01208,2024-12,2025-11,10
C01208,2024-12,2025-12,11
C01209,2024-02,2024-02,0
C01209,2024-02,2024-10,7
C01209,2024-02,2025-02,11
C01209,2024-02,2025-04,13
C01209,2024-02,2025-05,14
C01211,2024-05,2024-05,0
C01212,2024-03,2024-03,0
C01212,2024-03,2024-10,6
C01212,2024-03,2025-11,19
C01214,2024-04,2024-04,0
C01214,2024-04,2025-03,10
C01215,2025-02,2025-02,0
C01216,2024-01,2024-01,0
C01216,2024-01,2024-02,0
C01216,2024-01,2024-03,1
C01216,2024-01,2025-01,11
C01216,2024-01,2025-04,14
C01216,2024-01,2025-06,16
C01218,2024-10,2024-10,0
C01218,2024-10,2025-05,6
C01218,2024-10,2025-06,7
C01218,2024-10,2025-08,9
C01218,2024-10,2025-09,10
C01219,2024-07,2024-07,0
C01219,2024-07,2024-10,2
C01219,2024-07,2025-07,11
C01219,2024-07,2025-08,12
C01220,2024-05,2024-05,0
C01220,2024-05,2024-10,4
C01220,2024-05,2025-09,15
C01221,2024-06,2024-06,0
C01221,2024-06,2025-03,8
C01221,2024-06,2025-07,12
C01222,2024-07,2024-07,0
C01222,2024-07,2025-02,6
C01222,2024-07,2025-07,11
C01222,2024-07,2025-11,15
C01223,2025-06,2025-06,0
C01224,2024-01,2024-01,0
C01224,2024-01,2024-05,3
C01225,2024-06,2024-06,0
C01225,2024-06,2025-10,15
C01227,2024-06,2024-06,0
C01227,2024-06,2025-07,12
C01228,2025-02,2025-02,0
C01229,2025-03,2025-03,0
C01231,2024-05,2024-05,0
C01231,2024-05,2024-06,0
C01231,2024-05,2024-08,2
C01231,2024-05,2025-04,10
C01232,2025-06,2025-06,0
C01233,2024-10,2024-10,0
C01234,2025-04,2025-04,0
C01235,2024-08,2024-08,0
C01235,2024-08,2024-11,2
C01235,2024-08,2025-01,4
C01235,2024-08,2025-02,5
C01235,2024-08,2025-10,13
C01236,2024-01,2024-01,0
C01237,2024-08,2024-08,0
C01237,2024-08,2025-03,6
C01237,2024-08,2025-04,7
C01237,2024-08,2025-06,9
C01239,2024-04,2024-04,0
C01239,2024-04,2024-05,0
C01239,2024-04,2025-07,14
C01240,2025-12,2025-12,0
C01241,2025-10,2025-10,0
C01242,2025-01,2025-01,0
C01243,2024-01,2024-01,0
C01245,2024-07,2024-07,0
C01245,2024-07,2025-09,13
C01245,2024-07,2025-10,14
C01246,2024-06,2024-06,0
C01247,2025-03,2025-03,0
C01247,2025-03,2025-04,0
C01247,2025-03,2025-10,6
C01248,2024-03,2024-03,0
C01248,2024-03,2025-04,12
C01250,2024-12,2024-12,0
C01251,2024-05,2024-05,0
C01251,2024-05,2024-07,1
C01252,2024-03,2024-03,0
C01252,2024-03,2025-01,9
C01253,2024-11,2024-11,0
C01253,2024-11,2025-05,5
C01253,2024-11,2025-07,7
C01254,2024-11,2024-11,0
C01255,2025-06,2025-06,0
C01255,2025-06,2025-07,0
C01257,2025-09,2025-09,0
C01259,2024-03,2024-03,0
C01259,2024-03,2024-11,7
C01260,2025-07,2025-07,0
C01262,2024-06,2024-06,0
C01263,2025-05,2025-05,0
C01264,2025-01,2025-01,0
C01267,2025-01,2025-01,0
C01267,2025-01,2025-03,1
C01267,2025-01,2025-06,4
C01267,2025-01,2025-12,10
C01268,2024-01,2024-01,0
C01268,2024-01,2024-02,0
C01268,2024-01,2024-08,6
C01268,2024-01,2024-10,8
C01268,2024-01,2025-02,12
C01269,2024-03,2024-03,0
C01269,2024-03,2024-08,4
C01269,2024-03,2024-11,7
C01269,2024-03,2025-04,12
C01270,2025-03,2025-03,0
C01270,2025-03,2025-06,2
C01270,2025-03,2025-08,4
C01272,2024-05,2024-05,0
C01272,2024-05,2025-12,18
C01273,2024-03,2024-03,0
C01273,2024-03,2024-07,3
C01273,2024-03,2025-12,20
C01274,2024-04,2024-04,0
C01274,2024-04,2024-05,0
C01274,2024-04,2024-11,6
C01274,2024-04,2025-07,14
C01275,2024-10,2024-10,0
C01275,2024-10,2025-10,11
C01277,2024-02,2024-02,0
C01277,2024-02,2024-06,3
C01277,2024-02,2025-02,11
C01279,2025-02,2025-02,0
C01279,2025-02,2025-12,10
C01280,2024-01,2024-01,0
C01280,2024-01,2024-07,5
C01280,2024-01,2025-07,17
C01281,2024-03,2024-03,0
C01281,2024-03,2024-06,2
C01282,2025-02,2025-02,0
C01282,2025-02,2025-05,2
C01282,2025-02,2025-11,8
C01283,2024-06,2024-06,0
C01284,2024-01,2024-01,0
C01284,2024-01,2024-05,4
C01284,2024-01,2024-09,8
C01284,2024-01,2025-01,12
C01284,2024-01,2025-10,21
C01285,2024-03,2024-03,0
C01285,2024-03,2025-10,18
C01286,2024-03,2024-03,0
C01286,2024-03,2024-10,6
C01287,2024-06,2024-06,0
C01288,2024-05,2024-05,0
C01288,2024-05,2025-01,7
C01288,2024-05,2025-07,13
C01288,2024-05,2025-10,16
C01288,2024-05,2025-12,18
C01289,2024-03,2024-03,0
C01289,2024-03,2024-08,4
C01292,2024-07,2024-07,0
C01294,2024-01,2024-01,0
C01294,2024-01,2024-02,0
C01294,2024-01,2025-07,17
C01295,2024-01,2024-01,0
C01295,2024-01,2025-08,18
C01295,2024-01,2025-09,19
C01295,2024-01,2025-10,20
C01296,2024-05,2024-05,0
C01297,2024-05,2024-05,0
C01297,2024-05,2024-09,3
C01297,2024-05,2024-10,4
C01297,2024-05,2024-11,5
C01297,2024-05,2025-08,14
C01299,2024-11,2024-11,0
C01299,2024-11,2025-03,3
C01299,2024-11,2025-05,5
C01299,2024-11,2025-08,8
C01301,2025-07,2025-07,0
C01301,2025-07,2025-12,4
C01302,2025-04,2025-04,0
C01302,2025-04,2025-07,2
C01302,2025-04,2025-09,4
C01304,2024-10,2024-10,0
C01304,2024-10,2025-01,2
C01304,2024-10,2025-03,4
C01305,2024-01,2024-01,0
C01305,2024-01,2024-03,1
C01305,2024-01,2025-05,15
C01305,2024-01,2025-09,19
C01307,2024-01,2024-01,0
C01307,2024-01,2024-06,4
C01307,2024-01,2024-10,8
C01307,2024-01,2025-02,12
C01307,2024-01,2025-06,16
C01307,2024-01,2025-07,17
C01308,2024-01,2024-01,0
C01308,2024-01,2024-04,3
C01309,2025-02,2025-02,0
C01310,2024-04,2024-04,0
C01310,2024-04,2024-07,2
C01310,2024-04,2025-02,9
C01310,2024-04,2025-07,14
C01311,2024-04,2024-04,0
C01311,2024-04,2025-11,18
C01312,2024-01,2024-01,0
C01313,2025-05,2025-05,0
C01313,2025-05,2025-08,2
C01314,2025-08,2025-08,0
C01315,2024-04,2024-04,0
C01315,2024-04,2025-06,13
C01316,2025-09,2025-09,0
C01317,2025-03,2025-03,0
C01317,2025-03,2025-07,3
C01317,2025-03,2025-09,5
C01318,2024-07,2024-07,0
C01318,2024-07,2025-06,10
C01318,2024-07,2025-07,11
C01318,2024-07,2025-09,13
C01318,2024-07,2025-10,14
C01319,2024-11,2024-11,0
C01319,2024-11,2025-01,1
C01319,2024-11,2025-07,7
C01320,2025-04,2025-04,0
C01321,2024-01,2024-01,0
C01321,2024-01,2025-04,14
C01321,2024-01,2025-05,15
C01322,2024-07,2024-07,0
C01322,2024-07,2025-08,12
C01323,2025-06,2025-06,0
C01324,2024-04,2024-04,0
C01324,2024-04,2024-11,6
C01324,2024-04,2025-08,15
C01328,2024-04,2024-04,0
C01328,2024-04,2024-08,3
C01328,2024-04,2025-03,10
C01330,2024-02,2024-02,0
C01330,2024-02,2024-10,7
C01331,2024-03,2024-03,0
C01331,2024-03,2024-05,1
C01331,2024-03,2024-08,4
C01332,2024-05,2024-05,0
C01332,2024-05,2025-04,10
C01332,2024-05,2025-10,16
C01333,2025-03,2025-03,0
C01334,2025-08,2025-08,0
C01334,2025-08,2025-11,2
C01335,2025-08,2025-08,0
C01335,2025-08,2025-09,0
C01336,2025-02,2025-02,0
C01337,2024-06,2024-06,0
C01338,2024-07,2024-07,0
C01338,2024-07,2024-08,0
C01340,2024-12,2024-12,0
C01340,2024-12,2025-03,2
C01342,2024-01,2024-01,0
C01342,2024-01,2024-02,0
C01342,2024-01,2024-07,5
C01342,2024-01,2025-05,15
C01343,2024-04,2024-04,0
C01343,2024-04,2024-09,4
C01343,2024-04,2025-08,15
C01343,2024-04,2025-11,18
C01344,2024-04,2024-04,0
C01344,2024-04,2024-06,1
C01344,2024-04,2025-07,14
C01348,2024-02,2024-02,0
C01349,2024-01,2024-01,0
C01349,2024-01,2024-08,6
C01349,2024-01,2024-11,9
C01349,2024-01,2025-02,12
C01349,2024-01,2025-05,15
C01349,2024-01,2025-06,16
C01349,2024-01,2025-07,17
C01349,2024-01,2025-11,21
C01350,2024-04,2024-04,0
C01350,2024-04,2024-06,1
C01350,2024-04,2024-09,4
C01350,2024-04,2025-05,12
C01350,2024-04,2025-08,15
C01351,2024-03,2024-03,0
C01351,2024-03,2024-10,6
C01351,2024-03,2025-09,17
C01352,2024-09,2024-09,0
C01352,2024-09,2025-03,5
C01352,2024-09,2025-10,12
C01354,2024-02,2024-02,0
C01354,2024-02,2024-07,4
C01354,2024-02,2025-02,11
C01354,2024-02,2025-03,12
C01354,2024-02,2025-05,14
C01355,2024-02,2024-02,0
C01355,2024-02,2025-05,14
C01355,2024-02,2025-11,20
C01356,2025-08,2025-08,0
C01357,2024-03,2024-03,0
C01357,2024-03,2024-05,1
C01357,2024-03,2025-08,16
C01358,2024-01,2024-01,0
C01358,2024-01,2024-04,3
C01358,2024-01,2024-05,4
C01358,2024-01,2024-07,6
C01358,2024-01,2024-10,9
C01358,2024-01,2024-12,11
C01359,2024-01,2024-01,0
C01359,2024-01,2024-02,0
C01359,2024-01,2025-07,17
C01361,2024-05,2024-05,0
C01361,2024-05,2024-07,1
C01361,2024-05,2025-05,11
C01362,2024-10,2024-10,0
C01363,2025-10,2025-10,0
C01364,2024-06,2024-06,0
C01364,2024-06,2025-10,15
C01369,2025-11,2025-11,0
C01370,2024-01,2024-01,0
C01371,2025-01,2025-01,0
C01371,2025-01,2025-03,1
C01373,2024-11,2024-11,0
C01374,2024-06,2024-06,0
C01374,2024-06,2025-03,8
C01375,2024-12,2024-12,0
C01376,2024-04,2024-04,0
C01376,2024-04,2024-11,6
C01376,2024-04,2024-12,7
C01378,2024-01,2024-01,0
C01378,2024-01,2024-05,3
C01378,2024-01,2024-08,6
C01378,2024-01,2024-11,9
C01378,2024-01,2025-03,13
C01378,2024-01,2025-09,19
C01378,2024-01,2025-10,20
C01379,2024-11,2024-11,0
C01380,2025-09,2025-09,0
C01380,2025-09,2025-12,2
C01381,2024-04,2024-04,0
C01381,2024-04,2024-08,3
C01381,2024-04,2025-09,16
C01384,2025-07,2025-07,0
C01385,2025-04,2025-04,0
C01385,2025-04,2025-05,0
C01386,2024-10,2024-10,0
C01387,2024-03,2024-03,0
C01387,2024-03,2024-05,1
C01389,2025-05,2025-05,0
C01392,2024-11,2024-11,0
C01392,2024-11,2025-05,5
C01394,2025-05,2025-05,0
C01395,2024-02,2024-02,0
C01395,2024-02,2024-03,0
C01395,2024-02,2024-05,2
C01395,2024-02,2024-08,5
C01395,2024-02,2024-10,7
C01395,2024-02,2025-12,21
C01399,2024-03,2024-03,0
C01399,2024-03,2025-02,10
C01399,2024-03,2025-03,11
C01399,2024-03,2025-08,16
C01399,2024-03,2025-09,17
C01399,2024-03,2025-11,19
C01400,2024-09,2024-09,0
C01400,2024-09,2025-04,6
C01400,2024-09,2025-10,12
C01401,2024-09,2024-09,0
C01401,2024-09,2025-02,4
C01402,2025-08,2025-08,0
C01403,2024-05,2024-05,0
C01404,2024-10,2024-10,0
C01404,2024-10,2024-11,0
C01405,2024-03,2024-03,0
C01407,2024-03,2024-03,0
C01410,2024-09,2024-09,0
C01410,2024-09,2024-11,1
C01410,2024-09,2025-02,4
C01410,2024-09,2025-09,11
C01410,2024-09,2025-10,12
C01411,2025-01,2025-01,0
C01411,2025-01,2025-03,1
C01411,2025-01,2025-04,2
C01411,2025-01,2025-05,3
C01412,2024-03,2024-03,0
C01412,2024-03,2025-05,13
C01412,2024-03,2025-07,15
C01414,2024-05,2024-05,0
C01414,2024-05,2025-01,7
C01414,2024-05,2025-10,16
C01416,2024-10,2024-10,0
C01418,2024-04,2024-04,0
C01418,2024-04,2024-11,6
C01418,2024-04,2025-01,8
C01418,2024-04,2025-02,9
C01419,2024-06,2024-06,0
C01420,2024-09,2024-09,0
C01420,2024-09,2025-05,7
C01420,2024-09,2025-07,9
C01420,2024-09,2025-08,10
C01420,2024-09,2025-10,12
C01421,2024-01,2024-01,0
C01421,2024-01,2024-02,0
C01421,2024-01,2024-04,2
C01422,2024-03,2024-03,0
C01422,2024-03,2024-06,2
C01422,2024-03,2024-08,4
C01422,2024-03,2024-12,8
C01422,2024-03,2025-06,14
C01422,2024-03,2025-09,17
C01424,2024-09,2024-09,0
C01425,2024-01,2024-01,0
C01427,2024-09,2024-09,0
C01427,2024-09,2025-10,12
C01429,2025-03,2025-03,0
C01430,2024-04,2024-04,0
C01430,2024-04,2025-07,14
C01431,2024-09,2024-09,0
C01431,2024-09,2025-05,7
C01432,2024-04,2024-04,0
C01432,2024-04,2024-09,4
C01433,2024-11,2024-11,0
C01433,2024-11,2025-12,12
C01434,2024-05,2024-05,0
C01434,2024-05,2025-05,11
C01434,2024-05,2025-06,12
C01434,2024-05,2025-10,16
C01435,2024-11,2024-11,0
C01435,2024-11,2025-04,4
C01437,2024-02,2024-02,0
C01437,2024-02,2025-08,17
C01438,2024-01,2024-01,0
C01438,2024-01,2024-06,4
C01438,2024-01,2025-02,12
C01438,2024-01,2025-06,16
C01439,2024-10,2024-10,0
C01439,2024-10,2025-03,4
C01440,2025-01,2025-01,0
C01440,2025-01,2025-09,7
C01440,2025-01,2025-11,9
C01440,2025-01,2025-12,10
C01441,2024-01,2024-01,0
C01441,2024-01,2024-04,2
C01441,2024-01,2025-02,12
C01441,2024-01,2025-05,15
C01442,2024-05,2024-05,0
C01443,2025-06,2025-06,0
C01443,2025-06,2025-11,4
C01444,2025-12,2025-12,0
C01445,2024-08,2024-08,0
C01445,2024-08,2025-03,6
C01445,2024-08,2025-07,10
C01446,2025-06,2025-06,0
C01446,2025-06,2025-12,5
C01447,2024-06,2024-06,0
C01447,2024-06,2024-08,1
C01447,2024-06,2025-09,14
C01449,2024-07,2024-07,0
C01449,2024-07,2025-01,5
C01449,2024-07,2025-10,14
C01451,2025-01,2025-01,0
C01451,2025-01,2025-05,3
C01451,2025-01,2025-10,8
C01452,2025-05,2025-05,0
C01453,2024-08,2024-08,0
C01453,2024-08,2025-10,14
C01453,2024-08,2025-11,15
C01453,2024-08,2025-12,16
C01454,2024-10,2024-10,0
C01454,2024-10,2025-05,6
C01454,2024-10,2025-12,13
C01455,2024-05,2024-05,0
C01455,2024-05,2025-09,16
C01459,2025-05,2025-05,0
C01460,2024-02,2024-02,0
C01460,2024-02,2024-07,4
C01460,2024-02,2024-11,8
C01460,2024-02,2025-05,14
C01461,2024-03,2024-03,0
C01461,2024-03,2024-04,1
C01461,2024-03,2024-05,2
C01461,2024-03,2024-12,9
C01461,2024-03,2025-02,11
C01461,2024-03,2025-11,20
C01461,2024-03,2025-12,21
C01462,2024-11,2024-11,0
C01462,2024-11,2025-10,10
C01463,2025-12,2025-12,0
C01465,2025-01,2025-01,0
C01465,2025-01,2025-06,4
C01466,2024-07,2024-07,0
C01466,2024-07,2025-09,13
C01466,2024-07,2025-12,16
C01467,2024-04,2024-04,0
C01467,2024-04,2025-02,9
C01469,2024-10,2024-10,0
C01469,2024-10,2025-08,9
C01470,2024-08,2024-08,0
C01470,2024-08,2025-09,12
C01472,2025-06,2025-06,0
C01472,2025-06,2025-08,1
C01472,2025-06,2025-10,3
C01473,2024-09,2024-09,0
C01473,2024-09,2024-10,0
C01473,2024-09,2024-12,2
C01473,2024-09,2025-10,12
C01474,2024-05,2024-05,0
C01474,2024-05,2024-08,2
C01474,2024-05,2025-03,9
C01474,2024-05,2025-09,15
C01475,2025-04,2025-04,0
C01475,2025-04,2025-11,6
C01476,2024-05,2024-05,0
C01479,2024-03,2024-03,0
C01479,2024-03,2024-11,7
C01479,2024-03,2025-01,9
C01480,2025-04,2025-04,0
C01483,2024-01,2024-01,0
C01483,2024-01,2024-04,2
C01483,2024-01,2025-07,17
C01485,2025-08,2025-08,0
C01486,2024-03,2024-03,0
C01486,2024-03,2024-08,4
C01486,2024-03,2025-10,18
C01486,2024-03,2025-11,19
C01488,2024-05,2024-05,0
C01488,2024-05,2024-07,2
C01488,2024-05,2024-08,3
C01488,2024-05,2025-11,18
C01488,2024-05,2025-12,19
C01489,2024-05,2024-05,0
C01489,2024-05,2025-02,8
C01489,2024-05,2025-05,11
C01492,2025-06,2025-06,0
C01492,2025-06,2025-10,3
C01493,2024-03,2024-03,0
C01493,2024-03,2025-09,17
C01493,2024-03,2025-10,18
C01494,2024-09,2024-09,0
C01494,2024-09,2025-09,11
C01494,2024-09,2025-11,13
C01495,2024-10,2024-10,0
C01495,2024-10,2025-05,6
C01496,2024-01,2024-01,0
C01496,2024-01,2024-07,5
C01496,2024-01,2024-08,6
C01499,2024-08,2024-08,0
C01499,2024-08,2025-12,15
C01500,2025-06,2025-06,0
C01501,2024-10,2024-10,0
C01501,2024-10,2025-02,3
C01501,2024-10,2025-04,5
C01502,2024-06,2024-06,0
C01502,2024-06,2025-11,16
C01503,2024-03,2024-03,0
C01503,2024-03,2024-12,8
C01505,2024-07,2024-07,0
C01506,2024-03,2024-03,0
C01506,2024-03,2024-07,3
C01506,2024-03,2025-07,15
C01507,2024-08,2024-08,0
C01507,2024-08,2025-05,8
C01507,2024-08,2025-06,9
C01507,2024-08,2025-08,11
C01507,2024-08,2025-11,14
C01507,2024-08,2025-12,15
C01508,2024-01,2024-01,0
C01509,2024-07,2024-07,0
C01509,2024-07,2024-12,4
C01509,2024-07,2025-02,6
C01509,2024-07,2025-09,13
C01510,2024-04,2024-04,0
C01510,2024-04,2024-10,5
C01510,2024-04,2025-01,8
C01510,2024-04,2025-10,17
C01511,2024-01,2024-01,0
C01511,2024-01,2024-03,1
C01511,2024-01,2024-06,4
C01511,2024-01,2025-04,14
C01511,2024-01,2025-07,17
C01513,2024-05,2024-05,0
C01514,2024-03,2024-03,0
C01514,2024-03,2024-04,0
C01514,2024-03,2024-08,4
C01514,2024-03,2025-07,15
C01515,2024-05,2024-05,0
C01516,2024-06,2024-06,0
C01516,2024-06,2025-07,12
C01517,2024-02,2024-02,0
C01518,2024-12,2024-12,0
C01520,2024-02,2024-02,0
C01520,2024-02,2024-06,3
C01520,2024-02,2025-04,13
C01520,2024-02,2025-05,14
C01520,2024-02,2025-08,17
C01521,2024-10,2024-10,0
C01521,2024-10,2025-08,9
C01523,2024-04,2024-04,0
C01523,2024-04,2024-05,0
C01523,2024-04,2024-07,2
C01523,2024-04,2025-07,14
C01525,2025-02,2025-02,0
C01525,2025-02,2025-06,3
C01526,2024-12,2024-12,0
C01526,2024-12,2025-08,7
C01527,2025-07,2025-07,0
C01527,2025-07,2025-11,3
C01529,2025-08,2025-08,0
C01530,2024-05,2024-05,0
C01530,2024-05,2025-03,9
C01530,2024-05,2025-08,14
C01530,2024-05,2025-09,15
C01532,2024-01,2024-01,0
C01532,2024-01,2024-03,1
C01532,2024-01,2025-05,15
C01533,2024-07,2024-07,0
C01533,2024-07,2025-03,7
C01533,2024-07,2025-07,11
C01533,2024-07,2025-12,16
C01534,2024-03,2024-03,0
C01534,2024-03,2024-10,6
C01534,2024-03,2025-07,15
C01535,2024-03,2024-03,0
C01537,2024-03,2024-03,0
C01537,2024-03,2025-03,11
C01538,2025-06,2025-06,0
C01538,2025-06,2025-12,5
C01539,2024-04,2024-04,0
C01539,2024-04,2024-06,1
C01539,2024-04,2025-03,10
C01539,2024-04,2025-08,15
C01539,2024-04,2025-11,18
C01539,2024-04,2025-12,19
C01540,2024-09,2024-09,0
C01541,2024-04,2024-04,0
C01543,2024-05,2024-05,0
C01543,2024-05,2024-12,6
C01544,2024-06,2024-06,0
C01544,2024-06,2024-10,3
C01545,2024-07,2024-07,0
C01546,2024-06,2024-06,0
C01546,2024-06,2024-11,4
C01546,2024-06,2025-11,16
C01547,2024-02,2024-02,0
C01547,2024-02,2024-09,6
C01548,2024-07,2024-07,0
C01552,2024-08,2024-08,0
C01552,2024-08,2025-03,6
C01552,2024-08,2025-05,8
C01552,2024-08,2025-11,14
C01553,2024-04,2024-04,0
C01553,2024-04,2025-04,11
C01553,2024-04,2025-12,19
C01554,2024-01,2024-01,0
C01554,2024-01,2025-06,16
C01558,2024-07,2024-07,0
C01559,2024-01,2024-01,0
C01560,2024-09,2024-09,0
C01560,2024-09,2025-01,3
C01560,2024-09,2025-03,5
C01560,2024-09,2025-04,6
C01560,2024-09,2025-07,9
C01560,2024-09,2025-08,10
C01560,2024-09,2025-10,12
C01561,2024-01,2024-01,0
C01561,2024-01,2024-07,5
C01561,2024-01,2024-10,8
C01563,2024-12,2024-12,0
C01563,2024-12,2025-05,4
C01563,2024-12,2025-12,11
C01564,2025-12,2025-12,0
C01566,2024-12,2024-12,0
C01566,2024-12,2025-11,10
C01567,2024-12,2024-12,0
C01568,2025-07,2025-07,0
C01569,2024-09,2024-09,0
C01569,2024-09,2025-01,3
C01571,2024-04,2024-04,0
C01571,2024-04,2025-01,8
C01571,2024-04,2025-04,11
C01572,2024-08,2024-08,0
C01572,2024-08,2025-02,5
C01572,2024-08,2025-05,8
C01575,2024-02,2024-02,0
C01575,2024-02,2024-09,7
C01576,2024-01,2024-01,0
C01576,2024-01,2024-05,3
C01577,2024-05,2024-05,0
C01578,2025-02,2025-02,0
C01578,2025-02,2025-05,2
C01578,2025-02,2025-06,3
C01579,2024-06,2024-06,0
C01579,2024-06,2024-09,2
C01579,2024-06,2025-02,7
C01579,2024-06,2025-03,8
C01579,2024-06,2025-11,16
C01580,2024-01,2024-01,0
C01580,2024-01,2024-03,1
C01580,2024-01,2024-04,2
C01580,2024-01,2024-06,4
C01580,2024-01,2024-08,6
C01580,2024-01,2024-12,10
C01580,2024-01,2025-03,13
C01580,2024-01,2025-06,16
C01580,2024-01,2025-12,22
C01581,2024-04,2024-04,0
C01581,2024-04,2024-05,0
C01581,2024-04,2024-07,2
C01581,2024-04,2025-12,19
C01582,2024-02,2024-02,0
C01582,2024-02,2025-06,15
C01583,2024-01,2024-01,0
C01583,2024-01,2025-09,19
C01584,2025-12,2025-12,0
C01586,2024-03,2024-03,0
C01586,2024-03,2024-04,0
C01586,2024-03,2025-06,14
C01587,2024-06,2024-06,0
C01587,2024-06,2025-02,8
C01588,2025-08,2025-08,0
C01589,2024-01,2024-01,0
C01589,2024-01,2024-04,2
C01589,2024-01,2024-05,3
C01589,2024-01,2025-05,15
C01590,2024-04,2024-04,0
C01591,2024-01,2024-01,0
C01592,2024-11,2024-11,0
C01594,2025-11,2025-11,0
C01597,2024-09,2024-09,0
C01597,2024-09,2024-12,2
C01597,2024-09,2025-02,4
C01597,2024-09,2025-09,11
C01597,2024-09,2025-12,14
C01598,2024-04,2024-04,0
C01598,2024-04,2024-12,7
C01598,2024-04,2025-05,12
C01598,2024-04,2025-08,15
C01598,2024-04,2025-12,19
C01599,2024-02,2024-02,0
C01599,2024-02,2025-01,10
C01599,2024-02,2025-06,15
C01600,2025-01,2025-01,0
C01601,2024-07,2024-07,0
C01601,2024-07,2024-09,1
C01601,2024-07,2024-10,2
C01601,2024-07,2024-11,3
C01601,2024-07,2025-12,16
C01602,2024-03,2024-03,0
C01602,2024-03,2024-06,2
C01602,2024-03,2024-09,5
C01603,2024-03,2024-03,0
C01603,2024-03,2024-07,3
C01603,2024-03,2025-10,18
C01604,2024-05,2024-05,0
C01604,2024-05,2025-01,7
C01604,2024-05,2025-03,9
C01606,2024-09,2024-09,0
C01606,2024-09,2024-11,1
C01606,2024-09,2025-05,7
C01607,2024-06,2024-06,0
C01607,2024-06,2024-11,4
C01607,2024-06,2025-06,11
C01607,2024-06,2025-07,12
C01609,2024-05,2024-05,0
C01609,2024-05,2025-02,8
C01609,2024-05,2025-03,9
C01609,2024-05,2025-08,14
C01609,2024-05,2025-10,16
C01610,2025-03,2025-03,0
C01610,2025-03,2025-11,7
C01612,2024-11,2024-11,0
C01612,2024-11,2025-07,7
C01612,2024-11,2025-12,12
C01613,2024-07,2024-07,0
C01614,2025-03,2025-03,0
C01614,2025-03,2025-09,5
C01615,2025-06,2025-06,0
C01616,2024-03,2024-03,0
C01616,2024-03,2025-02,10
C01616,2024-03,2025-07,15
C01617,2024-03,2024-03,0
C01617,2024-03,2024-07,3
C01618,2024-08,2024-08,0
C01619,2024-04,2024-04,0
C01619,2024-04,2025-06,13
C01619,2024-04,2025-07,14
C01622,2024-01,2024-01,0
C01624,2025-04,2025-04,0
C01626,2024-08,2024-08,0
C01626,2024-08,2025-02,5
C01627,2025-08,2025-08,0
C01629,2025-02,2025-02,0
C01630,2024-02,2024-02,0
C01630,2024-02,2024-07,4
C01630,2024-02,2024-09,6
C01631,2025-05,2025-05,0
C01632,2024-04,2024-04,0
C01632,2024-04,2024-12,7
C01632,2024-04,2025-01,8
C01632,2024-04,2025-03,10
C01632,2024-04,2025-08,15
C01633,2024-05,2024-05,0
C01633,2024-05,2024-07,1
C01633,2024-05,2024-11,5
C01633,2024-05,2025-04,10
C01633,2024-05,2025-12,18
C01635,2024-07,2024-07,0
C01635,2024-07,2025-06,10
C01637,2025-09,2025-09,0
C01638,2025-08,2025-08,0
C01638,2025-08,2025-11,2
C01639,2025-06,2025-06,0
C01640,2024-02,2024-02,0
C01641,2024-05,2024-05,0
C01641,2024-05,2024-12,6
C01642,2024-01,2024-01,0
C01643,2024-02,2024-02,0
C01643,2024-02,2024-08,5
C01643,2024-02,2025-09,18
C01644,2024-08,2024-08,0
C01644,2024-08,2024-09,0
C01644,2024-08,2024-11,2
C01644,2024-08,2025-01,4
C01644,2024-08,2025-03,6
C01644,2024-08,2025-05,8
C01646,2024-05,2024-05,0
C01646,2024-05,2025-11,17
C01646,2024-05,2025-12,18
C01648,2024-10,2024-10,0
C01650,2025-03,2025-03,0
C01650,2025-03,2025-05,1
C01651,2024-05,2024-05,0
C01651,2024-05,2024-07,1
C01651,2024-05,2024-10,4
C01651,2024-05,2025-04,10
C01651,2024-05,2025-07,13
C01651,2024-05,2025-12,18
C01653,2024-02,2024-02,0
C01653,2024-02,2024-10,7
C01653,2024-02,2025-02,11
C01653,2024-02,2025-10,19
C01654,2024-04,2024-04,0
C01655,2024-06,2024-06,0
C01655,2024-06,2024-10,3
C01655,2024-06,2024-12,5
C01657,2024-01,2024-01,0
C01657,2024-01,2025-07,17
C01657,2024-01,2025-09,19
C01658,2024-05,2024-05,0
C01658,2024-05,2024-09,3
C01658,2024-05,2025-10,16
C01661,2025-12,2025-12,0
C01663,2025-01,2025-01,0
C01664,2024-05,2024-05,0
C01664,2024-05,2025-11,17
C01664,2024-05,2025-12,18
C01666,2025-01,2025-01,0
C01667,2024-08,2024-08,0
C01667,2024-08,2024-12,3
C01667,2024-08,2025-05,8
C01668,2024-11,2024-11,0
C01668,2024-11,2024-12,0
C01668,2024-11,2025-02,2
C01668,2024-11,2025-12,12
C01669,2024-04,2024-04,0
C01669,2024-04,2024-09,4
C01669,2024-04,2025-05,12
C01671,2024-02,2024-02,0
C01671,2024-02,2024-05,3
C01671,2024-02,2024-10,8
C01672,2024-05,2024-05,0
C01672,2024-05,2024-10,4
C01672,2024-05,2025-03,9
C01672,2024-05,2025-05,11
C01672,2024-05,2025-06,12
C01672,2024-05,2025-07,13
C01673,2024-01,2024-01,0
C01673,2024-01,2024-10,8
C01673,2024-01,2025-10,20
C01676,2024-02,2024-02,0
C01676,2024-02,2024-07,4
C01676,2024-02,2025-05,14
C01677,2025-11,2025-11,0
C01678,2024-01,2024-01,0
C01678,2024-01,2025-03,13
C01679,2025-07,2025-07,0
C01680,2024-11,2024-11,0
C01680,2024-11,2025-01,1
C01680,2024-11,2025-03,3
C01682,2024-03,2024-03,0
C01682,2024-03,2025-10,18
C01683,2025-05,2025-05,0
C01683,2025-05,2025-12,6
C01685,2025-01,2025-01,0
C01685,2025-01,2025-05,3
C01686,2024-12,2024-12,0
C01686,2024-12,2025-02,1
C01686,2024-12,2025-07,6
C01686,2024-12,2025-08,7
C01687,2024-07,2024-07,0
C01687,2024-07,2025-06,10
C01687,2024-07,2025-09,13
C01688,2024-11,2024-11,0
C01688,2024-11,2025-10,10
C01689,2025-06,2025-06,0
C01689,2025-06,2025-08,1
C01689,2025-06,2025-11,4
C01690,2024-05,2024-05,0
C01690,2024-05,2024-11,5
C01690,2024-05,2025-02,8
C01690,2024-05,2025-08,14
C01690,2024-05,2025-12,18
C01692,2024-05,2024-05,0
C01692,2024-05,2025-03,9
C01692,2024-05,2025-07,13
C01694,2024-02,2024-02,0
C01694,2024-02,2024-09,6
C01694,2024-02,2024-12,9
C01694,2024-02,2025-05,14
C01694,2024-02,2025-08,17
C01694,2024-02,2025-12,21
C01695,2024-11,2024-11,0
C01695,2024-11,2025-02,2
C01695,2024-11,2025-09,9
C01696,2025-08,2025-08,0
C01696,2025-08,2025-10,1
C01697,2024-06,2024-06,0
C01697,2024-06,2024-12,5
C01697,2024-06,2025-03,8
C01697,2024-06,2025-07,12
C01698,2024-11,2024-11,0
C01698,2024-11,2024-12,0
C01698,2024-11,2025-06,6
C01698,2024-11,2025-11,11
C01699,2024-11,2024-11,0
C01699,2024-11,2025-06,6
C01699,2024-11,2025-08,8
C01700,2024-03,2024-03,0
C01700,2024-03,2025-10,18
C01700,2024-03,2025-11,19
C01701,2024-01,2024-01,0
C01702,2024-10,2024-10,0
C01702,2024-10,2025-01,2
C01702,2024-10,2025-10,11
C01704,2024-04,2024-04,0
C01706,2025-03,2025-03,0
C01709,2024-02,2024-02,0
C01709,2024-02,2025-03,12
C01709,2024-02,2025-10,19
C01710,2024-03,2024-03,0
C01710,2024-03,2024-12,8
C01711,2024-02,2024-02,0
C01711,2024-02,2025-05,14
C01712,2025-07,2025-07,0
C01714,2025-12,2025-12,0
C01715,2025-08,2025-08,0
C01716,2024-12,2024-12,0
C01717,2025-12,2025-12,0
C01718,2024-02,2024-02,0
C01718,2024-02,2024-04,1
C01718,2024-02,2024-07,4
C01718,2024-02,2025-05,14
C01718,2024-02,2025-06,15
C01719,2024-08,2024-08,0
C01719,2024-08,2025-12,15
C01721,2024-12,2024-12,0
C01722,2025-06,2025-06,0
C01723,2024-09,2024-09,0
C01723,2024-09,2025-04,6
C01723,2024-09,2025-05,7
C01723,2024-09,2025-06,8
C01723,2024-09,2025-07,9
C01726,2024-01,2024-01,0
C01726,2024-01,2024-10,8
C01726,2024-01,2025-04,14
C01726,2024-01,2025-08,18
C01727,2024-02,2024-02,0
C01727,2024-02,2024-10,7
C01727,2024-02,2024-12,9
C01728,2025-01,2025-01,0
C01729,2024-01,2024-01,0
C01729,2024-01,2024-02,0
C01729,2024-01,2024-05,3
C01729,2024-01,2025-11,21
C01731,2024-06,2024-06,0
C01731,2024-06,2025-10,15
C01732,2024-09,2024-09,0
C01733,2024-02,2024-02,0
C01733,2024-02,2024-10,7
C01733,2024-02,2025-01,10
C01733,2024-02,2025-07,16
C01733,2024-02,2025-11,20
C01734,2025-03,2025-03,0
C01734,2025-03,2025-12,8
C01735,2025-08,2025-08,0
C01738,2025-01,2025-01,0
C01739,2025-09,2025-09,0
C01740,2024-01,2024-01,0
C01740,2024-01,2024-04,2
C01740,2024-01,2025-03,13
C01740,2024-01,2025-04,14
C01741,2024-01,2024-01,0
C01741,2024-01,2025-01,11
C01741,2024-01,2025-02,12
C01741,2024-01,2025-07,17
C01742,2025-07,2025-07,0
C01742,2025-07,2025-10,2
C01743,2025-01,2025-01,0
C01744,2024-02,2024-02,0
C01744,2024-02,2024-05,2
C01745,2024-02,2024-02,0
C01745,2024-02,2024-07,4
C01745,2024-02,2025-01,10
C01745,2024-02,2025-02,11
C01746,2025-05,2025-05,0
C01747,2024-04,2024-04,0
C01747,2024-04,2025-07,14
C01748,2024-04,2024-04,0
C01750,2024-06,2024-06,0
C01750,2024-06,2024-11,4
C01752,2024-10,2024-10,0
C01753,2024-09,2024-09,0
C01753,2024-09,2025-07,9
C01754,2024-08,2024-08,0
C01754,2024-08,2024-10,1
C01754,2024-08,2024-11,2
C01754,2024-08,2025-07,10
C01754,2024-08,2025-08,11
C01754,2024-08,2025-09,12
C01755,2024-04,2024-04,0
C01756,2024-06,2024-06,0
C01756,2024-06,2025-01,6
C01757,2024-05,2024-05,0
C01757,2024-05,2024-10,4
C01758,2024-01,2024-01,0
C01758,2024-01,2024-12,10
C01758,2024-01,2025-05,15
C01758,2024-01,2025-06,16
C01759,2024-04,2024-04,0
C01760,2025-01,2025-01,0
C01760,2025-01,2025-09,7
C01760,2025-01,2025-12,10
C01761,2025-07,2025-07,0
C01762,2024-02,2024-02,0
C01762,2024-02,2024-07,4
C01762,2024-02,2024-10,7
C01763,2024-08,2024-08,0
C01764,2024-05,2024-05,0
C01764,2024-05,2024-12,6
C01764,2024-05,2025-09,15
C01764,2024-05,2025-12,18
C01767,2024-07,2024-07,0
C01767,2024-07,2024-10,2
C01767,2024-07,2025-02,6
C01768,2024-04,2024-04,0
C01768,2024-04,2024-12,7
C01768,2024-04,2025-01,8
C01769,2024-05,2024-05,0
C01769,2024-05,2024-09,3
C01769,2024-05,2024-10,4
C01769,2024-05,2025-06,12
C01770,2024-01,2024-01,0
C01770,2024-01,2024-05,3
C01770,2024-01,2024-06,4
C01770,2024-01,2024-08,6
C01770,2024-01,2025-02,12
C01771,2024-05,2024-05,0
C01772,2024-06,2024-06,0
C01772,2024-06,2024-08,1
C01772,2024-06,2024-10,3
C01772,2024-06,2025-01,6
C01773,2025-06,2025-06,0
C01773,2025-06,2025-07,0
C01774,2024-03,2024-03,0
C01774,2024-03,2024-04,0
C01774,2024-03,2025-07,15
C01776,2024-01,2024-01,0
C01776,2024-01,2024-03,1
C01776,2024-01,2024-04,2
C01776,2024-01,2024-08,6
C01776,2024-01,2024-09,7
C01780,2024-04,2024-04,0
C01780,2024-04,2024-08,3
C01780,2024-04,2025-02,9
C01780,2024-04,2025-09,16
C01781,2024-02,2024-02,0
C01781,2024-02,2025-01,10
C01781,2024-02,2025-02,11
C01782,2025-02,2025-02,0
C01782,2025-02,2025-04,1
C01783,2025-11,2025-11,0
C01784,2024-10,2024-10,0
C01784,2024-10,2025-12,13
C01785,2025-01,2025-01,0
C01786,2024-05,2024-05,0
C01787,2025-10,2025-10,0
C01789,2024-06,2024-06,0
C01790,2024-09,2024-09,0
C01790,2024-09,2025-09,11
C01790,2024-09,2025-12,14
C01791,2024-03,2024-03,0
C01791,2024-03,2024-06,2
C01792,2024-02,2024-02,0
C01792,2024-02,2025-12,21
C01793,2024-06,2024-06,0
C01793,2024-06,2025-11,16
C01795,2024-04,2024-04,0
C01795,2024-04,2024-12,7
C01795,2024-04,2025-07,14
C01795,2024-04,2025-11,18
C01796,2024-07,2024-07,0
C01797,2025-02,2025-02,0
C01797,2025-02,2025-07,4
C01797,2025-02,2025-12,9
C01798,2025-04,2025-04,0
C01799,2024-08,2024-08,0
C01799,2024-08,2024-09,0
C01799,2024-08,2025-11,14
C01800,2024-01,2024-01,0
C01800,2024-01,2024-02,0
C01800,2024-01,2024-06,4
C01800,2024-01,2025-12,22
C01801,2024-06,2024-06,0
C01801,2024-06,2025-10,15
C01802,2024-05,2024-05,0
C01802,2024-05,2025-09,15
C01804,2024-10,2024-10,0
C01804,2024-10,2024-12,1
C01805,2024-07,2024-07,0
C01805,2024-07,2025-02,6
C01805,2024-07,2025-10,14
C01806,2024-02,2024-02,0
C01806,2024-02,2024-07,4
C01807,2024-02,2024-02,0
C01809,2024-02,2024-02,0
C01809,2024-02,2025-09,18
C01810,2024-05,2024-05,0
C01813,2024-08,2024-08,0
C01813,2024-08,2025-01,4
C01814,2024-08,2024-08,0
C01814,2024-08,2024-11,2
C01815,2024-08,2024-08,0
C01815,2024-08,2024-10,1
C01815,2024-08,2025-03,6
C01815,2024-08,2025-12,15
C01817,2025-03,2025-03,0
C01818,2024-04,2024-04,0
C01818,2024-04,2024-07,2
C01818,2024-04,2025-10,17
C01819,2024-10,2024-10,0
C01819,2024-10,2025-02,3
C01819,2024-10,2025-07,8
C01820,2025-03,2025-03,0
C01821,2024-03,2024-03,0
C01821,2024-03,2024-09,5
C01823,2025-11,2025-11,0
C01824,2025-10,2025-10,0
C01825,2024-01,2024-01,0
C01825,2024-01,2024-02,0
C01825,2024-01,2024-07,5
C01825,2024-01,2025-08,18
C01825,2024-01,2025-12,22
C01826,2024-02,2024-02,0
C01826,2024-02,2025-03,12
C01827,2024-07,2024-07,0
C01827,2024-07,2025-11,15
C01828,2025-01,2025-01,0
C01829,2024-12,2024-12,0
C01829,2024-12,2025-02,1
C01830,2024-07,2024-07,0
C01831,2025-06,2025-06,0
C01833,2025-04,2025-04,0
C01834,2025-04,2025-04,0
C01835,2024-12,2024-12,0
C01835,2024-12,2025-01,0
C01835,2024-12,2025-06,5
C01835,2024-12,2025-10,9
C01836,2024-03,2024-03,0
C01838,2024-01,2024-01,0
C01838,2024-01,2024-05,3
C01838,2024-01,2025-09,19
C01838,2024-01,2025-12,22
C01839,2024-02,2024-02,0
C01839,2024-02,2024-10,7
C01839,2024-02,2025-03,12
C01840,2024-03,2024-03,0
C01840,2024-03,2024-12,8
C01840,2024-03,2025-12,20
C01842,2025-07,2025-07,0
C01843,2024-01,2024-01,0
C01843,2024-01,2024-09,7
C01843,2024-01,2024-10,8
C01843,2024-01,2025-01,11
C01843,2024-01,2025-07,17
C01843,2024-01,2025-10,20
C01845,2024-05,2024-05,0
C01845,2024-05,2024-11,5
C01845,2024-05,2024-12,6
C01845,2024-05,2025-04,10
C01845,2024-05,2025-06,12
C01845,2024-05,2025-08,14
C01845,2024-05,2025-12,18
C01846,2025-10,2025-10,0
C01848,2024-01,2024-01,0
C01848,2024-01,2024-03,1
C01848,2024-01,2024-06,4
C01848,2024-01,2024-10,8
C01849,2024-12,2024-12,0
C01849,2024-12,2025-08,7
C01849,2024-12,2025-11,10
C01850,2025-07,2025-07,0
C01850,2025-07,2025-11,3
C01851,2024-07,2024-07,0
C01852,2024-03,2024-03,0
C01852,2024-03,2024-04,0
C01852,2024-03,2024-10,6
C01852,2024-03,2024-11,7
C01852,2024-03,2025-06,14
C01853,2024-03,2024-03,0
C01854,2024-08,2024-08,0
C01854,2024-08,2024-11,2
C01854,2024-08,2024-12,3
C01854,2024-08,2025-02,5
C01854,2024-08,2025-07,10
C01856,2024-04,2024-04,0
C01857,2024-02,2024-02,0
C01857,2024-02,2025-02,11
C01857,2024-02,2025-04,13
C01858,2025-07,2025-07,0
C01860,2024-01,2024-01,0
C01861,2024-09,2024-09,0
C01861,2024-09,2025-04,6
C01861,2024-09,2025-09,11
C01864,2024-05,2024-05,0
C01864,2024-05,2025-11,17
C01865,2024-06,2024-06,0
C01865,2024-06,2024-10,3
C01867,2024-01,2024-01,0
C01868,2024-01,2024-01,0
C01868,2024-01,2025-02,12
C01869,2024-03,2024-03,0
C01869,2024-03,2024-11,7
C01869,2024-03,2024-12,8
C01869,2024-03,2025-08,16
C01871,2025-05,2025-05,0
C01871,2025-05,2025-08,2
C01871,2025-05,2025-10,4
C01872,2024-02,2024-02,0
C01872,2024-02,2024-07,4
C01872,2024-02,2025-01,10
C01873,2024-02,2024-02,0
C01873,2024-02,2025-01,10
C01873,2024-02,2025-03,12
C01873,2024-02,2025-08,17
C01874,2024-05,2024-05,0
C01874,2024-05,2025-05,11
C01875,2025-01,2025-01,0
C01877,2024-08,2024-08,0
C01879,2024-05,2024-05,0
C01879,2024-05,2025-01,7
C01880,2025-04,2025-04,0
C01880,2025-04,2025-09,4
C01881,2024-02,2024-02,0
C01881,2024-02,2024-07,4
C01881,2024-02,2025-05,14
C01881,2024-02,2025-11,20
C01882,2024-10,2024-10,0
C01882,2024-10,2024-11,0
C01882,2024-10,2024-12,1
C01882,2024-10,2025-01,2
C01882,2024-10,2025-06,7
C01883,2024-09,2024-09,0
C01883,2024-09,2025-02,4
C01883,2024-09,2025-07,9
C01884,2025-04,2025-04,0
C01885,2024-01,2024-01,0
C01885,2024-01,2024-03,1
C01885,2024-01,2024-05,3
C01885,2024-01,2025-01,11
C01885,2024-01,2025-06,16
C01886,2024-02,2024-02,0
C01886,2024-02,2025-07,16
C01889,2025-05,2025-05,0
C01890,2024-11,2024-11,0
C01890,2024-11,2025-06,6
C01891,2024-09,2024-09,0
C01891,2024-09,2025-04,6
C01892,2024-02,2024-02,0
C01892,2024-02,2024-05,2
C01892,2024-02,2024-07,4
C01892,2024-02,2025-04,13
C01893,2024-06,2024-06,0
C01893,2024-06,2025-03,9
C01893,2024-06,2025-04,10
C01894,2024-02,2024-02,0
C01894,2024-02,2024-04,1
C01894,2024-02,2024-07,4
C01894,2024-02,2025-04,13
C01894,2024-02,2025-07,16
C01897,2024-06,2024-06,0
C01897,2024-06,2024-07,0
C01897,2024-06,2024-11,4
C01897,2024-06,2025-08,13
C01900,2024-04,2024-04,0
C01900,2024-04,2024-05,0
C01900,2024-04,2024-08,3
C01900,2024-04,2025-01,8
C01900,2024-04,2025-07,14
C01900,2024-04,2025-08,15
C01901,2024-12,2024-12,0
C01901,2024-12,2025-01,0
C01901,2024-12,2025-03,2
C01901,2024-12,2025-07,6
C01902,2024-10,2024-10,0
C01902,2024-10,2025-06,7
C01903,2024-04,2024-04,0
C01906,2024-12,2024-12,0
C01906,2024-12,2025-01,0
C01906,2024-12,2025-11,10
C01907,2024-07,2024-07,0
C01907,2024-07,2025-04,8
C01909,2024-10,2024-10,0
C01909,2024-10,2025-06,7
C01909,2024-10,2025-10,11
C01910,2025-03,2025-03,0
C01911,2024-02,2024-02,0
C01911,2024-02,2024-06,3
C01911,2024-02,2024-07,4
C01911,2024-02,2024-08,5
C01911,2024-02,2025-09,18
C01912,2024-04,2024-04,0
C01912,2024-04,2024-10,5
C01912,2024-04,2024-12,7
C01913,2025-03,2025-03,0
C01913,2025-03,2025-05,1
C01913,2025-03,2025-09,5
C01915,2025-01,2025-01,0
C01915,2025-01,2025-06,4
C01916,2024-06,2024-06,0
C01916,2024-06,2024-09,2
C01916,2024-06,2024-11,4
C01916,2024-06,2025-01,6
C01916,2024-06,2025-03,8
C01920,2024-01,2024-01,0
C01920,2024-01,2024-06,4
C01920,2024-01,2024-09,7
C01920,2024-01,2024-11,9
C01921,2024-01,2024-01,0
C01921,2024-01,2025-07,17
C01921,2024-01,2025-12,22
C01923,2024-04,2024-04,0
C01923,2024-04,2024-07,2
C01923,2024-04,2024-11,6
C01923,2024-04,2025-06,13
C01923,2024-04,2025-08,15
C01923,2024-04,2025-09,16
C01923,2024-04,2025-11,18
C01926,2025-10,2025-10,0
C01928,2024-07,2024-07,0
C01928,2024-07,2025-10,14
C01929,2024-04,2024-04,0
C01929,2024-04,2024-11,6
C01929,2024-04,2024-12,7
C01930,2024-06,2024-06,0
C01930,2024-06,2024-07,0
C01930,2024-06,2025-05,10
C01930,2024-06,2025-12,17
C01931,2025-01,2025-01,0
C01932,2024-01,2024-01,0
C01932,2024-01,2024-06,4
C01932,2024-01,2025-02,12
C01932,2024-01,2025-03,13
C01932,2024-01,2025-09,19
C01934,2024-02,2024-02,0
C01934,2024-02,2025-07,16
C01934,2024-02,2025-12,21
C01935,2024-12,2024-12,0
C01935,2024-12,2025-07,6
C01936,2024-04,2024-04,0
C01936,2024-04,2024-05,0
C01936,2024-04,2025-01,8
C01936,2024-04,2025-02,9
C01936,2024-04,2025-12,19
C01937,2024-01,2024-01,0
C01937,2024-01,2024-12,10
C01937,2024-01,2025-07,17
C01938,2024-05,2024-05,0
C01938,2024-05,2025-07,13
C01938,2024-05,2025-12,18
C01939,2025-06,2025-06,0
C01940,2024-03,2024-03,0
C01940,2024-03,2024-04,0
C01940,2024-03,2025-08,16
C01942,2024-08,2024-08,0
C01942,2024-08,2025-06,9
C01943,2024-01,2024-01,0
C01943,2024-01,2024-06,4
C01943,2024-01,2025-11,21
C01944,2024-03,2024-03,0
C01944,2024-03,2024-04,0
C01944,2024-03,2024-07,3
C01944,2024-03,2025-08,16
C01944,2024-03,2025-09,17
C01945,2024-06,2024-06,0
C01945,2024-06,2025-06,11
C01946,2024-03,2024-03,0
C01946,2024-03,2024-05,1
C01946,2024-03,2024-06,2
C01946,2024-03,2024-07,3
C01946,2024-03,2025-01,9
C01948,2025-12,2025-12,0
C01949,2025-05,2025-05,0
C01950,2025-12,2025-12,0
C01953,2024-02,2024-02,0
C01953,2024-02,2024-06,3
C01953,2024-02,2025-03,12
C01954,2024-04,2024-04,0
C01955,2024-02,2024-02,0
C01955,2024-02,2025-08,17
C01956,2024-11,2024-11,0
C01956,2024-11,2025-01,1
C01957,2024-07,2024-07,0
C01957,2024-07,2024-09,1
C01957,2024-07,2025-02,6
C01957,2024-07,2025-09,13
C01958,2024-03,2024-03,0
C01960,2024-10,2024-10,0
C01960,2024-10,2025-05,6
C01960,2024-10,2025-06,7
C01960,2024-10,2025-08,9
C01963,2025-02,2025-02,0
C01964,2024-08,2024-08,0
C01964,2024-08,2024-11,2
C01964,2024-08,2024-12,3
C01964,2024-08,2025-01,4
C01964,2024-08,2025-02,5
C01964,2024-08,2025-03,6
C01964,2024-08,2025-08,11
C01965,2024-07,2024-07,0
C01965,2024-07,2025-04,8
C01966,2024-04,2024-04,0
C01966,2024-04,2024-09,4
C01969,2025-03,2025-03,0
C01969,2025-03,2025-05,1
C01970,2024-04,2024-04,0
C01970,2024-04,2025-01,8
C01971,2024-02,2024-02,0
C01971,2024-02,2024-07,4
C01972,2025-11,2025-11,0
C01973,2024-01,2024-01,0
C01973,2024-01,2024-12,10
C01973,2024-01,2025-10,20
C01975,2024-09,2024-09,0
C01975,2024-09,2025-05,7
C01977,2024-02,2024-02,0
C01977,2024-02,2024-06,3
C01977,2024-02,2024-11,8
C01977,2024-02,2024-12,9
C01978,2024-09,2024-09,0
C01978,2024-09,2024-10,0
C01978,2024-09,2025-01,3
C01978,2024-09,2025-03,5
C01980,2024-01,2024-01,0
C01980,2024-01,2024-05,3
C01980,2024-01,2025-04,14
C01981,2024-02,2024-02,0
C01981,2024-02,2024-04,1
C01981,2024-02,2024-09,6
C01981,2024-02,2025-08,17
C01982,2024-01,2024-01,0
C01982,2024-01,2024-04,2
C01982,2024-01,2025-02,12
C01982,2024-01,2025-09,19
C01983,2024-07,2024-07,0
C01983,2024-07,2024-10,2
C01984,2024-01,2024-01,0
C01984,2024-01,2024-05,3
C01984,2024-01,2024-08,6
C01984,2024-01,2025-11,21
C01987,2025-01,2025-01,0
C01991,2024-07,2024-07,0
C01991,2024-07,2025-02,6
C01993,2025-01,2025-01,0
C01993,2025-01,2025-03,1
C01993,2025-01,2025-09,7
C01994,2024-03,2024-03,0
C01994,2024-03,2025-03,11
C01994,2024-03,2025-09,17
C01994,2024-03,2025-12,20
C01995,2025-10,2025-10,0
C01996,2024-01,2024-01,0
C01996,2024-01,2024-04,2
C01998,2024-03,2024-03,0
C01998,2024-03,2025-03,11
C01999,2024-03,2024-03,0
C01999,2024-03,2024-10,6
C01999,2024-03,2025-07,15
C02000,2024-06,2024-06,0
C02003,2024-09,2024-09,0
C02003,2024-09,2025-09,11
C02005,2025-01,2025-01,0
C02006,2025-03,2025-03,0
C02007,2024-06,2024-06,0
C02007,2024-06,2025-02,7
C02008,2024-11,2024-11,0
C02008,2024-11,2025-03,3
C02008,2024-11,2025-12,12
C02009,2024-01,2024-01,0
C02009,2024-01,2025-05,15
C02009,2024-01,2025-09,19
C02011,2024-09,2024-09,0
C02011,2024-09,2025-08,10
C02012,2024-09,2024-09,0
C02012,2024-09,2024-11,1
C02013,2024-01,2024-01,0
C02013,2024-01,2024-03,1
C02013,2024-01,2025-01,11
C02013,2024-01,2025-03,13
C02013,2024-01,2025-09,19
C02014,2024-02,2024-02,0
C02014,2024-02,2024-06,3
C02014,2024-02,2024-09,6
C02014,2024-02,2024-12,9
C02014,2024-02,2025-01,10
C02014,2024-02,2025-05,14
C02015,2024-04,2024-04,0
C02016,2024-04,2024-04,0
C02016,2024-04,2025-12,19
C02020,2024-03,2024-03,0
C02020,2024-03,2024-04,0
C02020,2024-03,2024-12,8
C02020,2024-03,2025-02,10
C02020,2024-03,2025-05,13
C02020,2024-03,2025-09,17
C02020,2024-03,2025-12,20
C02021,2025-04,2025-04,0
C02021,2025-04,2025-08,3
C02021,2025-04,2025-11,6
C02022,2024-01,2024-01,0
C02022,2024-01,2025-12,22
C02024,2024-11,2024-11,0
C02025,2024-04,2024-04,0
C02025,2024-04,2025-06,13
C02026,2024-11,2024-11,0
C02026,2024-11,2025-03,3
C02026,2024-11,2025-05,5
C02026,2024-11,2025-07,7
C02026,2024-11,2025-09,9
C02027,2024-05,2024-05,0
C02028,2025-01,2025-01,0
C02028,2025-01,2025-06,4
C02028,2025-01,2025-10,8
C02029,2024-03,2024-03,0
C02029,2024-03,2025-02,10
C02029,2024-03,2025-03,11
C02030,2024-02,2024-02,0
C02031,2024-10,2024-10,0
C02035,2024-05,2024-05,0
C02037,2024-04,2024-04,0
C02037,2024-04,2024-10,5
C02037,2024-04,2025-02,9
C02037,2024-04,2025-03,10
C02037,2024-04,2025-06,13
C02037,2024-04,2025-09,16
C02038,2024-08,2024-08,0
C02038,2024-08,2025-02,5
C02039,2025-11,2025-11,0
C02040,2024-02,2024-02,0
C02041,2025-11,2025-11,0
C02042,2025-06,2025-06,0
C02043,2025-08,2025-08,0
C02044,2025-06,2025-06,0
C02045,2024-10,2024-10,0
C02046,2024-11,2024-11,0
C02046,2024-11,2025-11,11
C02051,2025-06,2025-06,0
C02051,2025-06,2025-08,1
C02051,2025-06,2025-09,2
C02051,2025-06,2025-12,5
C02053,2024-09,2024-09,0
C02053,2024-09,2025-09,11
C02054,2024-09,2024-09,0
C02054,2024-09,2025-01,3
C02054,2024-09,2025-02,4
C02055,2025-03,2025-03,0
C02056,2024-08,2024-08,0
C02056,2024-08,2025-07,10
C02058,2025-12,2025-12,0
C02060,2024-11,2024-11,0
C02060,2024-11,2025-03,3
C02060,2024-11,2025-05,5
C02061,2024-03,2024-03,0
C02061,2024-03,2024-05,2
C02061,2024-03,2024-09,6
C02061,2024-03,2024-10,7
C02061,2024-03,2024-12,9
C02061,2024-03,2025-08,17
C02062,2024-05,2024-05,0
C02062,2024-05,2025-02,8
C02062,2024-05,2025-10,16
C02063,2024-03,2024-03,0
C02063,2024-03,2024-05,1
C02063,2024-03,2024-12,8
C02063,2024-03,2025-12,20
C02064,2024-01,2024-01,0
C02064,2024-01,2024-03,1
C02064,2024-01,2025-02,12
C02064,2024-01,2025-10,20
C02065,2025-05,2025-05,0
C02065,2025-05,2025-09,3
C02065,2025-05,2025-10,4
C02066,2025-10,2025-10,0
C02067,2024-04,2024-04,0
C02067,2024-04,2024-07,2
C02067,2024-04,2025-05,12
C02067,2024-04,2025-06,13
C02068,2024-01,2024-01,0
C02068,2024-01,2024-07,5
C02069,2024-04,2024-04,0
C02069,2024-04,2024-05,0
C02069,2024-04,2024-06,1
C02069,2024-04,2025-01,8
C02069,2024-04,2025-04,11
C02070,2024-11,2024-11,0
C02071,2024-09,2024-09,0
C02071,2024-09,2025-05,7
C02072,2024-09,2024-09,0
C02072,2024-09,2025-11,13
C02073,2024-01,2024-01,0
C02073,2024-01,2024-02,0
C02073,2024-01,2025-01,11
C02073,2024-01,2025-05,15
C02073,2024-01,2025-08,18
C02074,2024-03,2024-03,0
C02074,2024-03,2024-10,6
C02074,2024-03,2025-08,16
C02075,2024-04,2024-04,0
C02075,2024-04,2024-10,5
C02075,2024-04,2025-01,8
C02075,2024-04,2025-12,19
C02077,2024-09,2024-09,0
C02077,2024-09,2025-09,11
C02077,2024-09,2025-12,14
C02078,2024-05,2024-05,0
C02078,2024-05,2024-09,3
C02078,2024-05,2025-01,7
C02078,2024-05,2025-03,9
C02078,2024-05,2025-10,16
C02078,2024-05,2025-12,18
C02079,2024-03,2024-03,0
C02079,2024-03,2025-12,20
C02080,2024-06,2024-06,0
C02081,2024-03,2024-03,0
C02081,2024-03,2024-05,1
C02081,2024-03,2024-08,4
C02081,2024-03,2025-08,16
C02082,2024-02,2024-02,0
C02082,2024-02,2025-07,16
C02083,2024-01,2024-01,0
C02083,2024-01,2024-04,2
C02083,2024-01,2025-02,12
C02086,2024-04,2024-04,0
C02086,2024-04,2024-11,6
C02086,2024-04,2025-09,16
C02087,2025-03,2025-03,0
C02088,2024-05,2024-05,0
C02088,2024-05,2025-08,14
C02090,2025-11,2025-11,0
C02091,2025-04,2025-04,0
C02093,2024-10,2024-10,0
C02094,2024-01,2024-01,0
C02094,2024-01,2024-03,1
C02094,2024-01,2024-12,10
C02095,2024-03,2024-03,0
C02096,2024-08,2024-08,0
C02097,2025-03,2025-03,0
C02097,2025-03,2025-05,1
C02097,2025-03,2025-12,8
C02098,2024-01,2024-01,0
C02098,2024-01,2024-06,4
C02098,2024-01,2025-05,15
C02098,2024-01,2025-08,18
C02098,2024-01,2025-09,19
C02098,2024-01,2025-12,22
C02099,2024-06,2024-06,0
C02100,2024-06,2024-06,0
C02100,2024-06,2024-12,5
C02100,2024-06,2025-07,12
C02101,2024-09,2024-09,0
C02101,2024-09,2025-05,7
C02101,2024-09,2025-07,9
C02102,2024-01,2024-01,0
C02102,2024-01,2025-03,13
C02103,2024-01,2024-01,0
C02104,2025-02,2025-02,0
C02105,2024-05,2024-05,0
C02105,2024-05,2025-06,12
C02107,2025-08,2025-08,0
C02107,2025-08,2025-12,3
C02109,2024-01,2024-01,0
C02109,2024-01,2025-05,15
C02110,2024-04,2024-04,0
C02110,2024-04,2024-09,4
C02110,2024-04,2024-10,5
C02110,2024-04,2024-12,7
C02110,2024-04,2025-06,13
C02111,2025-02,2025-02,0
C02111,2025-02,2025-09,6
C02112,2025-12,2025-12,0
C02113,2024-07,2024-07,0
C02113,2024-07,2025-12,16
C02114,2024-09,2024-09,0
C02115,2024-04,2024-04,0
C02115,2024-04,2025-06,13
C02116,2024-03,2024-03,0
C02116,2024-03,2025-08,16
C02116,2024-03,2025-12,20
C02117,2024-03,2024-03,0
C02117,2024-03,2024-04,0
C02117,2024-03,2024-07,3
C02118,2024-10,2024-10,0
C02118,2024-10,2024-12,1
C02119,2025-09,2025-09,0
C02120,2024-02,2024-02,0
C02120,2024-02,2025-02,11
C02120,2024-02,2025-09,18
C02121,2024-01,2024-01,0
C02121,2024-01,2024-10,8
C02121,2024-01,2024-11,9
C02121,2024-01,2025-12,22
C02122,2024-10,2024-10,0
C02123,2025-07,2025-07,0
C02125,2024-10,2024-10,0
C02126,2024-10,2024-10,0
C02126,2024-10,2025-05,6
C02127,2024-04,2024-04,0
C02127,2024-04,2024-10,5
C02127,2024-04,2025-10,17
C02128,2024-02,2024-02,0
C02128,2024-02,2024-08,5
C02128,2024-02,2025-05,14
C02130,2024-04,2024-04,0
C02130,2024-04,2025-04,11
C02131,2024-05,2024-05,0
C02131,2024-05,2025-01,7
C02131,2024-05,2025-07,13
C02132,2025-01,2025-01,0
C02133,2025-02,2025-02,0
C02133,2025-02,2025-04,1
C02134,2024-04,2024-04,0
C02134,2024-04,2024-05,0
C02134,2024-04,2024-12,7
C02135,2025-03,2025-03,0
C02136,2024-01,2024-01,0
C02136,2024-01,2024-06,4
C02136,2024-01,2024-08,6
C02136,2024-01,2025-09,19
C02136,2024-01,2025-10,20
C02136,2024-01,2025-12,22
C02138,2024-05,2024-05,0
C02138,2024-05,2024-10,4
C02138,2024-05,2024-12,6
C02139,2024-05,2024-05,0
C02139,2024-05,2024-07,1
C02139,2024-05,2025-09,15
C02139,2024-05,2025-12,18
C02141,2025-03,2025-03,0
C02142,2024-07,2024-07,0
C02142,2024-07,2025-07,11
C02143,2025-07,2025-07,0
C02146,2024-12,2024-12,0
C02147,2024-07,2024-07,0
C02147,2024-07,2024-08,0
C02147,2024-07,2024-10,2
C02147,2024-07,2025-02,6
C02147,2024-07,2025-03,7
C02148,2024-04,2024-04,0
C02148,2024-04,2024-08,3
C02149,2024-04,2024-04,0
C02149,2024-04,2025-01,8
C02149,2024-04,2025-06,13
C02149,2024-04,2025-09,16
C02150,2025-12,2025-12,0
C02151,2025-03,2025-03,0
C02152,2024-05,2024-05,0
C02152,2024-05,2024-08,2
C02152,2024-05,2024-11,5
C02152,2024-05,2025-06,12
C02152,2024-05,2025-09,15
C02153,2024-04,2024-04,0
C02154,2024-07,2024-07,0
C02154,2024-07,2025-05,10
C02156,2024-02,2024-02,0
C02156,2024-02,2024-10,7
C02156,2024-02,2025-03,12
C02156,2024-02,2025-04,13
C02157,2024-10,2024-10,0
C02158,2024-11,2024-11,0
C02159,2024-06,2024-06,0
C02159,2024-06,2025-01,6
C02160,2025-09,2025-09,0
C02161,2025-05,2025-05,0
C02162,2024-10,2024-10,0
C02163,2024-10,2024-10,0
C02165,2024-07,2024-07,0
C02165,2024-07,2024-10,2
C02165,2024-07,2024-12,4
C02165,2024-07,2025-12,16
C02166,2024-09,2024-09,0
C02166,2024-09,2025-04,7
C02166,2024-09,2025-08,11
C02166,2024-09,2025-12,15
C02167,2024-01,2024-01,0
C02167,2024-01,2024-04,2
C02167,2024-01,2025-12,22
C02168,2024-04,2024-04,0
C02168,2024-04,2024-06,1
C02168,2024-04,2024-08,3
C02168,2024-04,2024-12,7
C02169,2024-09,2024-09,0
C02169,2024-09,2025-07,9
C02170,2024-06,2024-06,0
C02170,2024-06,2024-07,0
C02171,2024-06,2024-06,0
C02171,2024-06,2024-11,4
C02172,2024-12,2024-12,0
C02172,2024-12,2025-12,11
C02174,2024-02,2024-02,0
C02174,2024-02,2024-07,4
C02174,2024-02,2025-10,19
C02175,2024-03,2024-03,0
C02175,2024-03,2024-06,2
C02175,2024-03,2025-06,14
C02176,2025-03,2025-03,0
C02177,2024-06,2024-06,0
C02178,2024-03,2024-03,0
C02178,2024-03,2025-05,13
C02178,2024-03,2025-12,20
C02179,2024-12,2024-12,0
C02180,2024-06,2024-06,0
C02180,2024-06,2024-11,4
C02180,2024-06,2024-12,5
C02180,2024-06,2025-03,8
C02180,2024-06,2025-08,13
C02181,2024-09,2024-09,0
C02181,2024-09,2024-11,1
C02181,2024-09,2025-05,7
C02181,2024-09,2025-11,13
C02182,2024-04,2024-04,0
C02182,2024-04,2025-02,9
C02182,2024-04,2025-05,12
C02182,2024-04,2025-11,18
C02183,2024-02,2024-02,0
C02183,2024-02,2024-04,1
C02183,2024-02,2024-07,4
C02183,2024-02,2025-02,11
C02183,2024-02,2025-03,12
C02183,2024-02,2025-06,15
C02183,2024-02,2025-09,18
C02184,2024-11,2024-11,0
C02185,2024-01,2024-01,0
C02185,2024-01,2024-03,1
C02185,2024-01,2024-11,9
C02185,2024-01,2025-03,13
C02186,2024-02,2024-02,0
C02187,2024-05,2024-05,0
C02187,2024-05,2024-10,4
C02187,2024-05,2024-12,6
C02188,2024-07,2024-07,0
C02188,2024-07,2024-09,1
C02191,2024-07,2024-07,0
C02191,2024-07,2025-02,6
C02191,2024-07,2025-05,9
C02191,2024-07,2025-06,10
C02192,2025-09,2025-09,0
C02193,2024-10,2024-10,0
C02194,2024-09,2024-09,0
C02194,2024-09,2025-06,8
C02195,2024-03,2024-03,0
C02195,2024-03,2025-09,17
C02196,2025-06,2025-06,0
C02196,2025-06,2025-09,2
C02197,2024-12,2024-12,0
C02197,2024-12,2025-07,6
C02197,2024-12,2025-10,9
C02198,2024-12,2024-12,0
C02198,2024-12,2025-03,2
C02198,2024-12,2025-06,5
C02198,2024-12,2025-08,7
C02198,2024-12,2025-09,8
C02199,2024-01,2024-01,0
C02199,2024-01,2025-11,21
C02200,2024-06,2024-06,0
C02200,2024-06,2025-01,6
C02200,2024-06,2025-06,11
C02201,2024-01,2024-01,0
C02201,2024-01,2025-02,12
C02201,2024-01,2025-05,15
C02202,2024-07,2024-07,0
C02202,2024-07,2025-12,16
C02203,2024-09,2024-09,0
C02203,2024-09,2024-12,2
C02205,2024-03,2024-03,0
C02205,2024-03,2024-10,6
C02205,2024-03,2024-11,7
C02208,2025-03,2025-03,0
C02208,2025-03,2025-08,4
C02210,2024-09,2024-09,0
C02211,2024-01,2024-01,0
C02211,2024-01,2024-08,6
C02211,2024-01,2024-10,8
C02211,2024-01,2025-07,17
C02211,2024-01,2025-08,18
C02212,2024-08,2024-08,0
C02212,2024-08,2025-02,5
C02213,2024-04,2024-04,0
C02213,2024-04,2024-10,5
C02214,2024-06,2024-06,0
C02214,2024-06,2025-07,12
C02214,2024-06,2025-09,14
C02217,2024-08,2024-08,0
C02217,2024-08,2025-03,6
C02217,2024-08,2025-09,12
C02218,2024-04,2024-04,0
C02219,2024-12,2024-12,0
C02219,2024-12,2025-02,1
C02220,2024-03,2024-03,0
C02221,2024-06,2024-06,0
C02221,2024-06,2024-07,0
C02221,2024-06,2025-07,12
C02221,2024-06,2025-10,15
C02223,2024-07,2024-07,0
C02223,2024-07,2024-12,4
C02226,2024-04,2024-04,0
C02226,2024-04,2025-11,18
C02227,2024-02,2024-02,0
C02227,2024-02,2024-09,6
C02227,2024-02,2024-11,8
C02227,2024-02,2025-08,17
C02227,2024-02,2025-10,19
C02228,2024-08,2024-08,0
C02231,2024-01,2024-01,0
C02231,2024-01,2024-07,5
C02231,2024-01,2024-12,10
C02233,2024-03,2024-03,0
C02233,2024-03,2024-10,6
C02233,2024-03,2025-06,14
C02234,2024-03,2024-03,0
C02234,2024-03,2024-05,1
C02234,2024-03,2024-12,8
C02234,2024-03,2025-07,15
C02234,2024-03,2025-09,17
C02236,2024-08,2024-08,0
C02236,2024-08,2025-11,14
C02237,2024-12,2024-12,0
C02237,2024-12,2025-07,6
C02237,2024-12,2025-11,10
C02238,2024-02,2024-02,0
C02239,2024-04,2024-04,0
C02239,2024-04,2025-01,8
C02239,2024-04,2025-08,15
C02240,2025-03,2025-03,0
C02241,2024-03,2024-03,0
C02241,2024-03,2025-06,14
C02241,2024-03,2025-10,18
C02242,2024-05,2024-05,0
C02242,2024-05,2025-07,13
C02242,2024-05,2025-10,16
C02243,2025-04,2025-04,0
C02243,2025-04,2025-05,0
C02245,2024-03,2024-03,0
C02245,2024-03,2025-08,16
C02246,2024-12,2024-12,0
C02246,2024-12,2025-08,7
C02248,2024-08,2024-08,0
C02248,2024-08,2025-04,7
C02248,2024-08,2025-07,10
C02249,2024-11,2024-11,0
C02249,2024-11,2025-02,2
C02251,2024-06,2024-06,0
C02251,2024-06,2024-12,5
C02251,2024-06,2025-07,12
C02251,2024-06,2025-11,16
C02252,2024-04,2024-04,0
C02252,2024-04,2025-05,12
C02253,2025-02,2025-02,0
C02256,2024-12,2024-12,0
C02257,2024-09,2024-09,0
C02258,2024-03,2024-03,0
C02258,2024-03,2025-10,18
C02259,2025-08,2025-08,0
C02259,2025-08,2025-11,2
C02260,2024-09,2024-09,0
C02262,2025-05,2025-05,0
C02263,2024-12,2024-12,0
C02263,2024-12,2025-01,0
C02263,2024-12,2025-04,3
C02263,2024-12,2025-09,8
C02264,2025-01,2025-01,0
C02264,2025-01,2025-07,5
C02265,2024-08,2024-08,0
C02266,2024-02,2024-02,0
C02266,2024-02,2024-05,2
C02267,2024-08,2024-08,0
C02267,2024-08,2025-03,6
C02267,2024-08,2025-09,12
C02268,2024-02,2024-02,0
C02268,2024-02,2024-03,0
C02268,2024-02,2024-06,3
C02268,2024-02,2024-07,4
C02268,2024-02,2025-02,11
C02268,2024-02,2025-06,15
C02269,2025-05,2025-05,0
C02270,2024-01,2024-01,0
C02270,2024-01,2024-05,3
C02271,2024-05,2024-05,0
C02271,2024-05,2024-09,3
C02271,2024-05,2024-11,5
C02271,2024-05,2025-06,12
C02271,2024-05,2025-09,15
C02271,2024-05,2025-10,16
C02272,2024-07,2024-07,0
C02272,2024-07,2025-07,11
C02273,2025-03,2025-03,0
C02274,2024-12,2024-12,0
C02275,2024-02,2024-02,0
C02275,2024-02,2024-05,2
C02275,2024-02,2025-11,20
C02276,2024-05,2024-05,0
C02278,2025-01,2025-01,0
C02278,2025-01,2025-02,0
C02278,2025-01,2025-03,1
C02280,2024-04,2024-04,0
C02280,2024-04,2024-05,0
C02280,2024-04,2024-08,3
C02281,2024-12,2024-12,0
C02282,2024-09,2024-09,0
C02283,2024-04,2024-04,0
C02283,2024-04,2024-09,4
C02283,2024-04,2025-01,8
C02283,2024-04,2025-04,11
C02284,2024-06,2024-06,0
C02286,2025-05,2025-05,0
C02286,2025-05,2025-11,5
C02287,2025-03,2025-03,0
C02288,2024-03,2024-03,0
C02288,2024-03,2024-12,8
C02289,2024-01,2024-01,0
C02290,2024-08,2024-08,0
C02290,2024-08,2025-01,4
C02290,2024-08,2025-12,15
C02291,2024-11,2024-11,0
C02291,2024-11,2025-09,9
C02293,2024-05,2024-05,0
C02293,2024-05,2024-10,5
C02293,2024-05,2025-03,10
C02293,2024-05,2025-11,18
C02294,2024-01,2024-01,0
C02294,2024-01,2024-07,5
C02296,2025-04,2025-04,0
C02297,2024-10,2024-10,0
C02298,2025-03,2025-03,0
C02298,2025-03,2025-12,8
C02300,2024-09,2024-09,0
C02300,2024-09,2024-10,0
C02300,2024-09,2024-11,1
C02300,2024-09,2025-04,6
C02301,2024-01,2024-01,0
C02302,2024-01,2024-01,0
C02302,2024-01,2025-08,18
C02302,2024-01,2025-10,20
C02302,2024-01,2025-12,22
C02303,2024-12,2024-12,0
C02305,2024-11,2024-11,0
C02305,2024-11,2025-03,3
C02307,2024-12,2024-12,0
C02309,2024-09,2024-09,0
C02309,2024-09,2024-11,1
C02309,2024-09,2025-06,8
C02310,2024-02,2024-02,0
C02310,2024-02,2025-07,16
C02311,2024-04,2024-04,0
C02311,2024-04,2025-06,13
C02312,2025-04,2025-04,0
C02313,2024-06,2024-06,0
C02314,2025-05,2025-05,0
C02314,2025-05,2025-10,4
C02316,2024-11,2024-11,0
C02317,2025-07,2025-07,0
C02317,2025-07,2025-11,4
C02318,2025-03,2025-03,0
C02319,2024-05,2024-05,0
C02319,2024-05,2024-08,2
C02320,2024-11,2024-11,0
C02320,2024-11,2025-06,6
C02321,2024-03,2024-03,0
C02321,2024-03,2025-07,15
C02322,2025-03,2025-03,0
C02322,2025-03,2025-10,6
C02323,2024-04,2024-04,0
C02323,2024-04,2024-05,0
C02323,2024-04,2024-12,7
C02324,2025-02,2025-02,0
C02327,2025-09,2025-09,0
C02327,2025-09,2025-10,0
C02328,2025-02,2025-02,0
C02329,2025-09,2025-09,0
C02331,2024-12,2024-12,0
C02331,2024-12,2025-09,8
C02332,2024-01,2024-01,0
C02332,2024-01,2024-05,3
C02332,2024-01,2024-12,10
C02332,2024-01,2025-07,17
C02332,2024-01,2025-08,18
C02332,2024-01,2025-11,21
C02335,2024-04,2024-04,0
C02335,2024-04,2024-07,2
C02335,2024-04,2025-06,13
C02335,2024-04,2025-10,17
C02339,2025-06,2025-06,0
C02339,2025-06,2025-11,4
C02340,2024-11,2024-11,0
C02340,2024-11,2025-02,2
C02341,2024-05,2024-05,0
C02341,2024-05,2024-10,4
C02341,2024-05,2024-11,5
C02341,2024-05,2025-03,9
C02341,2024-05,2025-06,12
C02341,2024-05,2025-10,16
C02343,2024-10,2024-10,0
C02343,2024-10,2025-03,4
C02343,2024-10,2025-08,9
C02343,2024-10,2025-09,10
C02344,2024-01,2024-01,0
C02344,2024-01,2024-10,8
C02346,2025-10,2025-10,0
C02347,2024-01,2024-01,0
C02347,2024-01,2024-08,6
C02347,2024-01,2025-01,11
C02350,2025-01,2025-01,0
C02352,2024-09,2024-09,0
C02353,2025-01,2025-01,0
C02354,2025-01,2025-01,0
C02356,2024-12,2024-12,0
C02356,2024-12,2025-01,0
C02357,2024-09,2024-09,0
C02357,2024-09,2024-12,2
C02357,2024-09,2025-03,5
C02357,2024-09,2025-08,10
C02359,2024-01,2024-01,0
C02359,2024-01,2024-12,10
C02359,2024-01,2025-02,12
C02359,2024-01,2025-05,15
C02359,2024-01,2025-07,17
C02359,2024-01,2025-10,20
C02360,2024-01,2024-01,0
C02360,2024-01,2024-03,1
C02360,2024-01,2024-09,7
C02360,2024-01,2025-10,20
C02361,2024-02,2024-02,0
C02361,2024-02,2024-03,0
C02361,2024-02,2024-07,4
C02361,2024-02,2025-01,10
C02362,2024-01,2024-01,0
C02362,2024-01,2024-03,1
C02362,2024-01,2024-07,5
C02362,2024-01,2024-10,8
C02362,2024-01,2024-11,9
C02362,2024-01,2025-12,22
C02363,2024-04,2024-04,0
C02363,2024-04,2024-07,2
C02363,2024-04,2024-10,5
C02363,2024-04,2025-04,11
C02364,2025-02,2025-02,0
C02364,2025-02,2025-09,6
C02365,2024-06,2024-06,0
C02366,2024-12,2024-12,0
C02367,2024-08,2024-08,0
C02367,2024-08,2025-02,5
C02367,2024-08,2025-05,8
C02369,2024-06,2024-06,0
C02369,2024-06,2024-07,0
C02369,2024-06,2025-01,6
C02370,2024-07,2024-07,0
C02370,2024-07,2024-10,2
C02371,2025-02,2025-02,0
C02372,2024-04,2024-04,0
C02373,2025-05,2025-05,0
C02373,2025-05,2025-06,0
C02373,2025-05,2025-09,3
C02373,2025-05,2025-12,6
C02374,2024-09,2024-09,0
C02375,2024-12,2024-12,0
C02375,2024-12,2025-03,2
C02378,2025-06,2025-06,0
C02379,2024-07,2024-07,0
C02379,2024-07,2024-08,0
C02379,2024-07,2024-12,4
C02380,2024-03,2024-03,0
C02381,2025-06,2025-06,0
C02383,2024-05,2024-05,0
C02383,2024-05,2024-07,1
C02383,2024-05,2025-10,16
C02386,2024-07,2024-07,0
C02386,2024-07,2024-10,2
C02386,2024-07,2025-05,9
C02388,2025-01,2025-01,0
C02389,2025-06,2025-06,0
C02390,2024-02,2024-02,0
C02390,2024-02,2025-01,10
C02391,2024-04,2024-04,0
C02391,2024-04,2024-07,3
C02391,2024-04,2024-08,4
C02391,2024-04,2024-11,7
C02391,2024-04,2025-02,10
C02391,2024-04,2025-07,15
C02392,2024-01,2024-01,0
C02393,2024-01,2024-01,0
C02393,2024-01,2024-04,2
C02393,2024-01,2024-06,4
C02393,2024-01,2024-08,6
C02393,2024-01,2024-12,10
C02394,2024-05,2024-05,0
C02394,2024-05,2024-07,1
C02394,2024-05,2024-09,3
C02394,2024-05,2024-12,6
C02395,2024-06,2024-06,0
C02395,2024-06,2025-07,12
C02395,2024-06,2025-08,13
C02395,2024-06,2025-10,15
C02396,2024-04,2024-04,0
C02397,2024-11,2024-11,0
C02397,2024-11,2024-12,0
C02397,2024-11,2025-03,3
C02398,2025-11,2025-11,0
C02401,2025-01,2025-01,0
C02401,2025-01,2025-09,7
C02401,2025-01,2025-11,9
C02402,2024-10,2024-10,0
C02403,2024-07,2024-07,0
C02405,2024-03,2024-03,0
C02407,2024-08,2024-08,0
C02408,2025-03,2025-03,0
C02408,2025-03,2025-04,0
C02408,2025-03,2025-07,3
C02408,2025-03,2025-09,5
C02409,2024-07,2024-07,0
C02409,2024-07,2025-01,5
C02409,2024-07,2025-03,7
C02410,2024-02,2024-02,0
C02410,2024-02,2024-07,4
C02410,2024-02,2024-11,8
C02410,2024-02,2025-07,16
C02411,2024-10,2024-10,0
C02411,2024-10,2025-04,5
C02412,2025-03,2025-03,0
C02414,2024-08,2024-08,0
C02414,2024-08,2025-04,7
C02414,2024-08,2025-09,12
C02414,2024-08,2025-10,13
C02414,2024-08,2025-11,14
C02415,2024-05,2024-05,0
C02415,2024-05,2025-08,14
C02415,2024-05,2025-09,15
C02416,2024-01,2024-01,0
C02416,2024-01,2024-07,5
C02416,2024-01,2024-11,9
C02416,2024-01,2025-04,14
C02416,2024-01,2025-09,19
C02417,2025-04,2025-04,0
C02417,2025-04,2025-07,2
C02418,2024-05,2024-05,0
C02418,2024-05,2025-11,17
C02420,2024-08,2024-08,0
C02420,2024-08,2025-02,5
C02420,2024-08,2025-05,8
C02421,2024-09,2024-09,0
C02421,2024-09,2025-05,7
C02422,2024-11,2024-11,0
C02422,2024-11,2025-07,7
C02423,2024-05,2024-05,0
C02423,2024-05,2024-09,3
C02423,2024-05,2025-08,14
C02424,2024-04,2024-04,0
C02424,2024-04,2024-07,2
C02424,2024-04,2025-05,12
C02425,2024-05,2024-05,0
C02425,2024-05,2024-06,0
C02425,2024-05,2024-11,5
C02425,2024-05,2025-01,7
C02426,2024-01,2024-01,0
C02426,2024-01,2024-04,2
C02426,2024-01,2024-07,5
C02426,2024-01,2025-02,12
C02426,2024-01,2025-07,17
C02426,2024-01,2025-12,22
C02427,2024-03,2024-03,0
C02427,2024-03,2025-01,9
C02427,2024-03,2025-12,20
C02428,2024-05,2024-05,0
C02429,2024-01,2024-01,0
C02429,2024-01,2025-12,22
C02430,2025-03,2025-03,0
C02430,2025-03,2025-08,4
C02430,2025-03,2025-10,6
C02430,2025-03,2025-11,7
C02430,2025-03,2025-12,8
C02431,2024-05,2024-05,0
C02431,2024-05,2024-06,0
C02431,2024-05,2025-06,12
C02432,2024-07,2024-07,0
C02432,2024-07,2024-11,3
C02432,2024-07,2025-01,5
C02432,2024-07,2025-06,10
C02434,2024-01,2024-01,0
C02434,2024-01,2024-12,10
C02434,2024-01,2025-06,16
C02435,2024-01,2024-01,0
C02435,2024-01,2025-08,18
C02435,2024-01,2025-11,21
C02436,2024-03,2024-03,0
C02436,2024-03,2025-05,13
C02437,2024-08,2024-08,0
C02437,2024-08,2024-10,1
C02439,2024-03,2024-03,0
C02439,2024-03,2024-09,5
C02439,2024-03,2025-12,20
C02440,2025-03,2025-03,0
C02440,2025-03,2025-06,2
C02441,2024-04,2024-04,0
C02441,2024-04,2024-09,4
C02441,2024-04,2025-08,15
C02441,2024-04,2025-10,17
C02441,2024-04,2025-11,18
C02442,2024-05,2024-05,0
C02442,2024-05,2024-11,5
C02442,2024-05,2025-10,16
C02443,2025-09,2025-09,0
C02444,2024-12,2024-12,0
C02444,2024-12,2025-08,7
C02445,2024-10,2024-10,0
C02445,2024-10,2025-08,9
C02446,2024-03,2024-03,0
C02446,2024-03,2024-06,2
C02447,2024-06,2024-06,0
C02447,2024-06,2025-04,9
C02447,2024-06,2025-09,14
C02448,2024-04,2024-04,0
C02449,2025-06,2025-06,0
C02450,2025-12,2025-12,0
C02451,2024-06,2024-06,0
C02453,2024-09,2024-09,0
C02453,2024-09,2025-12,14
C02454,2024-12,2024-12,0
C02455,2025-04,2025-04,0
C02456,2024-12,2024-12,0
C02457,2024-01,2024-01,0
C02457,2024-01,2024-02,0
C02457,2024-01,2024-10,8
C02457,2024-01,2024-11,9
C02457,2024-01,2024-12,10
C02458,2024-01,2024-01,0
C02458,2024-01,2024-02,0
C02458,2024-01,2025-06,16
C02459,2024-06,2024-06,0
C02459,2024-06,2024-07,0
C02459,2024-06,2025-10,15
C02461,2024-02,2024-02,0
C02461,2024-02,2024-09,6
C02462,2024-05,2024-05,0
C02462,2024-05,2025-09,15
C02462,2024-05,2025-11,17
C02463,2024-01,2024-01,0
C02463,2024-01,2024-06,4
C02465,2025-09,2025-09,0
C02466,2024-04,2024-04,0
C02466,2024-04,2025-01,8
C02467,2025-09,2025-09,0
C02467,2025-09,2025-12,2
C02468,2025-04,2025-04,0
C02469,2025-08,2025-08,0
C02470,2025-03,2025-03,0
C02471,2024-02,2024-02,0
C02471,2024-02,2025-03,12
C02471,2024-02,2025-12,21
C02472,2024-01,2024-01,0
C02472,2024-01,2024-04,2
C02472,2024-01,2024-07,5
C02472,2024-01,2025-01,11
C02472,2024-01,2025-08,18
C02472,2024-01,2025-11,21
C02473,2024-08,2024-08,0
C02473,2024-08,2025-03,6
C02474,2024-01,2024-01,0
C02475,2024-02,2024-02,0
C02475,2024-02,2024-03,0
C02476,2024-07,2024-07,0
C02476,2024-07,2025-10,14
C02476,2024-07,2025-11,15
C02477,2024-05,2024-05,0
C02477,2024-05,2025-06,12
C02478,2025-05,2025-05,0
C02480,2024-08,2024-08,0
C02480,2024-08,2025-12,15
C02481,2024-03,2024-03,0
C02481,2024-03,2025-04,12
C02481,2024-03,2025-05,13
C02482,2024-03,2024-03,0
C02482,2024-03,2024-05,1
C02482,2024-03,2024-07,3
C02482,2024-03,2024-09,5
C02482,2024-03,2025-02,10
C02484,2024-01,2024-01,0
C02484,2024-01,2025-06,16
C02485,2025-10,2025-10,0
C02486,2024-01,2024-01,0
C02486,2024-01,2024-08,6
C02486,2024-01,2024-11,9
C02487,2024-01,2024-01,0
C02487,2024-01,2024-02,0
C02487,2024-01,2025-03,13
C02487,2024-01,2025-04,14
C02487,2024-01,2025-07,17
C02489,2024-05,2024-05,0
C02489,2024-05,2024-07,1
C02489,2024-05,2024-12,6
C02490,2025-02,2025-02,0
C02490,2025-02,2025-09,6
C02493,2024-04,2024-04,0
C02493,2024-04,2024-07,2
C02493,2024-04,2025-06,13
C02494,2024-03,2024-03,0
C02494,2024-03,2025-10,18
C02497,2024-08,2024-08,0
C02497,2024-08,2024-12,3
C02497,2024-08,2025-09,12
C02499,2024-01,2024-01,0
C02499,2024-01,2024-07,5
C02499,2024-01,2025-02,12
C02499,2024-01,2025-08,18
C02499,2024-01,2025-10,20
C02500,2024-01,2024-01,0
C02500,2024-01,2024-03,1
C02500,2024-01,2024-06,4
C02500,2024-01,2025-07,17
C02500,2024-01,2025-08,18
C02502,2024-01,2024-01,0
C02502,2024-01,2025-02,12
C02502,2024-01,2025-04,14
C02502,2024-01,2025-05,15
C02502,2024-01,2025-11,21
C02504,2024-01,2024-01,0
C02504,2024-01,2024-07,5
C02504,2024-01,2024-09,7
C02504,2024-01,2025-04,14
C02504,2024-01,2025-10,20
C02504,2024-01,2025-11,21
C02505,2024-09,2024-09,0
C02505,2024-09,2025-03,5
C02505,2024-09,2025-05,7
C02506,2024-04,2024-04,0
C02506,2024-04,2025-02,9
C02506,2024-04,2025-08,15
C02507,2024-03,2024-03,0
C02508,2025-09,2025-09,0
C02509,2025-01,2025-01,0
C02509,2025-01,2025-03,1
C02510,2025-08,2025-08,0
C02510,2025-08,2025-11,2
C02511,2024-10,2024-10,0
C02512,2024-03,2024-03,0
C02512,2024-03,2024-05,1
C02512,2024-03,2024-06,2
C02512,2024-03,2024-09,5
C02512,2024-03,2025-03,11
C02515,2025-04,2025-04,0
C02516,2024-03,2024-03,0
C02516,2024-03,2024-07,3
C02516,2024-03,2024-11,7
C02516,2024-03,2024-12,8
C02517,2024-04,2024-04,0
C02517,2024-04,2025-01,8
C02517,2024-04,2025-07,14
C02517,2024-04,2025-08,15
C02518,2024-05,2024-05,0
C02518,2024-05,2025-01,7
C02519,2024-08,2024-08,0
C02519,2024-08,2025-10,13
C02521,2024-08,2024-08,0
C02521,2024-08,2025-11,14
C02523,2025-03,2025-03,0
C02524,2025-01,2025-01,0
C02524,2025-01,2025-11,9
C02525,2025-02,2025-02,0
C02527,2025-08,2025-08,0
C02528,2024-06,2024-06,0
C02528,2024-06,2024-09,2
C02528,2024-06,2024-11,4
C02528,2024-06,2025-03,8
C02529,2024-12,2024-12,0
C02531,2024-05,2024-05,0
C02531,2024-05,2024-12,7
C02531,2024-05,2025-06,13
C02531,2024-05,2025-10,17
C02532,2024-01,2024-01,0
C02532,2024-01,2024-02,0
C02532,2024-01,2024-08,6
C02532,2024-01,2025-05,15
C02533,2025-11,2025-11,0
C02535,2024-04,2024-04,0
C02535,2024-04,2024-08,3
C02536,2024-08,2024-08,0
C02536,2024-08,2025-05,8
C02536,2024-08,2025-08,11
C02536,2024-08,2025-11,14
C02537,2024-01,2024-01,0
C02537,2024-01,2024-08,6
C02537,2024-01,2025-02,12
C02537,2024-01,2025-07,17
C02537,2024-01,2025-10,20
C02538,2025-06,2025-06,0
C02539,2024-02,2024-02,0
C02539,2024-02,2024-05,2
C02539,2024-02,2025-07,16
C02540,2024-12,2024-12,0
C02540,2024-12,2025-08,7
C02541,2024-01,2024-01,0
C02541,2024-01,2024-12,10
C02541,2024-01,2025-03,13
C02541,2024-01,2025-06,16
C02541,2024-01,2025-07,17
C02543,2024-09,2024-09,0
C02544,2025-01,2025-01,0
C02545,2024-05,2024-05,0
C02545,2024-05,2024-08,2
C02545,2024-05,2025-02,8
C02545,2024-05,2025-10,16
C02545,2024-05,2025-11,17
C02546,2025-04,2025-04,0
C02546,2025-04,2025-12,7
C02548,2024-07,2024-07,0
C02550,2024-08,2024-08,0
C02550,2024-08,2024-11,2
C02550,2024-08,2025-11,14
C02550,2024-08,2025-12,15
C02551,2025-02,2025-02,0
C02551,2025-02,2025-09,6
C02552,2024-06,2024-06,0
C02554,2024-03,2024-03,0
C02554,2024-03,2025-03,11
C02554,2024-03,2025-04,12
C02554,2024-03,2025-05,13
C02554,2024-03,2025-09,17
C02554,2024-03,2025-10,18
C02555,2025-03,2025-03,0
C02556,2024-04,2024-04,0
C02556,2024-04,2025-09,16
C02557,2024-07,2024-07,0
C02559,2024-03,2024-03,0
C02559,2024-03,2025-04,12
C02560,2024-03,2024-03,0
C02560,2024-03,2024-04,0
C02560,2024-03,2024-06,2
C02560,2024-03,2024-10,6
C02561,2025-02,2025-02,0
C02561,2025-02,2025-05,2
C02561,2025-02,2025-12,9
C02562,2024-01,2024-01,0
C02562,2024-01,2024-12,10
C02562,2024-01,2025-06,16
C02563,2025-10,2025-10,0
C02564,2025-03,2025-03,0
C02564,2025-03,2025-11,7
C02565,2025-08,2025-08,0
C02565,2025-08,2025-12,3
C02567,2024-10,2024-10,0
C02567,2024-10,2025-06,7
C02569,2024-08,2024-08,0
C02569,2024-08,2025-12,15
C02574,2024-06,2024-06,0
C02574,2024-06,2024-12,5
C02574,2024-06,2025-08,13
C02575,2024-10,2024-10,0
C02576,2024-01,2024-01,0
C02576,2024-01,2024-09,7
C02576,2024-01,2025-05,15
C02577,2024-07,2024-07,0
C02578,2024-02,2024-02,0
C02578,2024-02,2024-12,9
C02578,2024-02,2025-10,19
C02579,2024-07,2024-07,0
C02579,2024-07,2024-09,1
C02580,2025-09,2025-09,0
C02580,2025-09,2025-10,0
C02581,2024-08,2024-08,0
C02582,2025-11,2025-11,0
C02583,2024-01,2024-01,0
C02583,2024-01,2024-04,2
C02586,2024-02,2024-02,0
C02586,2024-02,2024-07,4
C02586,2024-02,2024-11,8
C02586,2024-02,2025-03,12
C02586,2024-02,2025-04,13
C02586,2024-02,2025-09,18
C02587,2024-06,2024-06,0
C02587,2024-06,2025-01,6
C02588,2024-12,2024-12,0
C02589,2024-04,2024-04,0
C02589,2024-04,2024-09,4
C02589,2024-04,2024-10,5
C02589,2024-04,2025-09,16
C02589,2024-04,2025-10,17
C02590,2024-01,2024-01,0
C02590,2024-01,2024-03,1
C02590,2024-01,2024-11,9
C02590,2024-01,2025-06,16
C02590,2024-01,2025-08,18
C02590,2024-01,2025-12,22
C02591,2024-05,2024-05,0
C02592,2024-03,2024-03,0
C02592,2024-03,2024-08,4
C02592,2024-03,2024-09,5
C02592,2024-03,2025-04,12
C02592,2024-03,2025-10,18
C02592,2024-03,2025-11,19
C02593,2024-01,2024-01,0
C02593,2024-01,2024-03,1
C02593,2024-01,2024-04,2
C02593,2024-01,2025-08,18
C02594,2024-12,2024-12,0
C02594,2024-12,2025-03,2
C02594,2024-12,2025-04,3
C02595,2024-01,2024-01,0
C02595,2024-01,2024-04,2
C02595,2024-01,2024-12,10
C02596,2025-03,2025-03,0
C02597,2024-08,2024-08,0
C02597,2024-08,2025-10,13
C02598,2024-02,2024-02,0
C02598,2024-02,2024-05,2
C02598,2024-02,2024-09,6
C02598,2024-02,2025-10,19
C02601,2024-06,2024-06,0
C02601,2024-06,2025-12,17
C02602,2024-12,2024-12,0
C02603,2024-02,2024-02,0
C02603,2024-02,2024-04,1
C02603,2024-02,2025-06,15
C02603,2024-02,2025-10,19
C02604,2025-04,2025-04,0
C02604,2025-04,2025-05,0
C02606,2024-03,2024-03,0
C02606,2024-03,2025-11,19
C02607,2024-07,2024-07,0
C02610,2024-09,2024-09,0
C02610,2024-09,2025-02,4
C02610,2024-09,2025-04,6
C02610,2024-09,2025-11,13
C02612,2024-01,2024-01,0
C02612,2024-01,2024-03,1
C02612,2024-01,2024-08,6
C02612,2024-01,2024-12,10
C02612,2024-01,2025-06,16
C02612,2024-01,2025-10,20
C02614,2025-03,2025-03,0
C02614,2025-03,2025-06,2
C02615,2024-04,2024-04,0
C02615,2024-04,2024-06,1
C02615,2024-04,2024-07,2
C02616,2024-12,2024-12,0
C02619,2024-03,2024-03,0
C02619,2024-03,2024-04,0
C02619,2024-03,2024-05,1
C02619,2024-03,2025-12,20
C02620,2024-07,2024-07,0
C02620,2024-07,2025-02,6
C02621,2024-02,2024-02,0
C02621,2024-02,2024-05,2
C02622,2024-02,2024-02,0
C02622,2024-02,2024-05,2
C02622,2024-02,2025-07,16
C02622,2024-02,2025-10,19
C02624,2024-12,2024-12,0
C02624,2024-12,2025-06,5
C02625,2024-04,2024-04,0
C02627,2024-09,2024-09,0
C02628,2024-10,2024-10,0
C02629,2024-02,2024-02,0
C02629,2024-02,2024-03,1
C02629,2024-02,2024-04,2
C02629,2024-02,2025-09,19
C02629,2024-02,2025-12,22
C02630,2024-01,2024-01,0
C02631,2024-01,2024-01,0
C02631,2024-01,2024-10,8
C02632,2025-05,2025-05,0
C02632,2025-05,2025-11,5
C02632,2025-05,2025-12,6
C02633,2024-03,2024-03,0
C02633,2024-03,2025-04,12
C02633,2024-03,2025-08,16
C02633,2024-03,2025-12,20
C02634,2025-07,2025-07,0
C02635,2025-12,2025-12,0
C02636,2025-10,2025-10,0
C02637,2025-11,2025-11,0
C02638,2024-04,2024-04,0
C02638,2024-04,2024-12,7
C02638,2024-04,2025-07,14
C02639,2024-07,2024-07,0
C02639,2024-07,2025-07,11
C02639,2024-07,2025-09,13
C02640,2024-06,2024-06,0
C02640,2024-06,2025-04,9
C02640,2024-06,2025-05,10
C02643,2024-11,2024-11,0
C02643,2024-11,2025-03,3
C02644,2024-02,2024-02,0
C02644,2024-02,2024-07,4
C02644,2024-02,2024-09,6
C02644,2024-02,2024-12,9
C02644,2024-02,2025-01,10
C02644,2024-02,2025-08,17
C02645,2025-04,2025-04,0
C02646,2024-02,2024-02,0
C02646,2024-02,2025-05,15
C02647,2025-01,2025-01,0
C02647,2025-01,2025-03,1
C02647,2025-01,2025-05,3
C02649,2024-01,2024-01,0
C02649,2024-01,2024-06,4
C02649,2024-01,2024-09,7
C02649,2024-01,2024-12,10
C02649,2024-01,2025-04,14
C02650,2024-12,2024-12,0
C02650,2024-12,2025-05,4
C02650,2024-12,2025-07,6
C02651,2025-10,2025-10,0
C02651,2025-10,2025-12,1
C02654,2025-03,2025-03,0
C02655,2024-06,2024-06,0
C02656,2024-02,2024-02,0
C02656,2024-02,2024-11,8
C02656,2024-02,2025-02,11
C02657,2024-11,2024-11,0
C02657,2024-11,2024-12,0
C02657,2024-11,2025-06,6
C02659,2024-06,2024-06,0
C02659,2024-06,2024-08,1
C02659,2024-06,2024-10,3
C02659,2024-06,2025-04,9
C02659,2024-06,2025-09,14
C02659,2024-06,2025-12,17
C02660,2024-07,2024-07,0
C02660,2024-07,2024-10,2
C02660,2024-07,2025-05,9
C02661,2025-10,2025-10,0
C02663,2024-03,2024-03,0
C02663,2024-03,2025-02,10
C02663,2024-03,2025-08,16
C02663,2024-03,2025-11,19
C02665,2025-12,2025-12,0
C02666,2024-07,2024-07,0
C02666,2024-07,2025-10,14
C02667,2024-01,2024-01,0
C02667,2024-01,2024-06,4
C02667,2024-01,2025-07,17
C02668,2024-12,2024-12,0
C02668,2024-12,2025-04,3
C02668,2024-12,2025-08,7
C02668,2024-12,2025-09,8
C02668,2024-12,2025-11,10
C02669,2024-01,2024-01,0
C02669,2024-01,2024-02,0
C02670,2024-01,2024-01,0
C02670,2024-01,2024-04,2
C02670,2024-01,2024-07,5
C02670,2024-01,2025-02,12
C02670,2024-01,2025-06,16
C02671,2024-05,2024-05,0
C02671,2024-05,2024-08,2
C02671,2024-05,2025-01,7
C02671,2024-05,2025-03,9
C02672,2024-10,2024-10,0
C02673,2024-07,2024-07,0
C02673,2024-07,2025-06,10
C02673,2024-07,2025-08,12
C02674,2024-03,2024-03,0
C02674,2024-03,2025-05,13
C02675,2025-02,2025-02,0
C02675,2025-02,2025-10,7
C02677,2024-11,2024-11,0
C02679,2024-03,2024-03,0
C02679,2024-03,2024-11,7
C02679,2024-03,2025-02,10
C02679,2024-03,2025-04,12
C02680,2024-01,2024-01,0
C02681,2025-05,2025-05,0
C02682,2024-05,2024-05,0
C02682,2024-05,2025-10,16
C02683,2024-08,2024-08,0
C02683,2024-08,2025-02,5
C02684,2024-02,2024-02,0
C02684,2024-02,2024-07,4
C02684,2024-02,2025-01,10
C02684,2024-02,2025-08,17
C02685,2024-02,2024-02,0
C02685,2024-02,2024-03,0
C02685,2024-02,2024-11,8
C02686,2024-03,2024-03,0
C02686,2024-03,2024-10,6
C02686,2024-03,2025-02,10
C02686,2024-03,2025-10,18
C02688,2024-10,2024-10,0
C02689,2025-04,2025-04,0
C02690,2024-04,2024-04,0
C02691,2025-08,2025-08,0
C02693,2025-02,2025-02,0
C02693,2025-02,2025-09,6
C02694,2024-11,2024-11,0
C02695,2024-03,2024-03,0
C02695,2024-03,2024-05,1
C02695,2024-03,2024-10,6
C02695,2024-03,2025-01,9
C02695,2024-03,2025-05,13
C02695,2024-03,2025-11,19
C02697,2024-11,2024-11,0
C02698,2024-02,2024-02,0
C02699,2024-05,2024-05,0
C02699,2024-05,2024-07,1
C02700,2024-02,2024-02,0
C02700,2024-02,2024-12,9
C02700,2024-02,2025-01,10
C02700,2024-02,2025-08,17
C02700,2024-02,2025-11,20
C02701,2024-02,2024-02,0
C02701,2024-02,2024-03,0
C02701,2024-02,2025-06,15
C02701,2024-02,2025-07,16
C02701,2024-02,2025-08,17
C02701,2024-02,2025-12,21
C02702,2024-09,2024-09,0
C02703,2024-11,2024-11,0
C02703,2024-11,2024-12,0
C02703,2024-11,2025-10,10
C02703,2024-11,2025-12,12
C02705,2025-07,2025-07,0
C02706,2024-11,2024-11,0
C02706,2024-11,2025-06,6
C02708,2024-05,2024-05,0
C02710,2025-05,2025-05,0
C02710,2025-05,2025-07,1
C02711,2024-12,2024-12,0
C02711,2024-12,2025-06,5
C02712,2024-04,2024-04,0
C02712,2024-04,2024-11,6
C02712,2024-04,2025-09,16
C02714,2024-03,2024-03,0
C02715,2025-07,2025-07,0
C02716,2025-11,2025-11,0
C02717,2024-04,2024-04,0
C02717,2024-04,2024-08,3
C02718,2024-02,2024-02,0
C02718,2024-02,2024-10,7
C02718,2024-02,2025-02,11
C02718,2024-02,2025-07,16
C02718,2024-02,2025-11,20
C02718,2024-02,2025-12,21
C02720,2024-06,2024-06,0
C02720,2024-06,2025-09,14
C02720,2024-06,2025-10,15
C02721,2024-06,2024-06,0
C02721,2024-06,2024-07,0
C02721,2024-06,2024-08,1
C02722,2024-07,2024-07,0
C02722,2024-07,2025-02,6
C02722,2024-07,2025-12,16
C02723,2024-04,2024-04,0
C02726,2024-01,2024-01,0
C02726,2024-01,2025-01,11
C02726,2024-01,2025-06,16
C02727,2024-06,2024-06,0
C02727,2024-06,2025-06,12
C02728,2024-02,2024-02,0
C02728,2024-02,2025-07,16
C02728,2024-02,2025-08,17
C02730,2024-08,2024-08,0
C02732,2024-02,2024-02,0
C02732,2024-02,2024-08,5
C02732,2024-02,2024-09,6
C02732,2024-02,2025-05,14
C02732,2024-02,2025-06,15
C02733,2024-02,2024-02,0
C02733,2024-02,2024-05,2
C02733,2024-02,2025-03,12
C02733,2024-02,2025-04,13
C02734,2024-08,2024-08,0
C02735,2024-01,2024-01,0
C02735,2024-01,2025-02,12
C02735,2024-01,2025-03,13
C02736,2024-06,2024-06,0
C02736,2024-06,2025-06,11
C02736,2024-06,2025-09,14
C02737,2024-08,2024-08,0
C02740,2025-12,2025-12,0
C02741,2024-10,2024-10,0
C02742,2025-04,2025-04,0
C02742,2025-04,2025-12,7
C02743,2024-08,2024-08,0
C02743,2024-08,2025-08,11
C02744,2025-12,2025-12,0
C02745,2025-05,2025-05,0
C02745,2025-05,2025-06,0
C02745,2025-05,2025-08,2
C02747,2024-07,2024-07,0
C02748,2024-04,2024-04,0
C02748,2024-04,2024-08,3
C02750,2024-06,2024-06,0
C02751,2024-05,2024-05,0
C02751,2024-05,2024-11,5
C02752,2024-11,2024-11,0
C02752,2024-11,2025-02,2
C02754,2025-11,2025-11,0
C02754,2025-11,2025-12,0
C02757,2024-05,2024-05,0
C02757,2024-05,2025-09,15
C02758,2024-03,2024-03,0
C02759,2024-02,2024-02,0
C02759,2024-02,2025-04,13
C02760,2024-01,2024-01,0
C02760,2024-01,2024-03,1
C02760,2024-01,2024-07,5
C02761,2024-01,2024-01,0
C02761,2024-01,2024-04,2
C02762,2024-07,2024-07,0
C02762,2024-07,2025-05,9
C02762,2024-07,2025-12,16
C02763,2024-09,2024-09,0
C02763,2024-09,2025-04,6
C02763,2024-09,2025-06,8
C02765,2024-07,2024-07,0
C02765,2024-07,2024-08,0
C02765,2024-07,2024-10,2
C02766,2024-04,2024-04,0
C02766,2024-04,2024-06,1
C02766,2024-04,2024-07,2
C02766,2024-04,2024-08,3
C02767,2024-10,2024-10,0
C02769,2024-09,2024-09,0
C02770,2024-04,2024-04,0
C02770,2024-04,2025-02,9
C02771,2025-06,2025-06,0
C02771,2025-06,2025-08,1
C02772,2024-02,2024-02,0
C02772,2024-02,2024-06,3
C02773,2025-11,2025-11,0
C02774,2024-04,2024-04,0
C02774,2024-04,2024-09,4
C02774,2024-04,2024-10,5
C02774,2024-04,2025-04,11
C02775,2024-01,2024-01,0
C02775,2024-01,2024-04,2
C02775,2024-01,2024-05,3
C02775,2024-01,2025-04,14
C02776,2024-12,2024-12,0
C02777,2024-03,2024-03,0
C02777,2024-03,2024-09,5
C02778,2024-05,2024-05,0
C02780,2024-12,2024-12,0
C02780,2024-12,2025-11,10
C02781,2024-10,2024-10,0
C02782,2024-01,2024-01,0
C02782,2024-01,2024-04,2
C02782,2024-01,2024-12,10
C02782,2024-01,2025-09,19
C02784,2024-05,2024-05,0
C02784,2024-05,2025-06,12
C02784,2024-05,2025-12,18
C02785,2025-03,2025-03,0
C02786,2025-09,2025-09,0
C02787,2024-08,2024-08,0
C02788,2024-02,2024-02,0
C02788,2024-02,2025-12,21
C02791,2024-03,2024-03,0
C02791,2024-03,2024-04,0
C02791,2024-03,2024-10,6
C02791,2024-03,2024-11,7
C02791,2024-03,2024-12,8
C02792,2024-10,2024-10,0
C02792,2024-10,2024-12,1
C02793,2024-03,2024-03,0
C02793,2024-03,2024-05,1
C02793,2024-03,2024-06,2
C02793,2024-03,2024-12,8
C02793,2024-03,2025-06,14
C02794,2024-03,2024-03,0
C02794,2024-03,2025-05,13
C02794,2024-03,2025-07,15
C02794,2024-03,2025-12,20
C02795,2025-08,2025-08,0
C02796,2024-02,2024-02,0
C02796,2024-02,2024-04,1
C02796,2024-02,2024-06,3
C02796,2024-02,2025-03,12
C02796,2024-02,2025-07,16
C02797,2025-02,2025-02,0
C02797,2025-02,2025-03,0
C02798,2024-04,2024-04,0
C02798,2024-04,2025-12,19
C02799,2025-08,2025-08,0
C02801,2024-03,2024-03,0
C02801,2024-03,2025-03,11
C02801,2024-03,2025-10,18
C02802,2024-11,2024-11,0
C02802,2024-11,2025-04,4
C02803,2024-02,2024-02,0
C02803,2024-02,2025-04,13
C02804,2024-05,2024-05,0
C02804,2024-05,2024-06,0
C02804,2024-05,2025-05,11
C02805,2024-05,2024-05,0
C02807,2024-11,2024-11,0
C02809,2025-06,2025-06,0
C02811,2024-03,2024-03,0
C02811,2024-03,2024-08,4
C02811,2024-03,2024-09,5
C02811,2024-03,2025-02,10
C02811,2024-03,2025-04,12
C02812,2025-07,2025-07,0
C02812,2025-07,2025-08,0
C02813,2025-09,2025-09,0
C02814,2024-10,2024-10,0
C02814,2024-10,2025-12,13
C02815,2024-03,2024-03,0
C02815,2024-03,2024-09,5
C02815,2024-03,2025-03,11
C02816,2024-06,2024-06,0
C02816,2024-06,2024-08,1
C02816,2024-06,2024-11,4
C02816,2024-06,2025-04,9
C02816,2024-06,2025-08,13
C02816,2024-06,2025-09,14
C02818,2024-06,2024-06,0
C02819,2025-04,2025-04,0
C02819,2025-04,2025-05,0
C02819,2025-04,2025-10,5
C02820,2024-12,2024-12,0
C02820,2024-12,2025-06,5
C02820,2024-12,2025-08,7
C02820,2024-12,2025-12,11
C02821,2024-11,2024-11,0
C02821,2024-11,2025-02,2
C02821,2024-11,2025-07,7
C02822,2025-10,2025-10,0
C02823,2024-12,2024-12,0
C02824,2024-11,2024-11,0
C02824,2024-11,2025-05,5
C02824,2024-11,2025-09,9
C02824,2024-11,2025-12,12
C02828,2024-09,2024-09,0
C02828,2024-09,2024-10,0
C02828,2024-09,2024-11,1
C02828,2024-09,2024-12,2
C02829,2025-11,2025-11,0
C02830,2024-06,2024-06,0
C02831,2024-06,2024-06,0
C02831,2024-06,2024-07,0
C02831,2024-06,2025-02,7
C02831,2024-06,2025-05,10
C02831,2024-06,2025-08,13
C02834,2024-07,2024-07,0
C02834,2024-07,2025-01,5
C02834,2024-07,2025-02,6
C02834,2024-07,2025-08,12
C02835,2024-03,2024-03,0
C02835,2024-03,2024-09,5
C02835,2024-03,2024-10,6
C02835,2024-03,2025-08,16
C02835,2024-03,2025-11,19
C02837,2025-04,2025-04,0
C02838,2024-10,2024-10,0
C02838,2024-10,2025-03,4
C02840,2024-01,2024-01,0
C02841,2025-01,2025-01,0
C02842,2024-05,2024-05,0
C02843,2024-01,2024-01,0
C02843,2024-01,2024-08,6
C02844,2024-02,2024-02,0
C02844,2024-02,2024-03,0
C02844,2024-02,2025-10,19
C02845,2025-08,2025-08,0
C02846,2025-05,2025-05,0
C02848,2024-03,2024-03,0
C02848,2024-03,2024-07,3
C02849,2024-10,2024-10,0
C02849,2024-10,2025-03,4
C02849,2024-10,2025-06,7
C02850,2025-06,2025-06,0
C02850,2025-06,2025-09,2
C02850,2025-06,2025-10,3
C02852,2024-05,2024-05,0
C02852,2024-05,2024-10,5
C02852,2024-05,2025-01,8
C02852,2024-05,2025-11,18
C02856,2024-01,2024-01,0
C02856,2024-01,2024-06,4
C02856,2024-01,2024-07,5
C02857,2025-10,2025-10,0
C02858,2024-01,2024-01,0
C02859,2024-03,2024-03,0
C02859,2024-03,2025-12,21
C02860,2024-02,2024-02,0
C02860,2024-02,2025-07,16
C02860,2024-02,2025-08,17
C02861,2024-06,2024-06,0
C02862,2025-09,2025-09,0
C02862,2025-09,2025-12,2
C02863,2025-08,2025-08,0
C02865,2024-05,2024-05,0
C02865,2024-05,2024-07,1
C02865,2024-05,2024-12,6
C02865,2024-05,2025-05,11
C02865,2024-05,2025-06,12
C02865,2024-05,2025-10,16
C02866,2024-02,2024-02,0
C02866,2024-02,2025-05,14
C02866,2024-02,2025-12,21
C02868,2024-08,2024-08,0
C02868,2024-08,2025-11,14
C02868,2024-08,2025-12,15
C02869,2024-04,2024-04,0
C02869,2024-04,2024-06,1
C02869,2024-04,2024-09,4
C02869,2024-04,2025-03,10
C02869,2024-04,2025-11,18
C02872,2024-02,2024-02,0
C02872,2024-02,2025-01,10
C02872,2024-02,2025-03,12
C02874,2024-12,2024-12,0
C02874,2024-12,2025-03,2
C02874,2024-12,2025-08,7
C02875,2025-12,2025-12,0
C02876,2024-10,2024-10,0
C02876,2024-10,2025-02,3
C02876,2024-10,2025-08,9
C02877,2024-04,2024-04,0
C02877,2024-04,2025-05,12
C02879,2024-03,2024-03,0
C02879,2024-03,2024-08,4
C02879,2024-03,2024-10,6
C02880,2025-12,2025-12,0
C02881,2024-01,2024-01,0
C02881,2024-01,2024-10,8
C02881,2024-01,2025-01,11
C02881,2024-01,2025-03,13
C02881,2024-01,2025-05,15
C02882,2024-02,2024-02,0
C02882,2024-02,2024-04,1
C02882,2024-02,2025-10,19
C02883,2024-03,2024-03,0
C02883,2024-03,2024-06,3
C02883,2024-03,2024-07,4
C02883,2024-03,2024-08,5
C02883,2024-03,2024-10,7
C02883,2024-03,2024-11,8
C02884,2024-03,2024-03,0
C02886,2024-08,2024-08,0
C02889,2024-01,2024-01,0
C02889,2024-01,2024-05,3
C02889,2024-01,2024-10,8
C02889,2024-01,2025-01,11
C02889,2024-01,2025-08,18
C02889,2024-01,2025-09,19
C02889,2024-01,2025-12,22
C02890,2024-02,2024-02,0
C02890,2024-02,2024-03,0
C02893,2024-01,2024-01,0
C02893,2024-01,2025-01,11
C02894,2024-08,2024-08,0
C02894,2024-08,2025-11,14
C02895,2024-10,2024-10,0
C02897,2025-07,2025-07,0
C02897,2025-07,2025-08,0
C02897,2025-07,2025-10,2
C02898,2024-11,2024-11,0
C02898,2024-11,2025-01,1
C02898,2024-11,2025-08,8
C02899,2024-04,2024-04,0
C02900,2025-09,2025-09,0
C02901,2024-05,2024-05,0
C02901,2024-05,2025-07,13
C02901,2024-05,2025-11,17
C02902,2024-05,2024-05,0
C02902,2024-05,2024-07,1
C02902,2024-05,2025-07,13
C02902,2024-05,2025-10,16
C02903,2024-01,2024-01,0
C02903,2024-01,2024-08,6
C02903,2024-01,2024-09,7
C02903,2024-01,2025-03,13
C02903,2024-01,2025-12,22
C02904,2024-07,2024-07,0
C02904,2024-07,2025-09,13
C02904,2024-07,2025-11,15
C02905,2025-02,2025-02,0
C02905,2025-02,2025-09,6
C02906,2024-05,2024-05,0
C02907,2024-11,2024-11,0
C02908,2024-05,2024-05,0
C02908,2024-05,2025-07,13
C02908,2024-05,2025-12,18
C02909,2024-07,2024-07,0
C02909,2024-07,2025-01,5
C02909,2024-07,2025-07,11
C02909,2024-07,2025-08,12
C02911,2024-05,2024-05,0
C02911,2024-05,2024-08,2
C02911,2024-05,2025-01,7
C02911,2024-05,2025-07,13
C02911,2024-05,2025-10,16
C02911,2024-05,2025-11,17
C02913,2024-01,2024-01,0
C02913,2024-01,2024-05,3
C02913,2024-01,2025-06,16
C02913,2024-01,2025-08,18
C02914,2024-05,2024-05,0
C02914,2024-05,2025-05,11
C02915,2025-02,2025-02,0
C02916,2024-01,2024-01,0
C02916,2024-01,2024-02,0
C02916,2024-01,2024-12,10
C02916,2024-01,2025-03,13
C02916,2024-01,2025-06,16
C02916,2024-01,2025-12,22
C02917,2024-05,2024-05,0
C02917,2024-05,2024-07,1
C02917,2024-05,2024-08,2
C02917,2024-05,2024-09,3
C02917,2024-05,2025-08,14
C02917,2024-05,2025-10,16
C02918,2024-07,2024-07,0
C02918,2024-07,2025-10,14
C02919,2025-04,2025-04,0
C02919,2025-04,2025-08,3
C02921,2025-08,2025-08,0
C02921,2025-08,2025-11,2
C02922,2024-03,2024-03,0
C02922,2024-03,2024-08,4
C02922,2024-03,2024-09,5
C02922,2024-03,2024-12,8
C02922,2024-03,2025-09,17
C02922,2024-03,2025-11,19
C02923,2024-12,2024-12,0
C02923,2024-12,2025-12,11
C02924,2024-07,2024-07,0
C02924,2024-07,2025-11,15
C02925,2025-06,2025-06,0
C02926,2024-09,2024-09,0
C02926,2024-09,2025-01,3
C02927,2024-02,2024-02,0
C02927,2024-02,2025-10,19
C02928,2024-11,2024-11,0
C02929,2024-08,2024-08,0
C02929,2024-08,2025-10,13
C02930,2024-01,2024-01,0
C02930,2024-01,2024-11,9
C02930,2024-01,2025-05,15
C02930,2024-01,2025-10,20
C02930,2024-01,2025-12,22
C02931,2024-04,2024-04,0
C02931,2024-04,2025-01,8
C02931,2024-04,2025-07,14
C02931,2024-04,2025-09,16
C02932,2024-05,2024-05,0
C02932,2024-05,2024-12,6
C02932,2024-05,2025-01,7
C02932,2024-05,2025-08,14
C02932,2024-05,2025-10,16
C02935,2025-11,2025-11,0
C02938,2024-05,2024-05,0
C02938,2024-05,2024-10,4
C02939,2024-01,2024-01,0
C02940,2025-04,2025-04,0
C02940,2025-04,2025-06,1
C02941,2025-09,2025-09,0
C02942,2024-01,2024-01,0
C02943,2024-03,2024-03,0
C02943,2024-03,2024-09,5
C02943,2024-03,2025-04,12
C02944,2024-05,2024-05,0
C02944,2024-05,2025-06,12
C02944,2024-05,2025-12,18
C02945,2024-05,2024-05,0
C02945,2024-05,2024-11,5
C02945,2024-05,2025-06,12
C02946,2025-01,2025-01,0
C02946,2025-01,2025-05,3
C02946,2025-01,2025-06,4
C02946,2025-01,2025-09,7
C02946,2025-01,2025-11,9
C02946,2025-01,2025-12,10
C02947,2024-12,2024-12,0
C02947,2024-12,2025-07,6
C02948,2024-11,2024-11,0
C02949,2024-03,2024-03,0
C02949,2024-03,2024-05,1
C02949,2024-03,2025-04,12
C02949,2024-03,2025-07,15
C02949,2024-03,2025-10,18
C02949,2024-03,2025-12,20
C02951,2024-08,2024-08,0
C02951,2024-08,2025-07,10
C02951,2024-08,2025-11,14
C02952,2024-07,2024-07,0
C02952,2024-07,2024-09,1
C02952,2024-07,2025-04,8
C02952,2024-07,2025-05,9
C02952,2024-07,2025-11,15
C02953,2024-04,2024-04,0
C02953,2024-04,2024-06,1
C02954,2024-10,2024-10,0
C02954,2024-10,2025-07,8
C02955,2024-05,2024-05,0
C02957,2025-05,2025-05,0
C02958,2025-04,2025-04,0
C02959,2024-09,2024-09,0
C02960,2024-02,2024-02,0
C02960,2024-02,2024-07,4
C02960,2024-02,2025-03,12
C02960,2024-02,2025-05,14
C02960,2024-02,2025-09,18
C02961,2024-01,2024-01,0
C02961,2024-01,2024-08,6
C02961,2024-01,2025-07,17
C02962,2025-07,2025-07,0
C02963,2024-01,2024-01,0
C02964,2024-07,2024-07,0
C02964,2024-07,2024-11,4
C02964,2024-07,2025-02,7
C02966,2024-06,2024-06,0
C02966,2024-06,2025-02,8
C02966,2024-06,2025-04,10
C02967,2024-02,2024-02,0
C02967,2024-02,2024-07,4
C02967,2024-02,2025-03,12
C02967,2024-02,2025-04,13
C02967,2024-02,2025-05,14
C02967,2024-02,2025-06,15
C02967,2024-02,2025-08,17
C02967,2024-02,2025-11,20
C02968,2024-09,2024-09,0
C02969,2024-07,2024-07,0
C02969,2024-07,2024-10,2
C02970,2024-04,2024-04,0
C02970,2024-04,2025-11,18
C02972,2024-01,2024-01,0
C02972,2024-01,2024-12,10
C02972,2024-01,2025-02,12
C02973,2024-07,2024-07,0
C02973,2024-07,2024-09,1
C02973,2024-07,2024-10,2
C02973,2024-07,2025-03,7
C02974,2025-05,2025-05,0
C02975,2024-08,2024-08,0
C02977,2024-09,2024-09,0
C02977,2024-09,2025-03,5
C02977,2024-09,2025-09,11
C02978,2024-06,2024-06,0
C02979,2024-04,2024-04,0
C02979,2024-04,2025-02,9
C02982,2025-04,2025-04,0
C02982,2025-04,2025-11,6
C02983,2024-10,2024-10,0
C02984,2024-05,2024-05,0
C02984,2024-05,2024-07,1
C02984,2024-05,2024-10,4
C02984,2024-05,2024-12,6
C02984,2024-05,2025-07,13
C02985,2024-07,2024-07,0
C02987,2025-08,2025-08,0
C02989,2024-07,2024-07,0
C02989,2024-07,2024-09,1
C02989,2024-07,2025-12,16
C02990,2024-04,2024-04,0
C02990,2024-04,2025-11,18
C02991,2025-04,2025-04,0
C02991,2025-04,2025-12,7
C02993,2024-02,2024-02,0
C02993,2024-02,2024-04,1
C02993,2024-02,2024-07,4
C02993,2024-02,2025-05,14
C02994,2025-04,2025-04,0
C02994,2025-04,2025-07,2
C02994,2025-04,2025-10,5
C02995,2024-04,2024-04,0
C02995,2024-04,2024-09,4
C02995,2024-04,2024-10,5
C02995,2024-04,2024-12,7
C02995,2024-04,2025-04,11
C02995,2024-04,2025-12,19
C02996,2024-08,2024-08,0
C02996,2024-08,2024-11,2
C02996,2024-08,2025-05,8
C02996,2024-08,2025-09,12
C02997,2025-05,2025-05,0
C02998,2025-12,2025-12,0
C03000,2025-10,2025-10,0
C03001,2024-01,2024-01,0
C03001,2024-01,2024-04,2
C03001,2024-01,2025-04,14
C03001,2024-01,2025-10,20
C03001,2024-01,2025-11,21
C03001,2024-01,2025-12,22
C03002,2025-12,2025-12,0
C03004,2025-04,2025-04,0
C03004,2025-04,2025-12,7
C03005,2024-02,2024-02,0
C03006,2024-01,2024-01,0
C03006,2024-01,2024-12,10
C03008,2024-12,2024-12,0
C03008,2024-12,2025-11,10
C03009,2025-12,2025-12,0
C03010,2024-07,2024-07,0
C03012,2024-02,2024-02,0
C03012,2024-02,2025-08,17
C03013,2024-01,2024-01,0
C03013,2024-01,2025-02,12
C03013,2024-01,2025-03,13
C03013,2024-01,2025-11,21
C03014,2024-02,2024-02,0
C03014,2024-02,2024-05,2
C03014,2024-02,2025-08,17
C03018,2024-01,2024-01,0
C03018,2024-01,2025-09,19
C03018,2024-01,2025-11,21
C03019,2024-03,2024-03,0
C03019,2024-03,2025-01,9
C03019,2024-03,2025-06,14
C03021,2025-07,2025-07,0
C03022,2025-02,2025-02,0
C03022,2025-02,2025-12,9
C03023,2024-06,2024-06,0
C03023,2024-06,2025-03,8
C03024,2024-11,2024-11,0
C03025,2024-05,2024-05,0
C03026,2025-06,2025-06,0
C03026,2025-06,2025-12,5
C03028,2024-12,2024-12,0
C03029,2025-04,2025-04,0
C03029,2025-04,2025-09,4
C03030,2024-02,2024-02,0
C03030,2024-02,2024-06,3
C03030,2024-02,2025-06,15
C03031,2025-06,2025-06,0
C03031,2025-06,2025-08,1
C03032,2024-07,2024-07,0
C03032,2024-07,2024-08,0
C03033,2024-12,2024-12,0
C03033,2024-12,2025-09,8
C03034,2025-09,2025-09,0
C03035,2025-03,2025-03,0
C03035,2025-03,2025-05,1
C03035,2025-03,2025-06,2
C03037,2024-09,2024-09,0
C03037,2024-09,2024-10,0
C03037,2024-09,2024-11,1
C03037,2024-09,2025-08,10
C03039,2025-02,2025-02,0
C03040,2024-06,2024-06,0
C03041,2024-02,2024-02,0
C03041,2024-02,2024-07,4
C03041,2024-02,2025-05,14
C03042,2025-07,2025-07,0
C03042,2025-07,2025-10,2
C03043,2024-08,2024-08,0
C03043,2024-08,2024-10,1
C03044,2024-05,2024-05,0
C03045,2025-03,2025-03,0
C03045,2025-03,2025-08,4
C03045,2025-03,2025-10,6
C03045,2025-03,2025-12,8
C03047,2025-06,2025-06,0
C03048,2024-08,2024-08,0
C03048,2024-08,2025-06,9
C03048,2024-08,2025-08,11
C03049,2024-02,2024-02,0
C03049,2024-02,2025-04,13
C03049,2024-02,2025-08,17
C03049,2024-02,2025-12,21
C03050,2024-01,2024-01,0
C03050,2024-01,2025-07,17
C03051,2024-06,2024-06,0
C03052,2024-06,2024-06,0
C03052,2024-06,2025-12,17
C03053,2024-05,2024-05,0
C03053,2024-05,2025-09,15
C03054,2024-03,2024-03,0
C03054,2024-03,2024-12,9
C03054,2024-03,2025-01,10
C03054,2024-03,2025-06,15
C03057,2025-09,2025-09,0
C03058,2024-02,2024-02,0
C03060,2024-02,2024-02,0
C03060,2024-02,2024-12,9
C03062,2024-03,2024-03,0
C03062,2024-03,2025-03,11
C03062,2024-03,2025-06,14
C03063,2024-06,2024-06,0
C03063,2024-06,2024-08,1
C03064,2024-02,2024-02,0
C03067,2025-07,2025-07,0
C03068,2024-05,2024-05,0
C03068,2024-05,2024-07,1
C03068,2024-05,2025-10,16
C03068,2024-05,2025-12,18
C03069,2024-08,2024-08,0
C03069,2024-08,2025-12,15
C03070,2025-01,2025-01,0
C03070,2025-01,2025-02,0
C03070,2025-01,2025-05,3
C03071,2025-02,2025-02,0
C03072,2024-05,2024-05,0
C03072,2024-05,2024-08,2
C03072,2024-05,2025-01,7
C03072,2024-05,2025-09,15
C03073,2024-11,2024-11,0
C03074,2025-05,2025-05,0
C03075,2024-05,2024-05,0
C03075,2024-05,2024-12,6
C03075,2024-05,2025-09,15
C03076,2024-04,2024-04,0
C03076,2024-04,2025-03,10
C03076,2024-04,2025-10,17
C03078,2025-02,2025-02,0
C03079,2024-05,2024-05,0
C03080,2025-01,2025-01,0
C03080,2025-01,2025-04,2
C03081,2025-04,2025-04,0
C03082,2025-05,2025-05,0
C03083,2024-03,2024-03,0
C03083,2024-03,2024-07,3
C03086,2024-01,2024-01,0
C03086,2024-01,2024-07,5
C03086,2024-01,2025-03,13
C03087,2025-01,2025-01,0
C03088,2024-07,2024-07,0
C03088,2024-07,2024-10,2
C03089,2024-05,2024-05,0
C03090,2024-06,2024-06,0
C03091,2024-09,2024-09,0
C03091,2024-09,2024-11,1
C03091,2024-09,2025-04,6
C03094,2025-03,2025-03,0
C03094,2025-03,2025-11,8
C03095,2024-10,2024-10,0
C03095,2024-10,2025-08,9
C03096,2024-04,2024-04,0
C03096,2024-04,2025-02,9
C03096,2024-04,2025-03,10
C03097,2024-04,2024-04,0
C03099,2024-09,2024-09,0
C03099,2024-09,2025-02,4
C03100,2024-02,2024-02,0
C03100,2024-02,2024-07,4
C03100,2024-02,2024-09,6
C03100,2024-02,2025-10,19
C03101,2025-03,2025-03,0
C03102,2024-07,2024-07,0
C03105,2024-03,2024-03,0
C03105,2024-03,2024-12,9
C03105,2024-03,2025-10,19
C03106,2024-07,2024-07,0
C03106,2024-07,2025-04,8
C03108,2025-02,2025-02,0
C03109,2024-06,2024-06,0
C03110,2024-11,2024-11,0
C03111,2024-04,2024-04,0
C03111,2024-04,2024-07,2
C03111,2024-04,2024-09,4
C03111,2024-04,2024-12,7
C03111,2024-04,2025-03,10
C03112,2024-08,2024-08,0
C03112,2024-08,2024-11,2
C03112,2024-08,2025-11,14
C03114,2024-01,2024-01,0
C03114,2024-01,2025-05,15
C03114,2024-01,2025-06,16
C03114,2024-01,2025-10,20
C03115,2024-08,2024-08,0
C03115,2024-08,2025-07,10
C03117,2024-01,2024-01,0
C03117,2024-01,2024-12,10
C03117,2024-01,2025-02,12
C03119,2025-08,2025-08,0
C03119,2025-08,2025-10,1
C03119,2025-08,2025-11,2
C03120,2025-04,2025-04,0
C03121,2024-12,2024-12,0
C03123,2025-05,2025-05,0
C03124,2024-03,2024-03,0
C03124,2024-03,2024-04,0
C03124,2024-03,2025-03,11
C03127,2025-06,2025-06,0
C03128,2024-08,2024-08,0
C03128,2024-08,2024-10,1
C03128,2024-08,2025-09,12
C03129,2024-12,2024-12,0
C03129,2024-12,2025-03,2
C03130,2025-01,2025-01,0
C03130,2025-01,2025-06,4
C03131,2024-08,2024-08,0
C03132,2024-01,2024-01,0
C03132,2024-01,2025-12,22
C03133,2024-02,2024-02,0
C03133,2024-02,2024-03,0
C03133,2024-02,2024-06,3
C03133,2024-02,2025-02,11
C03137,2024-03,2024-03,0
C03137,2024-03,2024-08,4
C03137,2024-03,2024-09,5
C03137,2024-03,2025-01,9
C03137,2024-03,2025-04,12
C03137,2024-03,2025-09,17
C03138,2025-10,2025-10,0
C03139,2025-08,2025-08,0
C03141,2025-07,2025-07,0
C03142,2025-03,2025-03,0
C03142,2025-03,2025-06,2
C03143,2024-09,2024-09,0
C03143,2024-09,2024-11,1
C03143,2024-09,2025-10,12
C03144,2024-07,2024-07,0
C03146,2025-10,2025-10,0
C03149,2024-02,2024-02,0
C03149,2024-02,2025-05,15
C03149,2024-02,2025-08,18
C03149,2024-02,2025-12,22
C03152,2025-02,2025-02,0
C03154,2024-06,2024-06,0
C03156,2024-01,2024-01,0
C03156,2024-01,2024-10,8
C03156,2024-01,2025-05,15
C03157,2024-05,2024-05,0
C03157,2024-05,2025-04,10
C03158,2024-07,2024-07,0
C03160,2024-10,2024-10,0
C03162,2025-12,2025-12,0
C03163,2024-04,2024-04,0
C03163,2024-04,2025-03,10
C03163,2024-04,2025-05,12
C03164,2024-08,2024-08,0
C03165,2024-04,2024-04,0
C03165,2024-04,2024-08,3
C03165,2024-04,2025-04,11
C03166,2024-05,2024-05,0
C03168,2024-01,2024-01,0
C03168,2024-01,2024-11,10
C03168,2024-01,2025-02,13
C03169,2025-06,2025-06,0
C03169,2025-06,2025-10,3
C03169,2025-06,2025-11,4
C03170,2024-03,2024-03,0
C03170,2024-03,2024-07,4
C03171,2024-09,2024-09,0
C03172,2025-05,2025-05,0
C03173,2025-04,2025-04,0
C03174,2024-04,2024-04,0
C03174,2024-04,2024-12,7
C03174,2024-04,2025-03,10
C03175,2024-05,2024-05,0
C03175,2024-05,2025-03,9
C03175,2024-05,2025-04,10
C03176,2024-02,2024-02,0
C03176,2024-02,2024-12,9
C03176,2024-02,2025-03,12
C03176,2024-02,2025-09,18
C03176,2024-02,2025-11,20
C03177,2025-02,2025-02,0
C03178,2025-05,2025-05,0
C03179,2025-09,2025-09,0
C03180,2025-04,2025-04,0
C03181,2024-05,2024-05,0
C03181,2024-05,2024-09,3
C03181,2024-05,2025-08,14
C03184,2024-02,2024-02,0
C03184,2024-02,2024-05,2
C03184,2024-02,2024-08,5
C03184,2024-02,2024-09,6
C03184,2024-02,2024-11,8
C03184,2024-02,2025-06,15
C03184,2024-02,2025-07,16
C03186,2024-03,2024-03,0
C03186,2024-03,2024-06,2
C03186,2024-03,2024-11,7
C03186,2024-03,2025-03,11
C03187,2024-04,2024-04,0
C03187,2024-04,2025-11,18
C03188,2025-05,2025-05,0
C03188,2025-05,2025-12,6
C03190,2024-07,2024-07,0
C03192,2024-05,2024-05,0
C03192,2024-05,2025-07,13
C03193,2024-11,2024-11,0
C03193,2024-11,2025-06,6
C03194,2025-01,2025-01,0
C03194,2025-01,2025-03,1
C03194,2025-01,2025-12,10
C03195,2024-12,2024-12,0
C03195,2024-12,2025-08,7
C03196,2024-04,2024-04,0
C03196,2024-04,2025-01,8
C03196,2024-04,2025-03,10
C03196,2024-04,2025-11,18
C03197,2025-05,2025-05,0
C03197,2025-05,2025-12,6
C03198,2024-12,2024-12,0
C03198,2024-12,2025-01,0
C03198,2024-12,2025-02,1
C03198,2024-12,2025-09,8
C03198,2024-12,2025-12,11
C03199,2025-04,2025-04,0
C03202,2024-04,2024-04,0
C03202,2024-04,2024-11,6
C03202,2024-04,2025-05,12
C03202,2024-04,2025-08,15
C03204,2024-02,2024-02,0
C03204,2024-02,2024-03,0
C03204,2024-02,2025-06,15
C03204,2024-02,2025-09,18
C03204,2024-02,2025-12,21
C03205,2025-02,2025-02,0
C03205,2025-02,2025-08,5
C03205,2025-02,2025-10,7
C03205,2025-02,2025-12,9
C03206,2024-03,2024-03,0
C03206,2024-03,2024-06,2
C03206,2024-03,2025-05,13
C03207,2024-01,2024-01,0
C03207,2024-01,2024-11,9
C03207,2024-01,2025-02,12
C03207,2024-01,2025-04,14
C03207,2024-01,2025-06,16
C03207,2024-01,2025-11,21
C03209,2024-08,2024-08,0
C03210,2025-05,2025-05,0
C03211,2024-05,2024-05,0
C03211,2024-05,2025-04,10
C03212,2024-02,2024-02,0
C03212,2024-02,2025-01,10
C03212,2024-02,2025-06,15
C03213,2024-12,2024-12,0
C03213,2024-12,2025-09,8
C03214,2024-06,2024-06,0
C03214,2024-06,2025-05,10
C03215,2025-01,2025-01,0
C03215,2025-01,2025-04,2
C03215,2025-01,2025-05,3
C03215,2025-01,2025-07,5
C03216,2024-04,2024-04,0
C03218,2024-06,2024-06,0
C03218,2024-06,2025-06,11
C03218,2024-06,2025-08,13
C03218,2024-06,2025-09,14
C03219,2025-06,2025-06,0
C03219,2025-06,2025-09,2
C03221,2025-03,2025-03,0
C03221,2025-03,2025-07,3
C03222,2024-04,2024-04,0
C03222,2024-04,2024-11,6
C03223,2024-07,2024-07,0
C03223,2024-07,2025-01,5
C03224,2024-09,2024-09,0
C03224,2024-09,2024-11,1
C03224,2024-09,2025-08,10
C03225,2024-07,2024-07,0
C03225,2024-07,2024-11,3
C03225,2024-07,2025-01,5
C03226,2025-09,2025-09,0
C03226,2025-09,2025-11,1
C03227,2024-12,2024-12,0
C03227,2024-12,2025-01,1
C03227,2024-12,2025-02,2
C03227,2024-12,2025-07,7
C03228,2025-06,2025-06,0
C03228,2025-06,2025-09,2
C03229,2024-07,2024-07,0
C03229,2024-07,2024-10,2
C03229,2024-07,2025-02,6
C03229,2024-07,2025-10,14
C03230,2025-03,2025-03,0
C03231,2024-07,2024-07,0
C03231,2024-07,2024-11,3
C03232,2024-04,2024-04,0
C03232,2024-04,2025-03,10
C03232,2024-04,2025-06,13
C03235,2024-01,2024-01,0
C03235,2024-01,2024-10,8
C03235,2024-01,2024-12,10
C03236,2024-01,2024-01,0
C03236,2024-01,2025-02,12
C03236,2024-01,2025-10,20
C03238,2024-01,2024-01,0
C03238,2024-01,2024-11,9
C03238,2024-01,2025-07,17
C03239,2024-02,2024-02,0
C03240,2024-05,2024-05,0
C03240,2024-05,2025-09,15
C03241,2024-06,2024-06,0
C03241,2024-06,2025-07,12
C03242,2024-07,2024-07,0
C03243,2024-05,2024-05,0
C03244,2025-08,2025-08,0
C03245,2024-06,2024-06,0
C03245,2024-06,2024-07,1
C03245,2024-06,2024-09,3
C03246,2024-03,2024-03,0
C03246,2024-03,2024-04,0
C03246,2024-03,2024-08,4
C03246,2024-03,2024-11,7
C03246,2024-03,2025-08,16
C03247,2024-08,2024-08,0
C03247,2024-08,2025-12,15
C03249,2024-09,2024-09,0
C03249,2024-09,2025-11,13
C03250,2024-05,2024-05,0
C03250,2024-05,2024-09,3
C03252,2025-09,2025-09,0
C03253,2024-10,2024-10,0
C03254,2024-03,2024-03,0
C03254,2024-03,2025-02,10
C03254,2024-03,2025-09,17
C03256,2024-07,2024-07,0
C03257,2024-08,2024-08,0
C03257,2024-08,2025-10,13
C03258,2025-04,2025-04,0
C03259,2024-10,2024-10,0
C03259,2024-10,2024-11,0
C03259,2024-10,2025-03,4
C03260,2024-01,2024-01,0
C03260,2024-01,2024-09,7
C03261,2024-01,2024-01,0
C03263,2024-05,2024-05,0
C03266,2024-11,2024-11,0
C03266,2024-11,2025-06,6
C03266,2024-11,2025-11,11
C03267,2025-03,2025-03,0
C03267,2025-03,2025-10,6
C03268,2024-12,2024-12,0
C03268,2024-12,2025-01,0
C03268,2024-12,2025-03,2
C03268,2024-12,2025-06,5
C03268,2024-12,2025-11,10
C03269,2024-01,2024-01,0
C03269,2024-01,2024-06,4
C03269,2024-01,2025-06,16
C03270,2024-03,2024-03,0
C03270,2024-03,2025-06,14
C03270,2024-03,2025-08,16
C03271,2024-09,2024-09,0
C03271,2024-09,2025-12,14
C03272,2024-02,2024-02,0
C03272,2024-02,2024-11,8
C03272,2024-02,2025-05,14
C03272,2024-02,2025-06,15
C03272,2024-02,2025-12,21
C03273,2024-04,2024-04,0
C03273,2024-04,2024-05,0
C03273,2024-04,2024-11,6
C03274,2024-05,2024-05,0
C03274,2024-05,2025-10,16
C03275,2024-10,2024-10,0
C03276,2024-01,2024-01,0
C03276,2024-01,2024-06,4
C03276,2024-01,2025-12,22
C03277,2024-07,2024-07,0
C03277,2024-07,2024-10,2
C03277,2024-07,2025-11,15
C03279,2024-04,2024-04,0
C03279,2024-04,2025-02,9
C03279,2024-04,2025-07,14
C03281,2025-01,2025-01,0
C03282,2024-03,2024-03,0
C03282,2024-03,2024-04,0
C03282,2024-03,2024-05,1
C03282,2024-03,2024-10,6
C03282,2024-03,2025-04,12
C03284,2024-02,2024-02,0
C03284,2024-02,2024-03,0
C03284,2024-02,2025-12,21
C03285,2024-09,2024-09,0
C03286,2025-09,2025-09,0
C03290,2025-06,2025-06,0
C03291,2024-01,2024-01,0
C03291,2024-01,2024-05,3
C03291,2024-01,2024-11,9
C03291,2024-01,2024-12,10
C03291,2024-01,2025-06,16
C03294,2024-07,2024-07,0
C03295,2024-06,2024-06,0
C03295,2024-06,2025-02,7
C03295,2024-06,2025-04,9
C03295,2024-06,2025-10,15
C03296,2024-04,2024-04,0
C03296,2024-04,2025-08,15
C03297,2024-12,2024-12,0
C03297,2024-12,2025-10,9
C03298,2024-03,2024-03,0
C03298,2024-03,2025-08,16
C03298,2024-03,2025-12,20
C03299,2024-02,2024-02,0
C03299,2024-02,2025-04,13
C03299,2024-02,2025-11,20
C03299,2024-02,2025-12,21
C03302,2024-05,2024-05,0
C03302,2024-05,2025-07,13
C03303,2024-02,2024-02,0
C03303,2024-02,2025-10,19
C03304,2024-10,2024-10,0
C03305,2024-08,2024-08,0
C03305,2024-08,2024-09,0
C03305,2024-08,2025-05,8
C03307,2025-01,2025-01,0
C03307,2025-01,2025-08,6
C03308,2024-01,2024-01,0
C03308,2024-01,2024-10,8
C03308,2024-01,2025-02,12
C03308,2024-01,2025-11,21
C03310,2025-03,2025-03,0
C03310,2025-03,2025-09,5
C03312,2024-02,2024-02,0
C03312,2024-02,2024-07,4
C03314,2025-06,2025-06,0
C03314,2025-06,2025-11,4
C03314,2025-06,2025-12,5
C03315,2024-01,2024-01,0
C03315,2024-01,2024-07,5
C03315,2024-01,2024-08,6
C03315,2024-01,2024-12,10
C03317,2024-10,2024-10,0
C03317,2024-10,2025-10,11
C03318,2024-04,2024-04,0
C03318,2024-04,2025-09,17
C03319,2024-07,2024-07,0
C03319,2024-07,2024-12,4
C03319,2024-07,2025-01,5
C03319,2024-07,2025-05,9
C03319,2024-07,2025-06,10
C03319,2024-07,2025-12,16
C03320,2024-05,2024-05,0
C03320,2024-05,2024-08,2
C03320,2024-05,2024-10,4
C03320,2024-05,2025-07,13
C03321,2024-05,2024-05,0
C03322,2025-10,2025-10,0
C03322,2025-10,2025-12,1
C03323,2024-02,2024-02,0
C03323,2024-02,2024-05,2
C03323,2024-02,2025-01,10
C03324,2024-01,2024-01,0
C03324,2024-01,2024-02,0
C03324,2024-01,2024-07,5
C03324,2024-01,2025-01,11
C03324,2024-01,2025-03,13
C03324,2024-01,2025-07,17
C03324,2024-01,2025-10,20
C03325,2025-03,2025-03,0
C03327,2024-02,2024-02,0
C03327,2024-02,2024-07,4
C03327,2024-02,2024-12,9
C03328,2025-03,2025-03,0
C03328,2025-03,2025-08,4
C03329,2024-03,2024-03,0
C03329,2024-03,2024-05,1
C03329,2024-03,2025-03,11
C03330,2025-06,2025-06,0
C03332,2025-10,2025-10,0
C03333,2025-02,2025-02,0
C03333,2025-02,2025-09,6
C03333,2025-02,2025-10,7
C03334,2024-01,2024-01,0
C03334,2024-01,2025-02,12
C03334,2024-01,2025-03,13
C03334,2024-01,2025-08,18
C03335,2024-10,2024-10,0
C03335,2024-10,2025-07,8
C03336,2024-01,2024-01,0
C03337,2024-02,2024-02,0
C03337,2024-02,2025-02,11
C03338,2024-02,2024-02,0
C03338,2024-02,2024-04,1
C03338,2024-02,2024-05,2
C03338,2024-02,2025-03,12
C03338,2024-02,2025-08,17
C03338,2024-02,2025-10,19
C03339,2024-05,2024-05,0
C03339,2024-05,2025-07,13
C03341,2024-11,2024-11,0
C03342,2024-03,2024-03,0
C03342,2024-03,2025-11,19
C03343,2024-07,2024-07,0
C03343,2024-07,2025-12,16
C03344,2024-01,2024-01,0
C03348,2025-02,2025-02,0
C03349,2024-01,2024-01,0
C03351,2024-08,2024-08,0
C03351,2024-08,2025-04,7
C03353,2025-05,2025-05,0
C03353,2025-05,2025-06,0
C03355,2024-09,2024-09,0
C03355,2024-09,2024-12,2
C03355,2024-09,2025-06,8
C03356,2025-05,2025-05,0
C03357,2024-07,2024-07,0
C03360,2024-02,2024-02,0
C03360,2024-02,2024-04,1
C03360,2024-02,2025-02,11
C03363,2024-02,2024-02,0
C03364,2025-08,2025-08,0
C03364,2025-08,2025-10,1
C03365,2025-06,2025-06,0
C03366,2024-01,2024-01,0
C03367,2024-07,2024-07,0
C03367,2024-07,2025-12,16
C03369,2025-10,2025-10,0
C03370,2025-02,2025-02,0
C03372,2025-12,2025-12,0
C03373,2025-01,2025-01,0
C03374,2024-05,2024-05,0
C03374,2024-05,2025-07,13
C03376,2025-05,2025-05,0
C03377,2025-03,2025-03,0
C03377,2025-03,2025-06,2
C03378,2024-03,2024-03,0
C03378,2024-03,2024-05,1
C03378,2024-03,2024-10,6
C03378,2024-03,2025-11,19
C03379,2024-01,2024-01,0
C03379,2024-01,2024-08,6
C03379,2024-01,2025-01,11
C03379,2024-01,2025-07,17
C03380,2024-04,2024-04,0
C03380,2024-04,2025-10,17
C03381,2024-07,2024-07,0
C03381,2024-07,2025-01,5
C03381,2024-07,2025-05,9
C03381,2024-07,2025-07,11
C03381,2024-07,2025-12,16
C03383,2024-09,2024-09,0
C03384,2025-01,2025-01,0
C03385,2024-01,2024-01,0
C03385,2024-01,2024-06,4
C03385,2024-01,2025-01,11
C03385,2024-01,2025-02,12
C03385,2024-01,2025-12,22
C03386,2024-10,2024-10,0
C03386,2024-10,2025-07,8
C03387,2024-07,2024-07,0
C03387,2024-07,2024-08,0
C03389,2024-04,2024-04,0
C03389,2024-04,2025-01,8
C03389,2024-04,2025-09,16
C03389,2024-04,2025-10,17
C03390,2024-08,2024-08,0
C03391,2024-03,2024-03,0
C03391,2024-03,2025-07,15
C03392,2024-02,2024-02,0
C03393,2025-05,2025-05,0
C03393,2025-05,2025-08,2
C03394,2025-01,2025-01,0
C03395,2024-02,2024-02,0
C03395,2024-02,2025-01,10
C03395,2024-02,2025-05,14
C03395,2024-02,2025-07,16
C03396,2025-12,2025-12,0
C03397,2024-01,2024-01,0
C03397,2024-01,2024-03,1
C03397,2024-01,2024-08,6
C03397,2024-01,2025-08,18
C03397,2024-01,2025-09,19
C03398,2025-12,2025-12,0
C03399,2024-01,2024-01,0
C03399,2024-01,2024-07,5
C03400,2025-06,2025-06,0
C03402,2024-02,2024-02,0
C03405,2024-08,2024-08,0
C03405,2024-08,2024-10,1
C03406,2024-09,2024-09,0
C03406,2024-09,2025-06,8
C03406,2024-09,2025-11,13
C03407,2024-03,2024-03,0
C03408,2024-06,2024-06,0
C03408,2024-06,2024-07,0
C03409,2024-03,2024-03,0
C03409,2024-03,2024-07,3
C03409,2024-03,2025-04,12
C03409,2024-03,2025-12,20
C03410,2024-09,2024-09,0
C03410,2024-09,2024-12,2
C03410,2024-09,2025-07,9
C03411,2024-01,2024-01,0
C03411,2024-01,2025-08,18
C03413,2024-02,2024-02,0
C03413,2024-02,2024-04,1
C03413,2024-02,2024-11,8
C03413,2024-02,2025-03,12
C03413,2024-02,2025-04,13
C03413,2024-02,2025-07,16
C03413,2024-02,2025-10,19
C03415,2024-12,2024-12,0
C03416,2024-10,2024-10,0
C03418,2024-08,2024-08,0
C03418,2024-08,2025-04,7
C03420,2024-03,2024-03,0
C03420,2024-03,2025-10,18
C03421,2025-11,2025-11,0
C03422,2024-09,2024-09,0
C03423,2024-02,2024-02,0
C03423,2024-02,2025-10,19
C03423,2024-02,2025-11,20
C03424,2025-10,2025-10,0
C03425,2024-04,2024-04,0
C03425,2024-04,2024-11,6
C03425,2024-04,2025-03,10
C03425,2024-04,2025-09,16
C03425,2024-04,2025-10,17
C03425,2024-04,2025-11,18
C03426,2024-02,2024-02,0
C03427,2024-02,2024-02,0
C03427,2024-02,2024-06,3
C03427,2024-02,2024-11,8
C03427,2024-02,2025-01,10
C03427,2024-02,2025-11,20
C03428,2024-02,2024-02,0
C03428,2024-02,2024-11,8
C03429,2025-08,2025-08,0
C03430,2024-12,2024-12,0
C03431,2025-08,2025-08,0
C03432,2024-01,2024-01,0
C03432,2024-01,2024-04,2
C03434,2024-04,2024-04,0
C03434,2024-04,2024-09,4
C03435,2024-03,2024-03,0
C03435,2024-03,2024-10,6
C03436,2024-01,2024-01,0
C03436,2024-01,2025-04,14
C03437,2025-10,2025-10,0
C03440,2025-03,2025-03,0
C03440,2025-03,2025-08,4
C03440,2025-03,2025-10,6
C03440,2025-03,2025-11,7
C03441,2025-08,2025-08,0
C03442,2024-01,2024-01,0
C03442,2024-01,2024-04,3
C03442,2024-01,2024-07,6
C03442,2024-01,2024-11,10
C03442,2024-01,2025-08,19
C03443,2024-09,2024-09,0
C03445,2024-04,2024-04,0
C03445,2024-04,2025-08,15
C03445,2024-04,2025-10,17
C03447,2024-09,2024-09,0
C03448,2024-05,2024-05,0
C03448,2024-05,2025-09,15
C03449,2024-10,2024-10,0
C03449,2024-10,2025-02,3
C03449,2024-10,2025-06,7
C03450,2025-12,2025-12,0
C03451,2024-09,2024-09,0
C03453,2024-02,2024-02,0
C03454,2024-07,2024-07,0
C03454,2024-07,2024-11,3
C03454,2024-07,2025-08,12
C03454,2024-07,2025-09,13
C03455,2024-01,2024-01,0
C03455,2024-01,2024-10,8
C03455,2024-01,2024-11,9
C03455,2024-01,2025-08,18
C03456,2024-12,2024-12,0
C03456,2024-12,2025-01,1
C03456,2024-12,2025-07,7
C03456,2024-12,2025-12,12
C03457,2024-06,2024-06,0
C03457,2024-06,2024-10,3
C03457,2024-06,2025-11,16
C03458,2025-06,2025-06,0
C03459,2024-02,2024-02,0
C03459,2024-02,2025-04,13
C03459,2024-02,2025-05,14
C03460,2024-03,2024-03,0
C03460,2024-03,2024-08,4
C03461,2025-11,2025-11,0
C03463,2024-11,2024-11,0
C03463,2024-11,2024-12,0
C03464,2024-11,2024-11,0
C03464,2024-11,2025-01,1
C03464,2024-11,2025-06,6
C03464,2024-11,2025-08,8
C03465,2024-10,2024-10,0
C03465,2024-10,2024-12,1
C03465,2024-10,2025-03,4
C03465,2024-10,2025-12,13
C03466,2024-07,2024-07,0
C03466,2024-07,2024-12,4
C03466,2024-07,2025-05,9
C03467,2024-10,2024-10,0
C03467,2024-10,2025-05,6
C03470,2024-05,2024-05,0
C03470,2024-05,2025-02,8
C03470,2024-05,2025-08,14
C03473,2024-01,2024-01,0
C03473,2024-01,2024-11,9
C03473,2024-01,2025-07,17
C03474,2024-02,2024-02,0
C03474,2024-02,2024-11,8
C03474,2024-02,2024-12,9
C03475,2024-08,2024-08,0
C03475,2024-08,2024-09,0
C03476,2024-03,2024-03,0
C03476,2024-03,2024-05,1
C03476,2024-03,2024-06,2
C03476,2024-03,2024-12,8
C03478,2024-06,2024-06,0
C03478,2024-06,2024-09,2
C03478,2024-06,2025-03,8
C03478,2024-06,2025-07,12
C03479,2024-03,2024-03,0
C03479,2024-03,2024-05,1
C03479,2024-03,2025-05,13
C03481,2025-06,2025-06,0
C03481,2025-06,2025-07,0
C03482,2024-04,2024-04,0
C03483,2024-08,2024-08,0
C03483,2024-08,2025-01,4
C03484,2024-04,2024-04,0
C03486,2024-07,2024-07,0
C03486,2024-07,2024-09,1
C03486,2024-07,2024-11,3
C03487,2024-09,2024-09,0
C03487,2024-09,2025-01,3
C03488,2024-01,2024-01,0
C03488,2024-01,2024-04,2
C03488,2024-01,2024-05,3
C03488,2024-01,2024-09,7
C03489,2024-02,2024-02,0
C03489,2024-02,2025-01,10
C03491,2024-01,2024-01,0
C03491,2024-01,2024-02,0
C03491,2024-01,2024-07,5
C03492,2024-10,2024-10,0
C03493,2024-03,2024-03,0
C03493,2024-03,2024-05,1
C03493,2024-03,2024-12,8
C03493,2024-03,2025-04,12
C03493,2024-03,2025-05,13
C03494,2024-10,2024-10,0
C03494,2024-10,2025-04,5
C03494,2024-10,2025-07,8
C03494,2024-10,2025-09,10
C03495,2024-03,2024-03,0
C03496,2024-02,2024-02,0
C03496,2024-02,2024-12,9
C03496,2024-02,2025-08,17
C03497,2024-11,2024-11,0
C03497,2024-11,2025-03,3
C03498,2024-01,2024-01,0
C03499,2024-12,2024-12,0
C03499,2024-12,2025-03,2
C03499,2024-12,2025-04,3
C03500,2024-08,2024-08,0
C03500,2024-08,2025-05,8
C03501,2025-02,2025-02,0
C03501,2025-02,2025-12,9
C03502,2024-02,2024-02,0
C03502,2024-02,2024-04,1
C03504,2024-08,2024-08,0
C03505,2025-01,2025-01,0
C03507,2024-01,2024-01,0
C03509,2024-01,2024-01,0
C03509,2024-01,2024-10,8
C03509,2024-01,2025-11,21
C03510,2024-03,2024-03,0
C03510,2024-03,2024-08,4
C03510,2024-03,2024-10,6
C03510,2024-03,2025-06,14
C03510,2024-03,2025-09,17
C03511,2024-12,2024-12,0
C03511,2024-12,2025-05,4
C03512,2024-02,2024-02,0
C03512,2024-02,2024-04,1
C03512,2024-02,2025-08,17
C03513,2024-04,2024-04,0
C03513,2024-04,2024-07,2
C03514,2024-04,2024-04,0
C03514,2024-04,2025-01,8
C03515,2024-01,2024-01,0
C03515,2024-01,2024-05,3
C03516,2025-05,2025-05,0
C03516,2025-05,2025-07,1
C03516,2025-05,2025-08,2
C03517,2024-01,2024-01,0
C03517,2024-01,2024-04,2
C03517,2024-01,2024-05,3
C03517,2024-01,2025-01,11
C03518,2024-01,2024-01,0
C03520,2025-07,2025-07,0
C03521,2024-03,2024-03,0
C03521,2024-03,2024-07,3
C03521,2024-03,2025-01,9
C03521,2024-03,2025-02,10
C03521,2024-03,2025-06,14
C03522,2024-07,2024-07,0
C03522,2024-07,2024-09,1
C03524,2025-11,2025-11,0
C03525,2024-04,2024-04,0
C03525,2024-04,2025-05,12
C03525,2024-04,2025-08,15
C03526,2024-09,2024-09,0
C03526,2024-09,2024-10,0
C03529,2024-01,2024-01,0
C03529,2024-01,2024-04,2
C03529,2024-01,2025-03,13
C03529,2024-01,2025-04,14
C03530,2024-07,2024-07,0
C03532,2024-05,2024-05,0
C03532,2024-05,2024-07,1
C03532,2024-05,2024-11,5
C03532,2024-05,2024-12,6
C03532,2024-05,2025-06,12
C03533,2025-04,2025-04,0
C03534,2025-09,2025-09,0
C03536,2024-06,2024-06,0
C03536,2024-06,2025-04,10
C03537,2024-05,2024-05,0
C03539,2024-05,2024-05,0
C03539,2024-05,2024-12,6
C03539,2024-05,2025-07,13
C03540,2024-09,2024-09,0
C03541,2024-07,2024-07,0
C03541,2024-07,2024-09,1
C03541,2024-07,2025-02,6
C03543,2024-01,2024-01,0
C03543,2024-01,2024-09,7
C03544,2024-04,2024-04,0
C03544,2024-04,2024-08,3
C03544,2024-04,2024-10,5
C03544,2024-04,2025-04,11
C03545,2024-06,2024-06,0
C03545,2024-06,2024-07,0
C03545,2024-06,2025-10,15
C03546,2025-01,2025-01,0
C03546,2025-01,2025-04,2
C03546,2025-01,2025-12,10
C03547,2024-07,2024-07,0
C03548,2024-03,2024-03,0
C03548,2024-03,2025-08,16
C03549,2024-11,2024-11,0
C03550,2024-09,2024-09,0
C03550,2024-09,2025-07,9
C03551,2024-04,2024-04,0
C03552,2024-04,2024-04,0
C03553,2024-05,2024-05,0
C03553,2024-05,2025-01,7
C03553,2024-05,2025-08,14
C03555,2025-08,2025-08,0
C03557,2024-01,2024-01,0
C03557,2024-01,2024-02,0
C03557,2024-01,2025-04,14
C03557,2024-01,2025-05,15
C03557,2024-01,2025-10,20
C03558,2024-05,2024-05,0
C03558,2024-05,2025-02,8
C03558,2024-05,2025-09,15
C03558,2024-05,2025-11,17
C03559,2025-07,2025-07,0
C03559,2025-07,2025-12,4
C03561,2024-05,2024-05,0
C03561,2024-05,2025-12,18
C03565,2024-02,2024-02,0
C03565,2024-02,2025-07,16
C03565,2024-02,2025-11,20
C03567,2024-04,2024-04,0
C03568,2024-03,2024-03,0
C03568,2024-03,2024-07,3
C03568,2024-03,2024-11,7
C03568,2024-03,2024-12,8
C03569,2025-11,2025-11,0
C03570,2025-07,2025-07,0
C03571,2024-01,2024-01,0
C03571,2024-01,2024-06,4
C03571,2024-01,2025-06,16
C03576,2024-04,2024-04,0
C03576,2024-04,2024-10,5
C03577,2024-07,2024-07,0
C03578,2024-12,2024-12,0
C03578,2024-12,2025-06,5
C03579,2024-03,2024-03,0
C03579,2024-03,2024-09,5
C03579,2024-03,2025-02,10
C03579,2024-03,2025-10,18
C03580,2024-01,2024-01,0
C03580,2024-01,2024-02,0
C03580,2024-01,2024-12,10
C03580,2024-01,2025-11,21
C03581,2025-10,2025-10,0
C03582,2025-01,2025-01,0
C03583,2024-02,2024-02,0
C03584,2024-03,2024-03,0
C03584,2024-03,2024-11,7
C03584,2024-03,2025-06,14
C03584,2024-03,2025-11,19
C03585,2025-11,2025-11,0
C03586,2025-02,2025-02,0
C03586,2025-02,2025-08,5
C03587,2024-10,2024-10,0
C03588,2025-03,2025-03,0
C03588,2025-03,2025-09,6
C03589,2024-03,2024-03,0
C03589,2024-03,2025-11,19
C03590,2024-05,2024-05,0
C03590,2024-05,2025-10,16
C03591,2024-03,2024-03,0
C03591,2024-03,2024-08,4
C03591,2024-03,2025-11,19
C03592,2024-01,2024-01,0
C03592,2024-01,2024-03,1
C03592,2024-01,2024-09,7
C03592,2024-01,2025-02,12
C03592,2024-01,2025-10,20
C03593,2025-03,2025-03,0
C03594,2024-01,2024-01,0
C03594,2024-01,2025-04,14
C03595,2025-01,2025-01,0
C03595,2025-01,2025-04,2
C03596,2025-02,2025-02,0
C03596,2025-02,2025-06,3
C03597,2024-02,2024-02,0
C03597,2024-02,2024-12,9
C03597,2024-02,2025-12,21
C03598,2025-03,2025-03,0
C03598,2025-03,2025-05,1
C03598,2025-03,2025-08,4
C03598,2025-03,2025-09,5
C03600,2024-11,2024-11,0
C03600,2024-11,2025-07,7
C03600,2024-11,2025-12,12
C03601,2024-03,2024-03,0
C03601,2024-03,2025-12,20
C03603,2024-05,2024-05,0
C03603,2024-05,2024-08,2
C03605,2024-01,2024-01,0
C03605,2024-01,2024-05,3
C03605,2024-01,2024-06,4
C03605,2024-01,2024-12,10
C03605,2024-01,2025-11,21
C03606,2024-06,2024-06,0
C03606,2024-06,2024-08,1
C03606,2024-06,2025-05,10
C03608,2024-02,2024-02,0
C03608,2024-02,2025-04,13
C03609,2025-10,2025-10,0
C03610,2024-06,2024-06,0
C03611,2024-02,2024-02,0
C03611,2024-02,2025-08,17
C03611,2024-02,2025-10,19
C03611,2024-02,2025-11,20
C03612,2024-10,2024-10,0
C03612,2024-10,2025-10,11
C03612,2024-10,2025-11,12
C03614,2025-02,2025-02,0
C03614,2025-02,2025-07,4
C03615,2024-07,2024-07,0
C03615,2024-07,2024-11,3
C03615,2024-07,2025-03,7
C03615,2024-07,2025-06,10
C03616,2024-10,2024-10,0
C03617,2025-05,2025-05,0
C03618,2024-01,2024-01,0
C03619,2024-01,2024-01,0
C03619,2024-01,2024-09,7
C03621,2024-03,2024-03,0
C03621,2024-03,2024-07,3
C03621,2024-03,2025-04,12
C03622,2025-01,2025-01,0
C03623,2024-08,2024-08,0
C03624,2025-02,2025-02,0
C03625,2025-12,2025-12,0
C03628,2024-10,2024-10,0
C03628,2024-10,2025-05,6
C03629,2024-12,2024-12,0
C03629,2024-12,2025-01,0
C03630,2024-04,2024-04,0
C03630,2024-04,2025-07,15
C03632,2024-02,2024-02,0
C03632,2024-02,2024-03,0
C03632,2024-02,2025-01,10
C03632,2024-02,2025-10,19
C03633,2024-01,2024-01,0
C03633,2024-01,2024-05,3
C03633,2024-01,2025-08,18
C03634,2024-01,2024-01,0
C03637,2024-01,2024-01,0
C03637,2024-01,2024-02,0
C03637,2024-01,2025-06,16
C03637,2024-01,2025-09,19
C03639,2025-01,2025-01,0
C03640,2024-04,2024-04,0
C03641,2024-12,2024-12,0
C03641,2024-12,2025-12,11
C03642,2024-02,2024-02,0
C03642,2024-02,2024-04,1
C03642,2024-02,2025-03,12
C03642,2024-02,2025-04,13
C03643,2024-01,2024-01,0
C03644,2024-01,2024-01,0
C03644,2024-01,2024-03,1
C03646,2024-01,2024-01,0
C03646,2024-01,2025-10,20
C03647,2024-04,2024-04,0
C03647,2024-04,2024-10,5
C03647,2024-04,2025-04,11
C03647,2024-04,2025-08,15
C03648,2024-10,2024-10,0
C03649,2024-03,2024-03,0
C03649,2024-03,2024-07,3
C03649,2024-03,2025-01,9
C03649,2024-03,2025-06,14
C03649,2024-03,2025-09,17
C03649,2024-03,2025-10,18
C03650,2024-05,2024-05,0
C03650,2024-05,2024-09,3
C03650,2024-05,2024-11,5
C03651,2024-02,2024-02,0
C03651,2024-02,2024-07,4
C03651,2024-02,2025-01,10
C03651,2024-02,2025-02,11
C03651,2024-02,2025-03,12
C03652,2024-02,2024-02,0
C03653,2024-11,2024-11,0
C03653,2024-11,2025-06,6
C03654,2024-05,2024-05,0
C03654,2024-05,2024-11,5
C03654,2024-05,2025-03,9
C03654,2024-05,2025-06,12
C03654,2024-05,2025-08,14
C03655,2024-01,2024-01,0
C03655,2024-01,2024-06,4
C03655,2024-01,2025-05,15
C03656,2024-01,2024-01,0
C03656,2024-01,2025-04,14
C03656,2024-01,2025-08,18
C03656,2024-01,2025-09,19
C03658,2024-10,2024-10,0
C03659,2024-04,2024-04,0
C03659,2024-04,2024-05,0
C03659,2024-04,2025-07,14
C03662,2024-06,2024-06,0
C03663,2024-03,2024-03,0
C03663,2024-03,2024-06,2
C03663,2024-03,2024-09,5
C03663,2024-03,2024-12,8
C03664,2025-06,2025-06,0
C03665,2024-08,2024-08,0
C03665,2024-08,2025-01,4
C03665,2024-08,2025-07,10
C03667,2024-05,2024-05,0
C03668,2024-08,2024-08,0
C03669,2024-07,2024-07,0
C03670,2025-08,2025-08,0
C03671,2024-01,2024-01,0
C03671,2024-01,2025-01,11
C03671,2024-01,2025-04,14
C03673,2024-05,2024-05,0
C03674,2024-01,2024-01,0
C03676,2025-12,2025-12,0
C03677,2024-01,2024-01,0
C03677,2024-01,2024-08,6
C03677,2024-01,2025-07,17
C03678,2024-07,2024-07,0
C03678,2024-07,2025-02,6
C03678,2024-07,2025-03,7
C03678,2024-07,2025-08,12
C03679,2024-05,2024-05,0
C03679,2024-05,2025-05,11
C03680,2024-01,2024-01,0
C03680,2024-01,2024-04,2
C03680,2024-01,2024-07,5
C03680,2024-01,2025-09,19
C03681,2024-09,2024-09,0
C03682,2024-01,2024-01,0
C03682,2024-01,2024-12,10
C03682,2024-01,2025-11,21
C03683,2024-09,2024-09,0
C03684,2025-12,2025-12,0
C03685,2024-02,2024-02,0
C03685,2024-02,2024-08,5
C03685,2024-02,2025-03,12
C03685,2024-02,2025-05,14
C03685,2024-02,2025-11,20
C03686,2024-02,2024-02,0
C03686,2024-02,2025-01,10
C03687,2024-11,2024-11,0
C03687,2024-11,2024-12,0
C03687,2024-11,2025-03,3
C03688,2024-02,2024-02,0
C03688,2024-02,2024-12,9
C03689,2024-02,2024-02,0
C03690,2025-01,2025-01,0
C03691,2024-12,2024-12,0
C03693,2024-01,2024-01,0
C03693,2024-01,2024-06,4
C03693,2024-01,2025-08,18
C03693,2024-01,2025-12,22
C03694,2024-01,2024-01,0
C03694,2024-01,2024-05,3
C03694,2024-01,2025-03,13
C03694,2024-01,2025-08,18
C03695,2025-01,2025-01,0
C03695,2025-01,2025-07,5
C03695,2025-01,2025-08,6
C03696,2024-05,2024-05,0
C03696,2024-05,2025-04,10
C03696,2024-05,2025-06,12
C03697,2024-04,2024-04,0
C03697,2024-04,2024-11,6
C03698,2024-11,2024-11,0
C03699,2024-05,2024-05,0
C03699,2024-05,2025-02,8
C03699,2024-05,2025-10,16
C03700,2025-08,2025-08,0
C03700,2025-08,2025-10,1
C03701,2024-05,2024-05,0
C03701,2024-05,2025-10,16
C03702,2025-06,2025-06,0
C03702,2025-06,2025-09,2
C03703,2024-01,2024-01,0
C03703,2024-01,2024-03,1
C03703,2024-01,2024-09,7
C03703,2024-01,2025-04,14
C03703,2024-01,2025-12,22
C03705,2024-03,2024-03,0
C03709,2024-02,2024-02,0
C03709,2024-02,2024-04,1
C03709,2024-02,2025-01,10
C03709,2024-02,2025-11,20
C03711,2024-01,2024-01,0
C03711,2024-01,2024-08,6
C03711,2024-01,2025-10,20
C03713,2024-05,2024-05,0
C03713,2024-05,2024-08,2
C03713,2024-05,2024-12,6
C03713,2024-05,2025-04,10
C03713,2024-05,2025-06,12
C03714,2024-04,2024-04,0
C03715,2024-01,2024-01,0
C03715,2024-01,2025-07,17
C03715,2024-01,2025-12,22
C03716,2024-10,2024-10,0
C03716,2024-10,2025-02,3
C03717,2025-01,2025-01,0
C03718,2024-06,2024-06,0
C03718,2024-06,2025-08,13
C03718,2024-06,2025-10,15
C03719,2024-01,2024-01,0
C03719,2024-01,2024-03,1
C03719,2024-01,2025-07,17
C03724,2024-02,2024-02,0
C03724,2024-02,2024-11,8
C03724,2024-02,2025-01,10
C03725,2024-05,2024-05,0
C03726,2024-05,2024-05,0
C03727,2024-03,2024-03,0
C03727,2024-03,2025-12,20
C03728,2025-01,2025-01,0
C03728,2025-01,2025-05,3
C03729,2024-10,2024-10,0
C03729,2024-10,2024-11,0
C03729,2024-10,2025-01,2
C03729,2024-10,2025-03,4
C03729,2024-10,2025-06,7
C03730,2025-03,2025-03,0
C03731,2024-04,2024-04,0
C03732,2025-12,2025-12,0
C03733,2024-01,2024-01,0
C03733,2024-01,2024-08,6
C03733,2024-01,2025-11,21
C03734,2025-09,2025-09,0
C03735,2024-09,2024-09,0
C03735,2024-09,2025-04,6
C03735,2024-09,2025-06,8
C03735,2024-09,2025-09,11
C03736,2024-04,2024-04,0
C03736,2024-04,2024-05,0
C03736,2024-04,2025-05,12
C03736,2024-04,2025-08,15
C03736,2024-04,2025-12,19
C03737,2024-06,2024-06,0
C03737,2024-06,2025-01,6
C03737,2024-06,2025-09,14
C03738,2024-08,2024-08,0
C03738,2024-08,2025-11,14
C03740,2025-01,2025-01,0
C03740,2025-01,2025-03,1
C03740,2025-01,2025-09,7
C03741,2024-06,2024-06,0
C03741,2024-06,2024-07,0
C03741,2024-06,2025-03,8
C03742,2024-10,2024-10,0
C03742,2024-10,2025-11,12
C03745,2024-07,2024-07,0
C03748,2024-02,2024-02,0
C03748,2024-02,2024-03,0
C03748,2024-02,2024-05,2
C03749,2024-12,2024-12,0
C03749,2024-12,2025-03,2
C03749,2024-12,2025-07,6
C03750,2024-06,2024-06,0
C03750,2024-06,2025-03,8
C03750,2024-06,2025-07,12
C03750,2024-06,2025-09,14
C03751,2024-02,2024-02,0
C03754,2024-02,2024-02,0
C03754,2024-02,2025-06,15
C03755,2025-08,2025-08,0
C03755,2025-08,2025-09,0
C03756,2024-05,2024-05,0
C03757,2024-06,2024-06,0
C03758,2025-02,2025-02,0
C03759,2024-11,2024-11,0
C03760,2024-06,2024-06,0
C03760,2024-06,2025-05,10
C03761,2024-04,2024-04,0
C03761,2024-04,2024-12,7
C03761,2024-04,2025-10,17
C03762,2024-12,2024-12,0
C03762,2024-12,2025-03,2
C03764,2025-01,2025-01,0
C03764,2025-01,2025-10,8
C03765,2025-10,2025-10,0
C03766,2024-11,2024-11,0
C03766,2024-11,2025-08,8
C03766,2024-11,2025-12,12
C03767,2024-04,2024-04,0
C03767,2024-04,2024-05,0
C03768,2024-02,2024-02,0
C03768,2024-02,2024-10,7
C03768,2024-02,2025-02,11
C03768,2024-02,2025-05,14
C03768,2024-02,2025-10,19
C03769,2024-05,2024-05,0
C03769,2024-05,2024-06,0
C03769,2024-05,2024-08,2
C03769,2024-05,2024-09,3
C03770,2024-02,2024-02,0
C03770,2024-02,2024-06,3
C03772,2024-06,2024-06,0
C03772,2024-06,2025-11,16
C03773,2025-03,2025-03,0
C03773,2025-03,2025-11,7
C03774,2024-03,2024-03,0
C03774,2024-03,2024-04,0
C03774,2024-03,2025-03,11
C03774,2024-03,2025-06,14
C03775,2024-01,2024-01,0
C03775,2024-01,2024-11,9
C03775,2024-01,2025-01,11
C03775,2024-01,2025-05,15
C03775,2024-01,2025-10,20
C03776,2025-02,2025-02,0
C03777,2025-06,2025-06,0
C03777,2025-06,2025-10,3
C03779,2024-07,2024-07,0
C03779,2024-07,2025-10,14
C03779,2024-07,2025-11,15
C03780,2024-11,2024-11,0
C03780,2024-11,2025-03,3
C03782,2025-01,2025-01,0
C03782,2025-01,2025-10,8
C03782,2025-01,2025-11,9
C03785,2025-12,2025-12,0
C03786,2025-07,2025-07,0
C03787,2024-12,2024-12,0
C03787,2024-12,2025-02,1
C03788,2024-11,2024-11,0
C03788,2024-11,2025-11,11
C03789,2024-08,2024-08,0
C03790,2024-08,2024-08,0
C03790,2024-08,2024-10,1
C03790,2024-08,2024-11,2
C03790,2024-08,2025-01,4
C03790,2024-08,2025-08,11
C03791,2025-08,2025-08,0
C03792,2024-05,2024-05,0
C03792,2024-05,2024-10,4
C03792,2024-05,2025-05,11
C03792,2024-05,2025-11,17
C03793,2024-07,2024-07,0
C03794,2024-10,2024-10,0
C03794,2024-10,2025-04,5
C03795,2024-02,2024-02,0
C03795,2024-02,2024-11,8
C03795,2024-02,2025-01,10
C03796,2024-06,2024-06,0
C03797,2024-02,2024-02,0
C03797,2024-02,2024-03,0
C03797,2024-02,2025-01,10
C03797,2024-02,2025-05,14
C03797,2024-02,2025-12,21
C03798,2025-11,2025-11,0
C03799,2024-03,2024-03,0
C03799,2024-03,2024-10,6
C03799,2024-03,2024-11,7
C03800,2024-02,2024-02,0
C03800,2024-02,2024-08,5
C03800,2024-02,2024-09,6
C03800,2024-02,2025-05,14
C03800,2024-02,2025-06,15
C03801,2024-10,2024-10,0
C03802,2025-05,2025-05,0
C03803,2025-04,2025-04,0
C03804,2024-01,2024-01,0
C03804,2024-01,2024-07,5
C03804,2024-01,2025-12,22
C03805,2024-03,2024-03,0
C03805,2024-03,2024-04,0
C03805,2024-03,2025-07,15
C03805,2024-03,2025-09,17
C03805,2024-03,2025-11,19
C03806,2025-12,2025-12,0
C03807,2025-05,2025-05,0
C03808,2025-03,2025-03,0
C03809,2024-11,2024-11,0
C03809,2024-11,2025-03,3
C03809,2024-11,2025-09,9
C03809,2024-11,2025-12,12
C03810,2024-04,2024-04,0
C03810,2024-04,2024-10,5
C03810,2024-04,2025-07,14
C03810,2024-04,2025-10,17
C03811,2024-09,2024-09,0
C03811,2024-09,2024-12,2
C03811,2024-09,2025-06,8
C03812,2024-01,2024-01,0
C03812,2024-01,2025-03,13
C03812,2024-01,2025-04,14
C03812,2024-01,2025-11,21
C03813,2024-08,2024-08,0
C03813,2024-08,2024-12,3
C03813,2024-08,2025-03,6
C03814,2024-09,2024-09,0
C03814,2024-09,2025-12,14
C03815,2024-03,2024-03,0
C03815,2024-03,2024-09,5
C03815,2024-03,2024-12,8
C03815,2024-03,2025-02,10
C03815,2024-03,2025-07,15
C03815,2024-03,2025-08,16
C03816,2025-08,2025-08,0
C03816,2025-08,2025-12,3
C03817,2024-01,2024-01,0
C03817,2024-01,2024-07,5
C03817,2024-01,2024-11,9
C03818,2024-05,2024-05,0
C03818,2024-05,2024-11,5
C03818,2024-05,2025-01,7
C03818,2024-05,2025-10,16
C03819,2024-04,2024-04,0
C03819,2024-04,2024-12,7
C03819,2024-04,2025-01,8
C03820,2025-08,2025-08,0
C03820,2025-08,2025-10,1
C03823,2024-09,2024-09,0
C03823,2024-09,2025-06,8
C03823,2024-09,2025-08,10
C03825,2024-11,2024-11,0
C03826,2024-02,2024-02,0
C03826,2024-02,2025-05,14
C03826,2024-02,2025-09,18
C03827,2025-06,2025-06,0
C03827,2025-06,2025-08,1
C03828,2025-06,2025-06,0
C03829,2024-02,2024-02,0
C03829,2024-02,2024-06,3
C03829,2024-02,2024-10,7
C03829,2024-02,2024-12,9
C03829,2024-02,2025-09,18
C03829,2024-02,2025-10,19
C03829,2024-02,2025-11,20
C03830,2025-02,2025-02,0
C03831,2024-04,2024-04,0
C03831,2024-04,2024-06,1
C03832,2024-05,2024-05,0
C03832,2024-05,2025-02,8
C03832,2024-05,2025-11,17
C03833,2024-11,2024-11,0
C03833,2024-11,2025-10,10
C03834,2025-03,2025-03,0
C03834,2025-03,2025-06,2
C03834,2025-03,2025-07,3
C03836,2025-09,2025-09,0
C03837,2024-09,2024-09,0
C03838,2024-06,2024-06,0
C03838,2024-06,2024-10,3
C03838,2024-06,2025-03,8
C03839,2024-04,2024-04,0
C03839,2024-04,2024-05,0
C03839,2024-04,2024-12,7
C03839,2024-04,2025-07,14
C03840,2024-12,2024-12,0
C03841,2024-02,2024-02,0
C03841,2024-02,2024-03,0
C03841,2024-02,2024-07,4
C03841,2024-02,2025-11,20
C03842,2024-03,2024-03,0
C03842,2024-03,2024-04,0
C03842,2024-03,2025-03,11
C03843,2024-05,2024-05,0
C03843,2024-05,2024-09,3
C03843,2024-05,2025-09,15
C03844,2025-12,2025-12,0
C03846,2024-03,2024-03,0
C03846,2024-03,2025-07,15
C03847,2024-05,2024-05,0
C03847,2024-05,2024-10,4
C03848,2025-02,2025-02,0
C03850,2025-09,2025-09,0
C03851,2024-03,2024-03,0
C03851,2024-03,2024-12,8
C03851,2024-03,2025-02,10
C03851,2024-03,2025-04,12
C03851,2024-03,2025-05,13
C03851,2024-03,2025-10,18
C03852,2024-08,2024-08,0
C03854,2024-03,2024-03,0
C03854,2024-03,2024-05,1
C03854,2024-03,2025-05,13
C03854,2024-03,2025-08,16
C03854,2024-03,2025-10,18
C03854,2024-03,2025-11,19
C03854,2024-03,2025-12,20
C03855,2024-02,2024-02,0
C03855,2024-02,2025-12,21
C03856,2025-07,2025-07,0
C03857,2024-11,2024-11,0
C03857,2024-11,2025-02,2
C03857,2024-11,2025-11,11
C03858,2024-01,2024-01,0
C03858,2024-01,2024-02,0
C03858,2024-01,2024-05,3
C03858,2024-01,2025-03,13
C03858,2024-01,2025-04,14
C03858,2024-01,2025-06,16
C03858,2024-01,2025-07,17
C03858,2024-01,2025-08,18
C03859,2025-10,2025-10,0
C03860,2024-03,2024-03,0
C03860,2024-03,2024-09,5
C03860,2024-03,2024-11,7
C03860,2024-03,2025-09,17
C03860,2024-03,2025-12,20
C03862,2025-12,2025-12,0
C03864,2024-01,2024-01,0
C03864,2024-01,2024-09,7
C03865,2024-01,2024-01,0
C03865,2024-01,2024-04,2
C03866,2025-01,2025-01,0
C03866,2025-01,2025-09,7
C03866,2025-01,2025-10,8
C03866,2025-01,2025-12,10
C03867,2024-11,2024-11,0
C03868,2024-10,2024-10,0
C03869,2025-10,2025-10,0
C03870,2025-01,2025-01,0
C03870,2025-01,2025-07,6
C03870,2025-01,2025-09,8
C03870,2025-01,2025-11,10
C03871,2024-06,2024-06,0
C03871,2024-06,2024-08,1
C03871,2024-06,2024-09,2
C03872,2024-06,2024-06,0
C03872,2024-06,2025-01,6
C03872,2024-06,2025-07,12
C03872,2024-06,2025-11,16
C03873,2024-04,2024-04,0
C03873,2024-04,2024-12,7
C03873,2024-04,2025-08,15
C03873,2024-04,2025-12,19
C03875,2024-09,2024-09,0
C03876,2024-06,2024-06,0
C03876,2024-06,2025-06,11
C03876,2024-06,2025-07,12
C03877,2024-01,2024-01,0
C03877,2024-01,2025-11,21
C03879,2024-07,2024-07,0
C03879,2024-07,2024-09,1
C03879,2024-07,2025-09,13
C03880,2024-08,2024-08,0
C03880,2024-08,2025-12,15
C03881,2024-09,2024-09,0
C03881,2024-09,2025-06,8
C03883,2024-03,2024-03,0
C03883,2024-03,2024-04,0
C03883,2024-03,2024-09,5
C03884,2024-07,2024-07,0
C03884,2024-07,2025-06,10
C03884,2024-07,2025-12,16
C03885,2024-01,2024-01,0
C03886,2024-02,2024-02,0
C03886,2024-02,2025-09,18
C03887,2024-09,2024-09,0
C03887,2024-09,2024-10,0
C03887,2024-09,2025-01,3
C03887,2024-09,2025-03,5
C03887,2024-09,2025-08,10
C03888,2024-02,2024-02,0
C03888,2024-02,2024-06,3
C03888,2024-02,2025-02,11
C03889,2024-02,2024-02,0
C03889,2024-02,2024-03,0
C03889,2024-02,2024-12,9
C03891,2024-04,2024-04,0
C03891,2024-04,2024-07,2
C03892,2024-01,2024-01,0
C03892,2024-01,2024-06,4
C03892,2024-01,2024-10,8
C03892,2024-01,2025-01,11
C03892,2024-01,2025-07,17
C03892,2024-01,2025-08,18
C03893,2024-01,2024-01,0
C03893,2024-01,2024-03,1
C03893,2024-01,2025-07,17
C03893,2024-01,2025-12,22
C03895,2024-07,2024-07,0
C03897,2024-03,2024-03,0
C03897,2024-03,2024-04,0
C03897,2024-03,2025-01,9
C03897,2024-03,2025-03,11
C03899,2024-10,2024-10,0
C03899,2024-10,2025-05,6
C03901,2024-02,2024-02,0
C03901,2024-02,2024-04,1
C03901,2024-02,2025-03,12
C03902,2024-11,2024-11,0
C03902,2024-11,2025-09,9
C03902,2024-11,2025-11,11
C03903,2024-05,2024-05,0
C03903,2024-05,2024-06,0
C03903,2024-05,2024-08,2
C03903,2024-05,2024-12,6
C03903,2024-05,2025-03,9
C03903,2024-05,2025-08,14
C03904,2024-10,2024-10,0
C03905,2024-01,2024-01,0
C03905,2024-01,2024-02,0
C03906,2024-03,2024-03,0
C03906,2024-03,2024-07,3
C03906,2024-03,2024-12,8
C03906,2024-03,2025-02,10
C03906,2024-03,2025-04,12
C03907,2024-09,2024-09,0
C03907,2024-09,2025-08,10
C03909,2024-07,2024-07,0
C03910,2024-06,2024-06,0
C03910,2024-06,2025-06,11
C03910,2024-06,2025-10,15
C03910,2024-06,2025-12,17
C03912,2025-04,2025-04,0
C03913,2024-12,2024-12,0
C03913,2024-12,2025-02,1
C03914,2024-03,2024-03,0
C03915,2024-11,2024-11,0
C03916,2024-08,2024-08,0
C03917,2024-12,2024-12,0
C03918,2024-09,2024-09,0
C03919,2024-07,2024-07,0
C03919,2024-07,2025-02,6
C03919,2024-07,2025-10,14
C03919,2024-07,2025-12,16
C03921,2025-02,2025-02,0
C03922,2024-05,2024-05,0
C03922,2024-05,2024-06,0
C03922,2024-05,2024-09,3
C03922,2024-05,2025-01,7
C03922,2024-05,2025-02,8
C03922,2024-05,2025-05,11
C03923,2024-02,2024-02,0
C03923,2024-02,2025-08,17
C03924,2024-08,2024-08,0
C03924,2024-08,2025-03,6
C03924,2024-08,2025-04,7
C03924,2024-08,2025-06,9
C03924,2024-08,2025-08,11
C03926,2024-03,2024-03,0
C03928,2024-03,2024-03,0
C03928,2024-03,2024-07,3
C03928,2024-03,2024-12,8
C03928,2024-03,2025-10,18
C03930,2025-11,2025-11,0
C03931,2024-01,2024-01,0
C03931,2024-01,2024-06,4
C03931,2024-01,2025-01,11
C03931,2024-01,2025-04,14
C03931,2024-01,2025-08,18
C03932,2024-02,2024-02,0
C03932,2024-02,2024-04,1
C03932,2024-02,2024-05,2
C03932,2024-02,2024-09,6
C03932,2024-02,2025-01,10
C03932,2024-02,2025-04,13
C03932,2024-02,2025-10,19
C03932,2024-02,2025-11,20
C03933,2024-06,2024-06,0
C03933,2024-06,2025-08,13
C03933,2024-06,2025-09,14
C03934,2024-06,2024-06,0
C03934,2024-06,2025-01,6
C03940,2024-04,2024-04,0
C03940,2024-04,2024-05,0
C03940,2024-04,2025-12,19
C03942,2024-01,2024-01,0
C03942,2024-01,2024-11,9
C03942,2024-01,2025-07,17
C03942,2024-01,2025-09,19
C03943,2024-03,2024-03,0
C03943,2024-03,2024-11,7
C03944,2025-06,2025-06,0
C03945,2024-05,2024-05,0
C03945,2024-05,2025-01,7
C03945,2024-05,2025-05,11
C03945,2024-05,2025-07,13
C03945,2024-05,2025-08,14
C03946,2024-09,2024-09,0
C03947,2024-02,2024-02,0
C03947,2024-02,2025-09,18
C03947,2024-02,2025-11,20
C03948,2025-04,2025-04,0
C03948,2025-04,2025-05,0
C03948,2025-04,2025-08,3
C03950,2024-05,2024-05,0
C03952,2024-11,2024-11,0
C03953,2025-11,2025-11,0
C03954,2024-04,2024-04,0
C03955,2024-04,2024-04,0
C03956,2024-02,2024-02,0
C03956,2024-02,2024-04,1
C03956,2024-02,2025-03,12
C03956,2024-02,2025-05,14
C03957,2024-07,2024-07,0
C03957,2024-07,2024-09,2
C03957,2024-07,2025-02,7
C03957,2024-07,2025-03,8
C03958,2024-07,2024-07,0
C03958,2024-07,2025-08,12
C03958,2024-07,2025-10,14
C03959,2025-08,2025-08,0
C03960,2024-03,2024-03,0
C03960,2024-03,2024-04,0
C03960,2024-03,2025-06,14
C03961,2024-09,2024-09,0
C03962,2024-10,2024-10,0
C03962,2024-10,2025-04,5
C03962,2024-10,2025-05,6
C03962,2024-10,2025-12,13
C03964,2024-06,2024-06,0
C03964,2024-06,2024-12,5
C03964,2024-06,2025-12,17
C03965,2025-05,2025-05,0
C03966,2025-09,2025-09,0
C03966,2025-09,2025-12,2
C03970,2024-08,2024-08,0
C03971,2024-07,2024-07,0
C03971,2024-07,2024-09,1
C03971,2024-07,2025-02,6
C03971,2024-07,2025-05,9
C03973,2024-05,2024-05,0
C03973,2024-05,2025-10,16
C03973,2024-05,2025-11,17
C03974,2024-06,2024-06,0
C03974,2024-06,2024-08,1
C03975,2025-01,2025-01,0
C03975,2025-01,2025-11,9
C03976,2024-01,2024-01,0
C03976,2024-01,2024-02,0
C03976,2024-01,2024-07,5
C03976,2024-01,2024-08,6
C03977,2024-03,2024-03,0
C03977,2024-03,2024-08,4
C03977,2024-03,2025-02,10
C03978,2025-04,2025-04,0
C03979,2024-08,2024-08,0
C03979,2024-08,2024-12,3
C03979,2024-08,2025-05,8
C03979,2024-08,2025-10,13
C03980,2024-02,2024-02,0
C03980,2024-02,2024-04,1
C03980,2024-02,2024-10,7
C03982,2024-04,2024-04,0
C03982,2024-04,2025-06,14
C03982,2024-04,2025-11,19
C03983,2025-10,2025-10,0
C03983,2025-10,2025-11,0
C03983,2025-10,2025-12,1
C03984,2024-01,2024-01,0
C03985,2024-01,2024-01,0
C03985,2024-01,2024-08,6
C03985,2024-01,2024-10,8
C03986,2024-06,2024-06,0
C03986,2024-06,2024-07,0
C03986,2024-06,2025-03,8
C03986,2024-06,2025-04,9
C03986,2024-06,2025-12,17
C03987,2024-05,2024-05,0
C03987,2024-05,2024-07,1
C03987,2024-05,2024-12,6
C03987,2024-05,2025-05,11
C03988,2025-04,2025-04,0
C03989,2024-09,2024-09,0
C03989,2024-09,2025-04,6
C03990,2024-02,2024-02,0
C03991,2024-01,2024-01,0
C03991,2024-01,2024-06,4
C03993,2024-02,2024-02,0
C03993,2024-02,2024-04,1
C03993,2024-02,2024-07,4
C03994,2025-01,2025-01,0
C03996,2024-07,2024-07,0
C03996,2024-07,2024-09,1
C03997,2025-02,2025-02,0
C03997,2025-02,2025-04,1
C03998,2025-12,2025-12,0
C03999,2024-06,2024-06,0
C03999,2024-06,2024-07,0
C03999,2024-06,2024-10,3
C03999,2024-06,2024-11,4
C03999,2024-06,2025-03,8
C04000,2025-02,2025-02,0
C04001,2024-07,2024-07,0
C04001,2024-07,2025-05,9
C04002,2024-01,2024-01,0
C04002,2024-01,2025-01,11
C04002,2024-01,2025-11,21
C04003,2024-12,2024-12,0
C04003,2024-12,2025-12,11
C04004,2024-10,2024-10,0
C04004,2024-10,2024-11,0
C04004,2024-10,2024-12,1
C04004,2024-10,2025-10,11
C04006,2024-06,2024-06,0
C04006,2024-06,2024-07,0
C04006,2024-06,2025-06,11
C04006,2024-06,2025-09,14
C04007,2025-05,2025-05,0
C04007,2025-05,2025-06,0
C04007,2025-05,2025-11,5
C04008,2024-07,2024-07,0
C04008,2024-07,2025-07,11
C04008,2024-07,2025-12,16
C04009,2024-12,2024-12,0
C04012,2025-04,2025-04,0
C04013,2025-11,2025-11,0
C04015,2024-05,2024-05,0
C04015,2024-05,2024-06,0
C04015,2024-05,2024-11,5
C04016,2024-01,2024-01,0
C04017,2025-03,2025-03,0
C04017,2025-03,2025-11,7
C04018,2024-02,2024-02,0
C04018,2024-02,2025-02,11
C04018,2024-02,2025-03,12
C04018,2024-02,2025-07,16
C04019,2024-01,2024-01,0
C04020,2024-12,2024-12,0
C04021,2024-02,2024-02,0
C04021,2024-02,2024-05,2
C04021,2024-02,2025-01,10
C04023,2025-03,2025-03,0
C04024,2024-05,2024-05,0
C04024,2024-05,2024-07,1
C04024,2024-05,2025-05,11
C04025,2024-02,2024-02,0
C04028,2024-08,2024-08,0
C04028,2024-08,2025-08,11
C04029,2024-06,2024-06,0
C04030,2024-02,2024-02,0
C04030,2024-02,2025-03,12
C04031,2024-09,2024-09,0
C04032,2024-06,2024-06,0
C04033,2024-02,2024-02,0
C04033,2024-02,2024-09,6
C04033,2024-02,2025-07,16
C04034,2024-06,2024-06,0
C04034,2024-06,2025-07,12
C04034,2024-06,2025-12,17
C04035,2024-10,2024-10,0
C04035,2024-10,2025-12,13
C04036,2024-11,2024-11,0
C04037,2025-12,2025-12,0
C04038,2025-02,2025-02,0
C04039,2024-05,2024-05,0
C04040,2024-02,2024-02,0
C04040,2024-02,2024-07,5
C04040,2024-02,2024-12,10
C04040,2024-02,2025-07,17
C04041,2024-01,2024-01,0
C04041,2024-01,2025-06,16
C04042,2024-08,2024-08,0
C04042,2024-08,2025-01,4
C04043,2024-05,2024-05,0
C04043,2024-05,2024-06,0
C04043,2024-05,2025-03,9
C04043,2024-05,2025-08,14
C04044,2024-04,2024-04,0
C04044,2024-04,2025-09,16
C04044,2024-04,2025-10,17
C04045,2025-01,2025-01,0
C04045,2025-01,2025-02,0
C04045,2025-01,2025-12,10
C04046,2024-12,2024-12,0
C04049,2024-09,2024-09,0
C04050,2025-01,2025-01,0
C04050,2025-01,2025-02,0
C04050,2025-01,2025-10,8
C04050,2025-01,2025-12,10
C04051,2024-06,2024-06,0
C04051,2024-06,2024-07,0
C04051,2024-06,2025-05,10
C04052,2024-04,2024-04,0
C04052,2024-04,2024-06,1
C04052,2024-04,2025-02,9
C04052,2024-04,2025-04,11
C04052,2024-04,2025-05,12
C04052,2024-04,2025-09,16
C04055,2024-06,2024-06,0
C04056,2024-06,2024-06,0
C04057,2024-03,2024-03,0
C04057,2024-03,2025-03,11
C04058,2024-04,2024-04,0
C04058,2024-04,2025-11,18
C04059,2024-07,2024-07,0
C04060,2024-03,2024-03,0
C04060,2024-03,2024-04,0
C04060,2024-03,2024-09,5
C04060,2024-03,2024-11,7
C04061,2024-06,2024-06,0
C04061,2024-06,2024-09,2
C04061,2024-06,2025-02,7
C04061,2024-06,2025-04,9
C04061,2024-06,2025-07,12
C04062,2024-06,2024-06,0
C04064,2024-01,2024-01,0
C04064,2024-01,2025-12,22
C04066,2024-01,2024-01,0
C04066,2024-01,2025-10,20
C04067,2024-04,2024-04,0
C04067,2024-04,2024-07,2
C04067,2024-04,2024-08,3
C04067,2024-04,2025-02,9
C04067,2024-04,2025-04,11
C04067,2024-04,2025-12,19
C04069,2024-06,2024-06,0
C04069,2024-06,2024-09,2
C04069,2024-06,2024-11,4
C04069,2024-06,2025-10,15
C04070,2024-05,2024-05,0
C04070,2024-05,2024-06,0
C04070,2024-05,2025-06,12
C04071,2024-08,2024-08,0
C04071,2024-08,2024-09,0
C04072,2024-12,2024-12,0
C04072,2024-12,2025-06,5
C04073,2024-12,2024-12,0
C04073,2024-12,2025-01,0
C04073,2024-12,2025-04,3
C04073,2024-12,2025-06,5
C04073,2024-12,2025-10,9
C04074,2024-01,2024-01,0
C04074,2024-01,2024-05,3
C04074,2024-01,2025-05,15
C04074,2024-01,2025-08,18
C04075,2024-02,2024-02,0
C04075,2024-02,2024-03,0
C04075,2024-02,2025-02,11
C04075,2024-02,2025-07,16
C04076,2024-08,2024-08,0
C04076,2024-08,2024-11,2
C04077,2024-01,2024-01,0
C04077,2024-01,2025-12,22
C04079,2024-07,2024-07,0
C04080,2025-06,2025-06,0
C04081,2024-05,2024-05,0
C04081,2024-05,2024-08,2
C04081,2024-05,2024-09,3
C04081,2024-05,2025-04,10
C04081,2024-05,2025-05,11
C04081,2024-05,2025-09,15
C04082,2024-06,2024-06,0
C04082,2024-06,2024-09,2
C04085,2024-11,2024-11,0
C04086,2024-06,2024-06,0
C04087,2024-03,2024-03,0
C04087,2024-03,2025-01,9
C04088,2025-01,2025-01,0
C04088,2025-01,2025-03,1
C04088,2025-01,2025-04,2
C04088,2025-01,2025-07,5
C04089,2024-01,2024-01,0
C04089,2024-01,2024-08,6
C04089,2024-01,2025-08,18
C04089,2024-01,2025-12,22
C04090,2024-07,2024-07,0
C04091,2025-01,2025-01,0
C04092,2024-04,2024-04,0
C04092,2024-04,2024-05,0
C04093,2024-01,2024-01,0
C04093,2024-01,2024-07,6
C04093,2024-01,2025-04,15
C04093,2024-01,2025-08,19
C04094,2024-04,2024-04,0
C04094,2024-04,2024-06,1
C04094,2024-04,2024-07,2
C04094,2024-04,2024-10,5
C04094,2024-04,2024-11,6
C04094,2024-04,2025-03,10
C04094,2024-04,2025-05,12
C04094,2024-04,2025-06,13
C04094,2024-04,2025-10,17
C04095,2024-10,2024-10,0
C04095,2024-10,2025-02,3
C04096,2024-05,2024-05,0
C04096,2024-05,2025-01,7
C04096,2024-05,2025-12,18
C04097,2025-01,2025-01,0
C04098,2024-10,2024-10,0
C04098,2024-10,2024-11,0
C04098,2024-10,2025-01,2
C04098,2024-10,2025-09,10
C04100,2024-02,2024-02,0
C04100,2024-02,2024-03,0
C04100,2024-02,2024-06,3
C04102,2025-04,2025-04,0
C04103,2024-11,2024-11,0
C04103,2024-11,2025-03,3
C04104,2025-01,2025-01,0
C04106,2024-05,2024-05,0
C04106,2024-05,2024-08,2
C04106,2024-05,2025-05,11
C04106,2024-05,2025-11,17
C04107,2024-04,2024-04,0
C04108,2024-10,2024-10,0
C04109,2024-06,2024-06,0
C04111,2024-02,2024-02,0
C04112,2024-11,2024-11,0
C04112,2024-11,2025-05,5
C04113,2024-09,2024-09,0
C04113,2024-09,2025-02,4
C04113,2024-09,2025-06,8
C04115,2025-04,2025-04,0
C04116,2024-01,2024-01,0
C04116,2024-01,2025-01,11
C04116,2024-01,2025-08,18
C04116,2024-01,2025-11,21
C04119,2024-07,2024-07,0
C04120,2024-09,2024-09,0
C04120,2024-09,2025-06,8
C04120,2024-09,2025-11,13
C04121,2024-02,2024-02,0
C04121,2024-02,2024-04,1
C04121,2024-02,2024-11,8
C04122,2024-07,2024-07,0
C04122,2024-07,2024-11,4
C04122,2024-07,2025-06,11
C04125,2025-12,2025-12,0
C04126,2025-05,2025-05,0
C04127,2024-01,2024-01,0
C04130,2025-02,2025-02,0
C04130,2025-02,2025-06,3
C04133,2024-04,2024-04,0
C04133,2024-04,2024-07,2
C04133,2024-04,2025-04,11
C04133,2024-04,2025-05,12
C04134,2024-01,2024-01,0
C04134,2024-01,2024-04,2
C04134,2024-01,2024-12,10
C04134,2024-01,2025-07,17
C04134,2024-01,2025-08,18
C04134,2024-01,2025-09,19
C04134,2024-01,2025-12,22
C04135,2024-11,2024-11,0
C04135,2024-11,2025-03,3
C04135,2024-11,2025-09,9
C04135,2024-11,2025-10,10
C04135,2024-11,2025-11,11
C04136,2024-03,2024-03,0
C04136,2024-03,2024-05,1
C04137,2024-02,2024-02,0
C04137,2024-02,2024-03,0
C04137,2024-02,2024-04,1
C04137,2024-02,2024-09,6
C04137,2024-02,2025-11,20
C04138,2024-11,2024-11,0
C04138,2024-11,2025-10,10
C04140,2024-01,2024-01,0
C04140,2024-01,2024-05,3
C04140,2024-01,2024-07,5
C04140,2024-01,2024-08,6
C04140,2024-01,2025-08,18
C04140,2024-01,2025-11,21
C04141,2025-05,2025-05,0
C04141,2025-05,2025-06,0
C04141,2025-05,2025-08,2
C04144,2024-02,2024-02,0
C04144,2024-02,2024-07,4
C04145,2025-10,2025-10,0
C04146,2024-06,2024-06,0
C04146,2024-06,2025-06,11
C04147,2024-01,2024-01,0
C04147,2024-01,2024-04,2
C04147,2024-01,2024-05,3
C04147,2024-01,2024-09,7
C04147,2024-01,2025-05,15
C04149,2024-01,2024-01,0
C04149,2024-01,2024-10,8
C04150,2025-07,2025-07,0
C04151,2024-06,2024-06,0
C04151,2024-06,2024-08,1
C04151,2024-06,2025-02,7
C04151,2024-06,2025-07,12
C04151,2024-06,2025-08,13
C04151,2024-06,2025-09,14
C04151,2024-06,2025-10,15
C04152,2024-02,2024-02,0
C04153,2024-04,2024-04,0
C04153,2024-04,2024-06,1
C04153,2024-04,2024-11,6
C04154,2024-04,2024-04,0
C04154,2024-04,2024-05,0
C04154,2024-04,2024-12,7
C04156,2024-02,2024-02,0
C04157,2024-08,2024-08,0
C04158,2024-03,2024-03,0
C04158,2024-03,2024-09,5
C04158,2024-03,2025-04,12
C04158,2024-03,2025-06,14
C04159,2024-03,2024-03,0
C04159,2024-03,2024-11,7
C04160,2024-06,2024-06,0
C04160,2024-06,2024-07,0
C04160,2024-06,2024-12,5
C04160,2024-06,2025-06,11
C04161,2024-03,2024-03,0
C04162,2024-12,2024-12,0
C04163,2024-02,2024-02,0
C04163,2024-02,2025-01,10
C04163,2024-02,2025-03,12
C04165,2025-11,2025-11,0
C04166,2024-11,2024-11,0
C04166,2024-11,2024-12,0
C04166,2024-11,2025-03,3
C04166,2024-11,2025-08,8
C04167,2024-06,2024-06,0
C04167,2024-06,2024-07,0
C04167,2024-06,2024-10,3
C04167,2024-06,2025-10,15
C04168,2024-12,2024-12,0
C04168,2024-12,2025-05,4
C04169,2024-09,2024-09,0
C04169,2024-09,2025-05,7
C04171,2025-06,2025-06,0
C04171,2025-06,2025-08,1
C04171,2025-06,2025-11,4
C04172,2024-07,2024-07,0
C04172,2024-07,2025-10,14
C04173,2025-02,2025-02,0
C04174,2025-05,2025-05,0
C04175,2025-01,2025-01,0
C04175,2025-01,2025-04,2
C04175,2025-01,2025-10,8
C04176,2024-07,2024-07,0
C04177,2024-03,2024-03,0
C04178,2024-07,2024-07,0
C04179,2024-08,2024-08,0
C04179,2024-08,2025-11,14
C04182,2024-10,2024-10,0
C04182,2024-10,2024-11,0
C04183,2025-04,2025-04,0
C04185,2025-10,2025-10,0
C04186,2024-12,2024-12,0
C04188,2024-09,2024-09,0
C04190,2025-12,2025-12,0
C04191,2025-01,2025-01,0
C04192,2024-05,2024-05,0
C04192,2024-05,2024-06,0
C04192,2024-05,2025-02,8
C04192,2024-05,2025-03,9
C04192,2024-05,2025-04,10
C04193,2024-03,2024-03,0
C04193,2024-03,2024-04,0
C04193,2024-03,2024-10,6
C04193,2024-03,2024-11,7
C04193,2024-03,2025-03,11
C04193,2024-03,2025-07,15
C04193,2024-03,2025-11,19
C04195,2025-08,2025-08,0
C04196,2025-05,2025-05,0
C04196,2025-05,2025-09,3
C04197,2025-04,2025-04,0
C04198,2024-01,2024-01,0
C04198,2024-01,2024-06,4
C04198,2024-01,2025-01,11
C04198,2024-01,2025-02,12
C04198,2024-01,2025-04,14
C04198,2024-01,2025-06,16
C04200,2024-01,2024-01,0
C04200,2024-01,2024-03,1
C04201,2025-07,2025-07,0
C04201,2025-07,2025-09,1
C04202,2024-08,2024-08,0
C04203,2025-04,2025-04,0
C04204,2024-11,2024-11,0
C04205,2025-12,2025-12,0
C04206,2024-02,2024-02,0
C04206,2024-02,2024-08,5
C04206,2024-02,2025-03,12
C04207,2025-03,2025-03,0
C04208,2024-04,2024-04,0
C04208,2024-04,2024-05,0
C04208,2024-04,2024-10,5
C04208,2024-04,2025-04,11
C04210,2025-03,2025-03,0
C04212,2024-11,2024-11,0
C04213,2025-06,2025-06,0
C04213,2025-06,2025-10,3
C04214,2025-12,2025-12,0
C04215,2025-12,2025-12,0
C04216,2024-10,2024-10,0
C04216,2024-10,2025-03,4
C04216,2024-10,2025-04,5
C04217,2024-02,2024-02,0
C04217,2024-02,2024-09,6
C04217,2024-02,2025-03,12
C04218,2024-06,2024-06,0
C04218,2024-06,2025-02,7
C04218,2024-06,2025-04,9
C04219,2024-05,2024-05,0
C04219,2024-05,2024-11,5
C04220,2024-02,2024-02,0
C04220,2024-02,2025-01,10
C04220,2024-02,2025-05,14
C04221,2025-05,2025-05,0
C04222,2024-01,2024-01,0
C04222,2024-01,2024-02,0
C04222,2024-01,2024-09,7
C04222,2024-01,2024-10,8
C04222,2024-01,2024-11,9
C04222,2024-01,2025-06,16
C04222,2024-01,2025-07,17
C04223,2024-01,2024-01,0
C04223,2024-01,2024-10,8
C04223,2024-01,2024-11,9
C04223,2024-01,2025-02,12
C04223,2024-01,2025-09,19
C04225,2024-03,2024-03,0
C04227,2025-05,2025-05,0
C04229,2024-02,2024-02,0
C04229,2024-02,2024-05,2
C04229,2024-02,2025-03,12
C04229,2024-02,2025-10,19
C04229,2024-02,2025-12,21
C04230,2024-08,2024-08,0
C04230,2024-08,2025-04,7
C04230,2024-08,2025-09,12
C04231,2024-08,2024-08,0
C04231,2024-08,2024-12,3
C04231,2024-08,2025-09,12
C04232,2024-04,2024-04,0
C04232,2024-04,2024-06,1
C04233,2024-05,2024-05,0
C04234,2025-08,2025-08,0
C04235,2024-10,2024-10,0
C04235,2024-10,2025-12,13
C04236,2024-10,2024-10,0
C04236,2024-10,2024-12,1
C04236,2024-10,2025-03,4
C04236,2024-10,2025-04,5
C04237,2024-06,2024-06,0
C04237,2024-06,2025-05,10
C04237,2024-06,2025-06,11
C04238,2024-07,2024-07,0
C04238,2024-07,2025-08,12
C04239,2025-07,2025-07,0
C04239,2025-07,2025-09,1
C04241,2024-12,2024-12,0
C04242,2024-03,2024-03,0
C04242,2024-03,2024-05,1
C04242,2024-03,2025-05,13
C04242,2024-03,2025-12,20
C04244,2024-04,2024-04,0
C04244,2024-04,2025-10,17
C04245,2024-08,2024-08,0
C04245,2024-08,2025-04,7
C04245,2024-08,2025-12,15
C04248,2025-04,2025-04,0
C04249,2024-09,2024-09,0
C04249,2024-09,2025-05,7
C04250,2024-01,2024-01,0
C04250,2024-01,2024-03,1
C04250,2024-01,2024-10,8
C04250,2024-01,2024-12,10
C04250,2024-01,2025-06,16
C04251,2024-12,2024-12,0
C04252,2024-04,2024-04,0
C04252,2024-04,2024-07,2
C04252,2024-04,2025-08,15
C04254,2024-01,2024-01,0
C04254,2024-01,2024-10,8
C04254,2024-01,2024-12,10
C04254,2024-01,2025-01,11
C04254,2024-01,2025-03,13
C04256,2024-03,2024-03,0
C04256,2024-03,2024-12,8
C04256,2024-03,2025-03,11
C04256,2024-03,2025-07,15
C04257,2025-12,2025-12,0
C04260,2025-08,2025-08,0
C04261,2024-07,2024-07,0
C04261,2024-07,2024-11,4
C04261,2024-07,2025-11,16
C04263,2024-06,2024-06,0
C04263,2024-06,2024-09,2
C04264,2025-04,2025-04,0
C04265,2025-01,2025-01,0
C04265,2025-01,2025-02,0
C04265,2025-01,2025-04,2
C04267,2025-05,2025-05,0
C04267,2025-05,2025-06,0
C04269,2024-04,2024-04,0
C04269,2024-04,2025-03,10
C04269,2024-04,2025-08,15
C04271,2025-05,2025-05,0
C04271,2025-05,2025-06,0
C04272,2024-07,2024-07,0
C04272,2024-07,2024-10,2
C04272,2024-07,2025-06,10
C04274,2024-05,2024-05,0
C04274,2024-05,2024-11,5
C04274,2024-05,2025-02,8
C04274,2024-05,2025-05,11
C04274,2024-05,2025-09,15
C04274,2024-05,2025-12,18
C04275,2025-07,2025-07,0
C04277,2025-08,2025-08,0
C04277,2025-08,2025-11,2
C04278,2024-05,2024-05,0
C04278,2024-05,2024-11,5
C04278,2024-05,2025-05,11
C04279,2024-05,2024-05,0
C04279,2024-05,2024-08,2
C04279,2024-05,2024-10,4
C04280,2024-03,2024-03,0
C04280,2024-03,2024-08,4
C04280,2024-03,2025-01,9
C04280,2024-03,2025-03,11
C04280,2024-03,2025-08,16
C04281,2025-11,2025-11,0
C04283,2024-07,2024-07,0
C04283,2024-07,2024-08,0
C04283,2024-07,2024-11,3
C04283,2024-07,2025-05,9
C04283,2024-07,2025-08,12
C04284,2024-05,2024-05,0
C04284,2024-05,2025-04,10
C04284,2024-05,2025-12,18
C04286,2025-08,2025-08,0
C04287,2024-04,2024-04,0
C04287,2024-04,2025-03,10
C04287,2024-04,2025-05,12
C04287,2024-04,2025-11,18
C04288,2024-03,2024-03,0
C04288,2024-03,2024-08,4
C04289,2024-02,2024-02,0
C04291,2024-05,2024-05,0
C04291,2024-05,2025-12,18
C04292,2024-08,2024-08,0
C04292,2024-08,2024-09,0
C04293,2024-01,2024-01,0
C04293,2024-01,2025-09,20
C04293,2024-01,2025-11,22
C04294,2024-06,2024-06,0
C04294,2024-06,2024-12,5
C04294,2024-06,2025-04,9
C04294,2024-06,2025-10,15
C04295,2025-09,2025-09,0
C04296,2024-02,2024-02,0
C04296,2024-02,2024-07,4
C04296,2024-02,2024-11,8
C04296,2024-02,2025-04,13
C04298,2025-08,2025-08,0
C04299,2025-03,2025-03,0
C04301,2024-03,2024-03,0
C04301,2024-03,2024-11,7
C04301,2024-03,2025-02,10
C04301,2024-03,2025-06,14
C04301,2024-03,2025-08,16
C04302,2025-08,2025-08,0
C04302,2025-08,2025-11,3
C04303,2024-08,2024-08,0
C04304,2024-03,2024-03,0
C04304,2024-03,2024-04,0
C04304,2024-03,2025-07,15
C04304,2024-03,2025-12,20
C04305,2025-01,2025-01,0
C04305,2025-01,2025-02,0
C04305,2025-01,2025-10,8
C04307,2024-01,2024-01,0
C04307,2024-01,2024-05,3
C04307,2024-01,2025-06,16
C04308,2024-03,2024-03,0
C04308,2024-03,2025-02,10
C04308,2024-03,2025-08,16
C04309,2024-02,2024-02,0
C04310,2024-04,2024-04,0
C04312,2024-03,2024-03,0
C04313,2025-06,2025-06,0
C04314,2024-06,2024-06,0
C04314,2024-06,2024-07,0
C04314,2024-06,2025-01,6
C04314,2024-06,2025-08,13
C04315,2024-05,2024-05,0
C04316,2024-01,2024-01,0
C04316,2024-01,2024-03,1
C04316,2024-01,2024-10,8
C04316,2024-01,2025-08,18
C04316,2024-01,2025-09,19
C04320,2025-05,2025-05,0
C04320,2025-05,2025-06,0
C04320,2025-05,2025-09,3
C04323,2024-05,2024-05,0
C04323,2024-05,2025-10,16
C04324,2025-08,2025-08,0
C04324,2025-08,2025-11,2
C04324,2025-08,2025-12,3
C04325,2025-05,2025-05,0
C04325,2025-05,2025-12,6
C04326,2024-06,2024-06,0
C04327,2024-08,2024-08,0
C04327,2024-08,2024-12,3
C04327,2024-08,2025-02,5
C04327,2024-08,2025-05,8
C04328,2025-02,2025-02,0
C04330,2024-01,2024-01,0
C04330,2024-01,2024-06,4
C04330,2024-01,2025-07,17
C04331,2024-03,2024-03,0
C04331,2024-03,2025-03,11
C04331,2024-03,2025-06,14
C04332,2025-08,2025-08,0
C04332,2025-08,2025-12,3
C04333,2024-04,2024-04,0
C04334,2024-11,2024-11,0
C04335,2024-05,2024-05,0
C04335,2024-05,2025-03,9
C04336,2024-09,2024-09,0
C04336,2024-09,2024-11,1
C04336,2024-09,2025-01,3
C04336,2024-09,2025-04,6
C04337,2024-02,2024-02,0
C04337,2024-02,2024-07,4
C04337,2024-02,2025-03,12
C04337,2024-02,2025-09,18
C04339,2024-02,2024-02,0
C04339,2024-02,2024-06,3
C04339,2024-02,2024-09,6
C04339,2024-02,2025-02,11
C04340,2024-09,2024-09,0
C04341,2024-06,2024-06,0
C04343,2025-07,2025-07,0
C04344,2024-04,2024-04,0
C04344,2024-04,2024-06,1
C04344,2024-04,2024-12,7
C04344,2024-04,2025-12,19
C04345,2025-07,2025-07,0
C04346,2024-06,2024-06,0
C04346,2024-06,2025-07,12
C04347,2025-10,2025-10,0
C04349,2024-08,2024-08,0
C04349,2024-08,2024-10,1
C04351,2025-12,2025-12,0
C04352,2024-11,2024-11,0
C04352,2024-11,2025-01,1
C04352,2024-11,2025-10,10
C04354,2024-02,2024-02,0
C04354,2024-02,2024-05,2
C04354,2024-02,2025-11,20
C04354,2024-02,2025-12,21
C04355,2024-06,2024-06,0
C04355,2024-06,2025-07,13
C04356,2024-02,2024-02,0
C04356,2024-02,2024-03,0
C04356,2024-02,2024-11,8
C04356,2024-02,2025-08,17
C04357,2024-12,2024-12,0
C04357,2024-12,2025-08,7
C04358,2024-01,2024-01,0
C04358,2024-01,2024-07,5
C04358,2024-01,2025-05,15
C04358,2024-01,2025-06,16
C04358,2024-01,2025-12,22
C04359,2024-03,2024-03,0
C04359,2024-03,2025-03,11
C04359,2024-03,2025-08,16
C04359,2024-03,2025-11,19
C04360,2025-04,2025-04,0
C04361,2024-05,2024-05,0
C04361,2024-05,2025-02,8
C04361,2024-05,2025-09,15
C04361,2024-05,2025-10,16
C04362,2024-11,2024-11,0
C04365,2024-01,2024-01,0
C04365,2024-01,2024-03,1
C04365,2024-01,2024-04,2
C04365,2024-01,2024-07,5
C04366,2024-05,2024-05,0
C04366,2024-05,2024-06,0
C04366,2024-05,2024-08,2
C04366,2024-05,2024-10,4
C04369,2024-04,2024-04,0
C04369,2024-04,2024-10,5
C04369,2024-04,2025-01,8
C04370,2024-01,2024-01,0
C04370,2024-01,2024-09,7
C04370,2024-01,2024-11,9
C04370,2024-01,2024-12,10
C04371,2025-05,2025-05,0
C04372,2025-10,2025-10,0
C04374,2024-04,2024-04,0
C04374,2024-04,2024-11,6
C04376,2024-01,2024-01,0
C04376,2024-01,2024-07,5
C04377,2024-02,2024-02,0
C04378,2024-10,2024-10,0
C04379,2025-04,2025-04,0
C04380,2024-03,2024-03,0
C04380,2024-03,2025-02,10
C04380,2024-03,2025-05,13
C04380,2024-03,2025-08,16
C04381,2025-02,2025-02,0
C04381,2025-02,2025-04,1
C04381,2025-02,2025-11,8
C04382,2024-06,2024-06,0
C04382,2024-06,2025-01,6
C04382,2024-06,2025-02,7
C04383,2025-06,2025-06,0
C04385,2024-04,2024-04,0
C04385,2024-04,2025-06,13
C04385,2024-04,2025-07,14
C04385,2024-04,2025-11,18
C04385,2024-04,2025-12,19
C04386,2025-09,2025-09,0
C04386,2025-09,2025-12,2
C04387,2024-03,2024-03,0
C04387,2024-03,2025-12,20
C04388,2024-01,2024-01,0
C04388,2024-01,2024-09,7
C04388,2024-01,2025-03,13
C04388,2024-01,2025-05,15
C04389,2024-08,2024-08,0
C04390,2024-09,2024-09,0
C04390,2024-09,2024-12,2
C04390,2024-09,2025-06,8
C04390,2024-09,2025-08,10
C04392,2025-12,2025-12,0
C04393,2024-07,2024-07,0
C04393,2024-07,2024-08,0
C04393,2024-07,2024-09,1
C04394,2024-02,2024-02,0
C04395,2024-07,2024-07,0
C04395,2024-07,2024-09,1
C04395,2024-07,2024-10,2
C04395,2024-07,2024-11,3
C04397,2024-05,2024-05,0
C04397,2024-05,2024-11,5
C04397,2024-05,2024-12,6
C04397,2024-05,2025-04,10
C04397,2024-05,2025-06,12
C04397,2024-05,2025-07,13
C04397,2024-05,2025-12,18
C04398,2024-08,2024-08,0
C04398,2024-08,2025-07,10
C04399,2024-09,2024-09,0
C04400,2024-05,2024-05,0
C04400,2024-05,2025-01,7
C04401,2024-09,2024-09,0
C04401,2024-09,2025-01,3
C04401,2024-09,2025-09,11
C04401,2024-09,2025-10,12
C04402,2024-03,2024-03,0
C04402,2024-03,2024-05,1
C04402,2024-03,2025-04,12
C04402,2024-03,2025-08,16
C04403,2024-08,2024-08,0
C04403,2024-08,2025-03,6
C04404,2025-02,2025-02,0
C04404,2025-02,2025-09,6
C04404,2025-02,2025-12,9
C04405,2024-05,2024-05,0
C04406,2024-05,2024-05,0
C04406,2024-05,2025-02,8
C04406,2024-05,2025-06,12
C04406,2024-05,2025-11,17
C04408,2025-08,2025-08,0
C04409,2024-12,2024-12,0
C04409,2024-12,2025-09,8
C04410,2024-09,2024-09,0
C04411,2024-03,2024-03,0
C04411,2024-03,2024-05,1
C04411,2024-03,2025-02,10
C04411,2024-03,2025-12,20
C04412,2024-12,2024-12,0
C04412,2024-12,2025-01,0
C04412,2024-12,2025-10,9
C04413,2024-08,2024-08,0
C04414,2025-06,2025-06,0
C04416,2024-09,2024-09,0
C04416,2024-09,2024-11,2
C04416,2024-09,2025-10,13
C04417,2024-01,2024-01,0
C04419,2024-11,2024-11,0
C04419,2024-11,2025-10,10
C04420,2025-07,2025-07,0
C04421,2025-07,2025-07,0
C04421,2025-07,2025-08,0
C04422,2025-01,2025-01,0
C04422,2025-01,2025-05,3
C04422,2025-01,2025-11,9
C04424,2025-04,2025-04,0
C04424,2025-04,2025-07,2
C04425,2024-09,2024-09,0
C04425,2024-09,2024-11,1
C04425,2024-09,2025-10,12
C04426,2024-08,2024-08,0
C04426,2024-08,2024-09,0
C04426,2024-08,2025-02,5
C04426,2024-08,2025-03,6
C04428,2025-12,2025-12,0
C04429,2024-01,2024-01,0
C04429,2024-01,2025-09,19
C04429,2024-01,2025-10,20
C04430,2024-03,2024-03,0
C04431,2024-05,2024-05,0
C04432,2025-05,2025-05,0
C04434,2024-07,2024-07,0
C04434,2024-07,2025-04,8
C04434,2024-07,2025-10,14
C04435,2024-02,2024-02,0
C04437,2024-04,2024-04,0
C04437,2024-04,2024-10,5
C04437,2024-04,2025-12,19
C04438,2024-01,2024-01,0
C04439,2024-02,2024-02,0
C04439,2024-02,2024-04,1
C04440,2024-02,2024-02,0
C04440,2024-02,2025-02,11
C04440,2024-02,2025-05,14
C04441,2024-06,2024-06,0
C04441,2024-06,2025-01,6
C04442,2024-10,2024-10,0
C04442,2024-10,2025-12,13
C04444,2024-07,2024-07,0
C04444,2024-07,2024-11,3
C04445,2025-02,2025-02,0
C04446,2025-02,2025-02,0
C04446,2025-02,2025-09,6
C04447,2024-06,2024-06,0
C04447,2024-06,2024-10,3
C04448,2024-02,2024-02,0
C04448,2024-02,2024-10,7
C04449,2024-08,2024-08,0
C04449,2024-08,2025-06,9
C04449,2024-08,2025-12,15
C04450,2024-02,2024-02,0
C04450,2024-02,2024-04,1
C04450,2024-02,2024-11,8
C04450,2024-02,2025-01,10
C04450,2024-02,2025-04,13
C04450,2024-02,2025-08,17
C04451,2024-03,2024-03,0
C04451,2024-03,2024-11,7
C04451,2024-03,2025-05,13
C04453,2024-05,2024-05,0
C04453,2024-05,2025-10,16
C04454,2024-10,2024-10,0
C04454,2024-10,2025-08,9
C04455,2025-01,2025-01,0
C04457,2024-07,2024-07,0
C04458,2024-09,2024-09,0
C04458,2024-09,2024-12,2
C04460,2025-07,2025-07,0
C04460,2025-07,2025-10,2
C04462,2024-04,2024-04,0
C04462,2024-04,2024-11,6
C04462,2024-04,2025-05,12
C04462,2024-04,2025-08,15
C04462,2024-04,2025-09,16
C04463,2024-04,2024-04,0
C04464,2024-10,2024-10,0
C04465,2024-07,2024-07,0
C04465,2024-07,2024-10,2
C04466,2025-08,2025-08,0
C04467,2024-09,2024-09,0
C04467,2024-09,2025-09,11
C04468,2024-06,2024-06,0
C04468,2024-06,2024-09,2
C04468,2024-06,2024-10,3
C04468,2024-06,2024-12,5
C04468,2024-06,2025-04,9
C04468,2024-06,2025-12,17
C04469,2024-01,2024-01,0
C04469,2024-01,2024-03,1
C04469,2024-01,2025-05,15
C04470,2024-04,2024-04,0
C04470,2024-04,2024-07,2
C04470,2024-04,2025-05,12
C04470,2024-04,2025-06,13
C04470,2024-04,2025-10,17
C04470,2024-04,2025-12,19
C04471,2024-02,2024-02,0
C04471,2024-02,2025-01,10
C04471,2024-02,2025-04,13
C04473,2024-09,2024-09,0
C04473,2024-09,2025-05,8
C04473,2024-09,2025-07,10
C04474,2024-09,2024-09,0
C04475,2024-01,2024-01,0
C04475,2024-01,2024-02,0
C04475,2024-01,2024-12,10
C04475,2024-01,2025-01,11
C04475,2024-01,2025-08,18
C04477,2024-02,2024-02,0
C04477,2024-02,2025-04,13
C04477,2024-02,2025-07,16
C04477,2024-02,2025-08,17
C04478,2025-12,2025-12,0
C04479,2025-03,2025-03,0
C04479,2025-03,2025-11,7
C04480,2024-02,2024-02,0
C04480,2024-02,2024-08,5
C04481,2024-09,2024-09,0
C04481,2024-09,2025-02,4
C04482,2025-12,2025-12,0
C04483,2024-01,2024-01,0
C04483,2024-01,2024-03,1
C04483,2024-01,2024-10,8
C04484,2024-01,2024-01,0
C04484,2024-01,2024-04,2
C04484,2024-01,2024-06,4
C04484,2024-01,2025-01,11
C04484,2024-01,2025-03,13
C04484,2024-01,2025-04,14
C04484,2024-01,2025-07,17
C04485,2024-09,2024-09,0
C04485,2024-09,2025-07,9
C04486,2024-05,2024-05,0
C04486,2024-05,2024-07,1
C04486,2024-05,2024-12,6
C04488,2024-08,2024-08,0
C04488,2024-08,2025-05,8
C04488,2024-08,2025-06,9
C04489,2025-01,2025-01,0
C04491,2024-12,2024-12,0
C04493,2024-04,2024-04,0
C04493,2024-04,2024-08,3
C04493,2024-04,2024-10,5
C04493,2024-04,2024-12,7
C04493,2024-04,2025-06,13
C04496,2025-02,2025-02,0
C04496,2025-02,2025-10,7
C04498,2024-01,2024-01,0
C04498,2024-01,2024-11,9
C04499,2024-08,2024-08,0
C04499,2024-08,2025-06,9
C04499,2024-08,2025-07,10
C04499,2024-08,2025-10,13
C04499,2024-08,2025-12,15
C04500,2024-10,2024-10,0
C04500,2024-10,2025-10,11
C04500,2024-10,2025-12,13
C04503,2024-09,2024-09,0
C04504,2024-07,2024-07,0
C04504,2024-07,2024-12,4
C04505,2024-07,2024-07,0
C04505,2024-07,2024-12,4
C04505,2024-07,2025-06,10
C04505,2024-07,2025-08,12
C04507,2025-04,2025-04,0
C04508,2024-11,2024-11,0
C04508,2024-11,2025-06,6
C04510,2024-03,2024-03,0
C04510,2024-03,2025-10,18
C04510,2024-03,2025-12,20
C04511,2024-02,2024-02,0
C04511,2024-02,2025-12,21
C04513,2024-05,2024-05,0
C04513,2024-05,2025-01,7
C04513,2024-05,2025-04,10
C04513,2024-05,2025-07,13
C04514,2024-11,2024-11,0
C04514,2024-11,2025-02,2
C04514,2024-11,2025-10,10
C04515,2025-02,2025-02,0
C04515,2025-02,2025-11,8
C04516,2024-01,2024-01,0
C04516,2024-01,2025-02,12
C04518,2024-02,2024-02,0
C04518,2024-02,2024-05,2
C04519,2024-10,2024-10,0
C04520,2025-07,2025-07,0
C04521,2025-03,2025-03,0
C04521,2025-03,2025-12,8
C04522,2024-10,2024-10,0
C04522,2024-10,2025-05,6
C04522,2024-10,2025-09,10
C04522,2024-10,2025-11,12
C04523,2024-02,2024-02,0
C04523,2024-02,2025-11,20
C04524,2024-04,2024-04,0
C04524,2024-04,2025-07,14
C04524,2024-04,2025-08,15
C04526,2024-02,2024-02,0
C04526,2024-02,2025-01,10
C04526,2024-02,2025-07,16
C04526,2024-02,2025-09,18
C04529,2024-10,2024-10,0
C04530,2024-05,2024-05,0
C04530,2024-05,2024-06,0
C04530,2024-05,2025-02,8
C04530,2024-05,2025-07,13
C04531,2024-06,2024-06,0
C04531,2024-06,2024-10,3
C04532,2024-05,2024-05,0
C04532,2024-05,2025-07,13
C04533,2025-06,2025-06,0
C04536,2024-07,2024-07,0
C04537,2024-01,2024-01,0
C04537,2024-01,2024-05,3
C04537,2024-01,2025-08,18
C04539,2025-07,2025-07,0
C04540,2024-01,2024-01,0
C04540,2024-01,2025-04,14
C04540,2024-01,2025-08,18
C04541,2025-08,2025-08,0
C04542,2024-01,2024-01,0
C04542,2024-01,2025-11,21
C04543,2024-03,2024-03,0
C04543,2024-03,2024-12,8
C04543,2024-03,2025-11,19
C04544,2024-03,2024-03,0
C04545,2024-02,2024-02,0
C04545,2024-02,2024-03,0
C04545,2024-02,2024-04,1
C04545,2024-02,2024-12,9
C04545,2024-02,2025-02,11
C04545,2024-02,2025-06,15
C04547,2024-11,2024-11,0
C04548,2024-08,2024-08,0
C04548,2024-08,2024-12,3
C04548,2024-08,2025-03,6
C04548,2024-08,2025-10,13
C04548,2024-08,2025-11,14
C04550,2025-09,2025-09,0
C04551,2024-06,2024-06,0
C04552,2025-02,2025-02,0
C04552,2025-02,2025-07,4
C04552,2025-02,2025-11,8
C04554,2025-11,2025-11,0
C04555,2024-02,2024-02,0
C04555,2024-02,2024-08,5
C04555,2024-02,2025-01,10
C04555,2024-02,2025-04,13
C04555,2024-02,2025-08,17
C04556,2024-12,2024-12,0
C04556,2024-12,2025-03,2
C04556,2024-12,2025-04,3
C04556,2024-12,2025-06,5
C04556,2024-12,2025-10,9
C04557,2025-04,2025-04,0
C04558,2024-03,2024-03,0
C04558,2024-03,2025-03,11
C04558,2024-03,2025-06,14
C04563,2025-11,2025-11,0
C04564,2024-09,2024-09,0
C04564,2024-09,2025-08,10
C04564,2024-09,2025-10,12
C04564,2024-09,2025-11,13
C04565,2024-03,2024-03,0
C04565,2024-03,2024-11,7
C04566,2024-08,2024-08,0
C04566,2024-08,2025-02,5
C04566,2024-08,2025-05,8
C04566,2024-08,2025-08,11
C04566,2024-08,2025-10,13
C04566,2024-08,2025-11,14
C04566,2024-08,2025-12,15
C04570,2025-07,2025-07,0
C04572,2024-01,2024-01,0
C04572,2024-01,2024-02,0
C04572,2024-01,2024-04,2
C04572,2024-01,2025-04,14
C04572,2024-01,2025-05,15
C04573,2024-09,2024-09,0
C04573,2024-09,2024-11,1
C04573,2024-09,2025-12,14
C04575,2025-10,2025-10,0
C04577,2024-02,2024-02,0
C04577,2024-02,2024-08,5
C04577,2024-02,2025-10,19
C04578,2024-04,2024-04,0
C04578,2024-04,2025-11,18
C04579,2024-01,2024-01,0
C04579,2024-01,2024-02,0
C04579,2024-01,2024-03,1
C04579,2024-01,2024-11,9
C04580,2025-01,2025-01,0
C04580,2025-01,2025-06,4
C04580,2025-01,2025-09,7
C04581,2024-04,2024-04,0
C04582,2024-01,2024-01,0
C04582,2024-01,2024-09,7
C04582,2024-01,2024-12,10
C04584,2025-03,2025-03,0
C04584,2025-03,2025-10,6
C04585,2024-01,2024-01,0
C04585,2024-01,2024-09,7
C04585,2024-01,2024-11,9
C04585,2024-01,2025-10,20
C04587,2024-07,2024-07,0
C04587,2024-07,2024-11,3
C04587,2024-07,2025-04,8
C04587,2024-07,2025-12,16
C04588,2024-10,2024-10,0
C04588,2024-10,2025-01,2
C04588,2024-10,2025-05,6
C04589,2024-12,2024-12,0
C04589,2024-12,2025-06,5
C04590,2024-03,2024-03,0
C04590,2024-03,2025-07,15
C04591,2024-10,2024-10,0
C04591,2024-10,2025-01,2
C04591,2024-10,2025-02,3
C04591,2024-10,2025-06,7
C04592,2024-01,2024-01,0
C04593,2024-05,2024-05,0
C04593,2024-05,2024-09,3
C04593,2024-05,2025-05,11
C04593,2024-05,2025-06,12
C04594,2024-11,2024-11,0
C04594,2024-11,2025-07,7
C04595,2024-02,2024-02,0
C04595,2024-02,2024-04,1
C04595,2024-02,2025-02,11
C04595,2024-02,2025-11,20
C04596,2024-05,2024-05,0
C04596,2024-05,2025-03,9
C04596,2024-05,2025-06,12
C04598,2025-07,2025-07,0
C04598,2025-07,2025-08,0
C04600,2024-08,2024-08,0
C04600,2024-08,2025-06,9
C04601,2024-05,2024-05,0
C04601,2024-05,2024-10,5
C04601,2024-05,2024-11,6
C04601,2024-05,2025-05,12
C04601,2024-05,2025-09,16
C04602,2024-04,2024-04,0
C04602,2024-04,2025-11,18
C04603,2024-09,2024-09,0
C04603,2024-09,2025-05,7
C04603,2024-09,2025-08,10
C04604,2024-06,2024-06,0
C04604,2024-06,2024-09,2
C04606,2024-04,2024-04,0
C04606,2024-04,2025-01,8
C04607,2024-03,2024-03,0
C04607,2024-03,2024-09,5
C04607,2024-03,2025-08,16
C04607,2024-03,2025-09,17
C04608,2025-03,2025-03,0
C04608,2025-03,2025-11,7
C04610,2024-10,2024-10,0
C04610,2024-10,2025-05,6
C04611,2024-08,2024-08,0
C04612,2024-08,2024-08,0
C04612,2024-08,2025-07,10
C04613,2024-04,2024-04,0
C04613,2024-04,2024-12,7
C04614,2024-03,2024-03,0
C04614,2024-03,2024-07,3
C04616,2024-03,2024-03,0
C04616,2024-03,2025-04,12
C04616,2024-03,2025-07,15
C04617,2025-12,2025-12,0
C04619,2024-01,2024-01,0
C04619,2024-01,2024-04,2
C04619,2024-01,2024-09,7
C04619,2024-01,2025-05,15
C04620,2024-03,2024-03,0
C04620,2024-03,2025-01,9
C04620,2024-03,2025-07,15
C04622,2024-12,2024-12,0
C04622,2024-12,2025-02,1
C04623,2024-01,2024-01,0
C04623,2024-01,2024-03,1
C04624,2024-09,2024-09,0
C04625,2024-03,2024-03,0
C04625,2024-03,2025-01,9
C04626,2024-12,2024-12,0
C04626,2024-12,2025-04,3
C04626,2024-12,2025-05,4
C04627,2025-06,2025-06,0
C04628,2024-02,2024-02,0
C04628,2024-02,2024-04,1
C04628,2024-02,2025-09,18
C04628,2024-02,2025-12,21
C04629,2024-04,2024-04,0
C04629,2024-04,2025-02,9
C04629,2024-04,2025-04,11
C04629,2024-04,2025-06,13
C04630,2024-04,2024-04,0
C04630,2024-04,2024-08,4
C04630,2024-04,2024-10,6
C04630,2024-04,2025-01,9
C04631,2024-02,2024-02,0
C04631,2024-02,2024-05,2
C04631,2024-02,2024-11,8
C04631,2024-02,2025-06,15
C04632,2024-04,2024-04,0
C04632,2024-04,2024-11,6
C04632,2024-04,2025-08,15
C04633,2024-01,2024-01,0
C04633,2024-01,2024-04,2
C04633,2024-01,2024-05,3
C04633,2024-01,2024-10,8
C04633,2024-01,2025-11,21
C04634,2024-11,2024-11,0
C04634,2024-11,2025-01,1
C04634,2024-11,2025-03,3
C04634,2024-11,2025-07,7
C04634,2024-11,2025-12,12
C04635,2025-05,2025-05,0
C04636,2024-04,2024-04,0
C04636,2024-04,2024-05,0
C04636,2024-04,2024-08,3
C04636,2024-04,2024-12,7
C04637,2025-03,2025-03,0
C04637,2025-03,2025-08,4
C04638,2025-06,2025-06,0
C04639,2024-06,2024-06,0
C04639,2024-06,2025-05,10
C04640,2025-07,2025-07,0
C04640,2025-07,2025-08,0
C04640,2025-07,2025-09,1
C04641,2025-03,2025-03,0
C04642,2024-09,2024-09,0
C04642,2024-09,2025-04,6
C04642,2024-09,2025-11,13
C04643,2024-06,2024-06,0
C04644,2024-01,2024-01,0
C04644,2024-01,2024-07,5
C04644,2024-01,2024-08,6
C04644,2024-01,2025-08,18
C04645,2024-01,2024-01,0
C04645,2024-01,2024-02,0
C04647,2024-08,2024-08,0
C04648,2024-02,2024-02,0
C04648,2024-02,2025-07,16
C04649,2025-04,2025-04,0
C04650,2024-01,2024-01,0
C04650,2024-01,2024-03,1
C04650,2024-01,2024-04,2
C04650,2024-01,2024-05,3
C04650,2024-01,2024-10,8
C04650,2024-01,2025-03,13
C04650,2024-01,2025-04,14
C04650,2024-01,2025-12,22
C04651,2024-03,2024-03,0
C04651,2024-03,2024-10,6
C04652,2024-05,2024-05,0
C04654,2025-02,2025-02,0
C04654,2025-02,2025-03,0
C04654,2025-02,2025-07,4
C04654,2025-02,2025-08,5
C04655,2024-08,2024-08,0
C04656,2024-02,2024-02,0
C04656,2024-02,2024-12,9
C04656,2024-02,2025-10,19
C04657,2025-10,2025-10,0
C04658,2024-05,2024-05,0
C04658,2024-05,2024-06,0
C04658,2024-05,2024-08,2
C04659,2025-01,2025-01,0
C04659,2025-01,2025-05,3
C04659,2025-01,2025-06,4
C04660,2024-02,2024-02,0
C04660,2024-02,2024-11,8
C04660,2024-02,2025-02,11
C04661,2024-03,2024-03,0
C04661,2024-03,2025-05,13
C04663,2024-02,2024-02,0
C04664,2024-09,2024-09,0
C04665,2024-01,2024-01,0
C04665,2024-01,2025-08,18
C04665,2024-01,2025-09,19
C04666,2024-06,2024-06,0
C04666,2024-06,2025-11,16
C04667,2025-12,2025-12,0
C04668,2024-07,2024-07,0
C04668,2024-07,2024-08,0
C04668,2024-07,2024-10,2
C04668,2024-07,2024-11,3
C04668,2024-07,2025-01,5
C04668,2024-07,2025-08,12
C04670,2024-12,2024-12,0
C04671,2024-10,2024-10,0
C04671,2024-10,2024-11,0
C04671,2024-10,2025-02,3
C04671,2024-10,2025-05,6
C04671,2024-10,2025-10,11
C04672,2025-11,2025-11,0
C04673,2025-12,2025-12,0
C04675,2024-07,2024-07,0
C04675,2024-07,2024-09,1
C04675,2024-07,2025-05,9
C04676,2024-01,2024-01,0
C04676,2024-01,2024-03,1
C04677,2024-02,2024-02,0
C04680,2024-01,2024-01,0
C04680,2024-01,2024-04,2
C04680,2024-01,2025-10,20
C04681,2024-09,2024-09,0
C04681,2024-09,2024-10,0
C04681,2024-09,2025-01,3
C04681,2024-09,2025-07,9
C04681,2024-09,2025-11,13
C04682,2024-05,2024-05,0
C04682,2024-05,2024-12,6
C04682,2024-05,2025-07,13
C04683,2024-11,2024-11,0
C04683,2024-11,2025-06,6
C04683,2024-11,2025-08,8
C04684,2024-03,2024-03,0
C04684,2024-03,2025-03,11
C04684,2024-03,2025-04,12
C04685,2024-01,2024-01,0
C04686,2024-03,2024-03,0
C04686,2024-03,2024-08,4
C04686,2024-03,2025-09,17
C04686,2024-03,2025-12,20
C04687,2024-03,2024-03,0
C04687,2024-03,2024-05,1
C04687,2024-03,2024-06,2
C04687,2024-03,2024-10,6
C04687,2024-03,2024-11,7
C04687,2024-03,2025-10,18
C04688,2024-06,2024-06,0
C04689,2024-08,2024-08,0
C04689,2024-08,2025-10,13
C04690,2024-11,2024-11,0
C04690,2024-11,2025-05,5
C04690,2024-11,2025-06,6
C04690,2024-11,2025-09,9
C04691,2024-06,2024-06,0
C04691,2024-06,2024-12,5
C04694,2024-01,2024-01,0
C04694,2024-01,2024-02,1
C04694,2024-01,2024-10,9
C04694,2024-01,2024-11,10
C04694,2024-01,2024-12,11
C04694,2024-01,2025-04,15
C04694,2024-01,2025-07,18
C04695,2024-05,2024-05,0
C04695,2024-05,2024-11,6
C04695,2024-05,2025-02,9
C04697,2024-07,2024-07,0
C04697,2024-07,2025-04,8
C04697,2024-07,2025-06,10
C04697,2024-07,2025-12,16
C04701,2025-01,2025-01,0
C04703,2024-07,2024-07,0
C04703,2024-07,2024-10,2
C04703,2024-07,2024-11,3
C04703,2024-07,2025-11,15
C04704,2024-03,2024-03,0
C04704,2024-03,2024-07,3
C04704,2024-03,2025-11,19
C04705,2024-05,2024-05,0
C04705,2024-05,2024-12,6
C04706,2025-06,2025-06,0
C04707,2024-01,2024-01,0
C04707,2024-01,2024-06,4
C04707,2024-01,2024-12,10
C04707,2024-01,2025-10,20
C04707,2024-01,2025-11,21
C04710,2024-11,2024-11,0
C04711,2024-09,2024-09,0
C04711,2024-09,2024-12,2
C04712,2024-03,2024-03,0
C04712,2024-03,2024-07,3
C04712,2024-03,2025-07,15
C04712,2024-03,2025-10,18
C04712,2024-03,2025-12,20
C04713,2024-01,2024-01,0
C04713,2024-01,2025-04,15
C04714,2024-01,2024-01,0
C04714,2024-01,2024-10,8
C04715,2025-04,2025-04,0
C04716,2024-09,2024-09,0
C04717,2024-10,2024-10,0
C04718,2024-10,2024-10,0
C04720,2025-06,2025-06,0
C04720,2025-06,2025-09,2
C04721,2025-12,2025-12,0
C04722,2024-01,2024-01,0
C04722,2024-01,2024-03,1
C04722,2024-01,2025-06,16
C04724,2024-03,2024-03,0
C04724,2024-03,2024-04,0
C04727,2025-03,2025-03,0
C04728,2024-10,2024-10,0
C04728,2024-10,2025-06,7
C04731,2025-02,2025-02,0
C04732,2024-12,2024-12,0
C04732,2024-12,2025-02,1
C04733,2025-06,2025-06,0
C04734,2024-04,2024-04,0
C04734,2024-04,2025-01,8
C04734,2024-04,2025-05,12
C04735,2024-02,2024-02,0
C04735,2024-02,2024-05,2
C04735,2024-02,2025-05,14
C04735,2024-02,2025-06,15
C04736,2025-10,2025-10,0
C04737,2024-02,2024-02,0
C04737,2024-02,2024-12,9
C04738,2024-03,2024-03,0
C04740,2024-07,2024-07,0
C04742,2025-10,2025-10,0
C04743,2024-01,2024-01,0
C04743,2024-01,2025-04,14
C04743,2024-01,2025-05,15
C04744,2024-02,2024-02,0
C04744,2024-02,2024-05,2
C04744,2024-02,2024-09,6
C04744,2024-02,2025-11,20
C04745,2024-01,2024-01,0
C04748,2024-08,2024-08,0
C04751,2024-03,2024-03,0
C04751,2024-03,2024-09,5
C04751,2024-03,2025-01,9
C04752,2025-05,2025-05,0
C04752,2025-05,2025-07,2
C04752,2025-05,2025-10,5
C04753,2024-05,2024-05,0
C04753,2024-05,2024-07,1
C04753,2024-05,2025-02,8
C04753,2024-05,2025-05,11
C04754,2024-02,2024-02,0
C04754,2024-02,2025-10,19
C04755,2024-06,2024-06,0
C04755,2024-06,2024-08,1
C04755,2024-06,2025-05,10
C04755,2024-06,2025-07,12
C04756,2024-05,2024-05,0
C04756,2024-05,2024-07,1
C04756,2024-05,2025-04,10
C04756,2024-05,2025-05,11
C04756,2024-05,2025-12,18
C04757,2024-09,2024-09,0
C04757,2024-09,2025-12,14
C04759,2025-12,2025-12,0
C04760,2024-06,2024-06,0
C04760,2024-06,2025-05,10
C04760,2024-06,2025-06,11
C04760,2024-06,2025-09,14
C04761,2024-12,2024-12,0
C04761,2024-12,2025-05,4
C04761,2024-12,2025-08,7
C04761,2024-12,2025-09,8
C04762,2024-12,2024-12,0
C04762,2024-12,2025-03,2
C04762,2024-12,2025-10,9
C04763,2025-05,2025-05,0
C04764,2024-08,2024-08,0
C04764,2024-08,2024-10,1
C04764,2024-08,2025-02,5
C04764,2024-08,2025-07,10
C04764,2024-08,2025-09,12
C04765,2024-03,2024-03,0
C04765,2024-03,2024-12,8
C04765,2024-03,2025-06,14
C04765,2024-03,2025-07,15
C04766,2024-12,2024-12,0
C04768,2024-07,2024-07,0
C04768,2024-07,2025-08,12
C04770,2024-06,2024-06,0
C04770,2024-06,2025-12,18
C04771,2025-03,2025-03,0
C04771,2025-03,2025-05,1
C04772,2024-06,2024-06,0
C04772,2024-06,2024-09,2
C04772,2024-06,2024-11,4
C04772,2024-06,2025-04,9
C04772,2024-06,2025-12,17
C04774,2024-01,2024-01,0
C04774,2024-01,2024-05,3
C04774,2024-01,2025-03,13
C04776,2024-04,2024-04,0
C04776,2024-04,2024-07,2
C04778,2024-03,2024-03,0
C04781,2024-02,2024-02,0
C04782,2024-08,2024-08,0
C04782,2024-08,2024-10,1
C04783,2024-09,2024-09,0
C04783,2024-09,2025-01,3
C04783,2024-09,2025-03,5
C04785,2025-02,2025-02,0
C04785,2025-02,2025-07,4
C04786,2025-10,2025-10,0
C04787,2024-02,2024-02,0
C04787,2024-02,2025-06,15
C04791,2024-02,2024-02,0
C04793,2025-04,2025-04,0
C04793,2025-04,2025-08,3
C04793,2025-04,2025-09,4
C04796,2024-01,2024-01,0
C04798,2024-09,2024-09,0
C04798,2024-09,2025-04,6
C04798,2024-09,2025-06,8
C04798,2024-09,2025-11,13
C04799,2024-03,2024-03,0
C04799,2024-03,2024-05,1
C04800,2024-11,2024-11,0
C04800,2024-11,2025-04,4
C04800,2024-11,2025-08,8
C04801,2025-09,2025-09,0
C04801,2025-09,2025-12,2
C04802,2024-03,2024-03,0
C04803,2024-07,2024-07,0
C04803,2024-07,2024-08,0
C04803,2024-07,2024-10,2
C04803,2024-07,2025-02,6
C04804,2024-03,2024-03,0
C04804,2024-03,2024-11,7
C04804,2024-03,2025-03,11
C04805,2025-07,2025-07,0
C04806,2024-02,2024-02,0
C04806,2024-02,2025-03,12
C04807,2025-01,2025-01,0
C04808,2025-07,2025-07,0
C04809,2024-11,2024-11,0
C04810,2024-04,2024-04,0
C04810,2024-04,2024-05,0
C04810,2024-04,2024-10,5
C04810,2024-04,2025-05,12
C04810,2024-04,2025-07,14
C04810,2024-04,2025-10,17
C04811,2024-02,2024-02,0
C04812,2025-02,2025-02,0
C04812,2025-02,2025-07,4
C04813,2025-08,2025-08,0
C04816,2024-07,2024-07,0
C04818,2024-01,2024-01,0
C04818,2024-01,2024-05,3
C04818,2024-01,2024-06,4
C04820,2024-06,2024-06,0
C04820,2024-06,2024-08,1
C04820,2024-06,2024-12,5
C04820,2024-06,2025-03,8
C04820,2024-06,2025-04,9
C04821,2025-05,2025-05,0
C04821,2025-05,2025-06,0
C04822,2024-06,2024-06,0
C04822,2024-06,2025-02,7
C04822,2024-06,2025-10,15
C04823,2025-12,2025-12,0
C04825,2025-03,2025-03,0
C04825,2025-03,2025-04,0
C04825,2025-03,2025-06,2
C04825,2025-03,2025-09,5
C04825,2025-03,2025-12,8
C04826,2025-01,2025-01,0
C04826,2025-01,2025-06,4
C04826,2025-01,2025-08,6
C04829,2024-01,2024-01,0
C04829,2024-01,2025-03,13
C04829,2024-01,2025-08,18
C04830,2024-03,2024-03,0
C04830,2024-03,2025-02,10
C04830,2024-03,2025-10,18
C04831,2024-08,2024-08,0
C04831,2024-08,2024-10,1
C04831,2024-08,2024-11,2
C04831,2024-08,2025-01,4
C04831,2024-08,2025-02,5
C04831,2024-08,2025-06,9
C04831,2024-08,2025-11,14
C04832,2024-03,2024-03,0
C04834,2024-08,2024-08,0
C04834,2024-08,2024-09,0
C04834,2024-08,2025-05,8
C04834,2024-08,2025-10,13
C04835,2024-12,2024-12,0
C04835,2024-12,2025-06,5
C04836,2025-09,2025-09,0
C04836,2025-09,2025-11,1
C04836,2025-09,2025-12,2
C04837,2025-07,2025-07,0
C04839,2025-10,2025-10,0
C04840,2024-07,2024-07,0
C04840,2024-07,2024-08,0
C04840,2024-07,2024-12,4
C04841,2024-07,2024-07,0
C04841,2024-07,2024-12,4
C04842,2024-02,2024-02,0
C04842,2024-02,2024-03,0
C04842,2024-02,2025-02,11
C04842,2024-02,2025-04,13
C04842,2024-02,2025-05,14
C04842,2024-02,2025-06,15
C04842,2024-02,2025-10,19
C04843,2024-03,2024-03,0
C04844,2024-07,2024-07,0
C04845,2024-01,2024-01,0
C04845,2024-01,2024-10,8
C04845,2024-01,2025-01,11
C04846,2025-12,2025-12,0
C04847,2024-06,2024-06,0
C04847,2024-06,2025-06,11
C04847,2024-06,2025-11,16
C04848,2025-04,2025-04,0
C04848,2025-04,2025-09,4
C04848,2025-04,2025-11,6
C04849,2025-02,2025-02,0
C04849,2025-02,2025-06,4
C04850,2025-06,2025-06,0
C04851,2024-03,2024-03,0
C04852,2024-05,2024-05,0
C04854,2024-10,2024-10,0
C04854,2024-10,2024-11,0
C04855,2024-06,2024-06,0
C04855,2024-06,2024-07,0
C04855,2024-06,2025-10,15
C04856,2024-01,2024-01,0
C04856,2024-01,2024-03,1
C04856,2024-01,2024-07,5
C04856,2024-01,2024-09,7
C04856,2024-01,2025-10,20
C04857,2024-07,2024-07,0
C04857,2024-07,2025-04,8
C04859,2025-12,2025-12,0
C04860,2025-01,2025-01,0
C04860,2025-01,2025-08,6
C04861,2024-03,2024-03,0
C04861,2024-03,2024-04,0
C04861,2024-03,2024-09,5
C04861,2024-03,2025-09,17
C04861,2024-03,2025-10,18
C04861,2024-03,2025-11,19
C04862,2024-04,2024-04,0
C04862,2024-04,2025-02,9
C04862,2024-04,2025-05,12
C04862,2024-04,2025-08,15
C04862,2024-04,2025-11,18
C04862,2024-04,2025-12,19
C04864,2024-02,2024-02,0
C04864,2024-02,2024-06,3
C04864,2024-02,2024-08,5
C04864,2024-02,2024-09,6
C04864,2024-02,2025-07,16
C04864,2024-02,2025-12,21
C04865,2024-05,2024-05,0
C04865,2024-05,2025-11,17
C04867,2024-03,2024-03,0
C04867,2024-03,2024-09,5
C04867,2024-03,2025-02,10
C04867,2024-03,2025-03,11
C04868,2024-03,2024-03,0
C04868,2024-03,2024-04,0
C04869,2025-05,2025-05,0
C04870,2024-05,2024-05,0
C04870,2024-05,2024-08,2
C04870,2024-05,2025-10,16
C04871,2025-07,2025-07,0
C04872,2024-05,2024-05,0
C04872,2024-05,2024-06,0
C04872,2024-05,2024-07,1
C04872,2024-05,2024-12,6
C04872,2024-05,2025-12,18
C04873,2024-04,2024-04,0
C04873,2024-04,2025-04,11
C04875,2025-01,2025-01,0
C04875,2025-01,2025-03,1
C04875,2025-01,2025-04,2
C04875,2025-01,2025-06,4
C04878,2024-03,2024-03,0
C04878,2024-03,2024-05,1
C04878,2024-03,2024-11,7
C04878,2024-03,2025-09,17
C04879,2024-01,2024-01,0
C04879,2024-01,2024-02,0
C04879,2024-01,2024-07,5
C04879,2024-01,2025-04,14
C04879,2024-01,2025-05,15
C04879,2024-01,2025-12,22
C04880,2024-08,2024-08,0
C04881,2024-04,2024-04,0
C04882,2024-11,2024-11,0
C04882,2024-11,2024-12,0
C04883,2025-03,2025-03,0
C04884,2024-09,2024-09,0
C04884,2024-09,2025-09,11
C04885,2024-04,2024-04,0
C04885,2024-04,2024-08,3
C04886,2025-08,2025-08,0
C04887,2024-05,2024-05,0
C04887,2024-05,2024-06,0
C04888,2024-07,2024-07,0
C04888,2024-07,2025-02,6
C04891,2024-08,2024-08,0
C04893,2024-04,2024-04,0
C04893,2024-04,2024-06,1
C04894,2025-08,2025-08,0
C04895,2024-04,2024-04,0
C04895,2024-04,2025-09,16
C04896,2025-02,2025-02,0
C04896,2025-02,2025-03,0
C04897,2025-10,2025-10,0
C04898,2025-01,2025-01,0
C04898,2025-01,2025-03,1
C04898,2025-01,2025-05,3
C04898,2025-01,2025-10,8
C04898,2025-01,2025-12,10
C04899,2025-06,2025-06,0
C04900,2024-11,2024-11,0
C04900,2024-11,2025-10,10
C04902,2024-05,2024-05,0
C04902,2024-05,2024-07,1
C04902,2024-05,2024-10,4
C04903,2024-03,2024-03,0
C04903,2024-03,2025-02,10
C04903,2024-03,2025-10,18
C04904,2024-08,2024-08,0
C04907,2024-06,2024-06,0
C04908,2024-04,2024-04,0
C04908,2024-04,2024-06,1
C04908,2024-04,2025-03,10
C04908,2024-04,2025-05,12
C04909,2025-04,2025-04,0
C04910,2024-01,2024-01,0
C04910,2024-01,2025-07,17
C04912,2025-06,2025-06,0
C04912,2025-06,2025-07,0
C04912,2025-06,2025-10,3
C04913,2024-06,2024-06,0
C04913,2024-06,2025-05,10
C04914,2024-01,2024-01,0
C04914,2024-01,2024-10,8
C04914,2024-01,2025-04,14
C04914,2024-01,2025-09,19
C04914,2024-01,2025-11,21
C04915,2024-06,2024-06,0
C04916,2024-11,2024-11,0
C04916,2024-11,2024-12,0
C04916,2024-11,2025-09,9
C04917,2024-02,2024-02,0
C04918,2024-09,2024-09,0
C04918,2024-09,2025-01,3
C04918,2024-09,2025-11,13
C04920,2025-03,2025-03,0
C04921,2025-05,2025-05,0
C04921,2025-05,2025-06,0
C04923,2025-03,2025-03,0
C04925,2024-08,2024-08,0
C04925,2024-08,2024-10,1
C04925,2024-08,2024-12,3
C04925,2024-08,2025-02,5
C04925,2024-08,2025-09,12
C04926,2024-01,2024-01,0
C04926,2024-01,2024-02,0
C04926,2024-01,2024-07,5
C04926,2024-01,2024-09,7
C04926,2024-01,2024-12,10
C04926,2024-01,2025-10,20
C04927,2024-01,2024-01,0
C04927,2024-01,2024-08,6
C04927,2024-01,2025-03,13
C04927,2024-01,2025-09,19
C04928,2024-01,2024-01,0
C04928,2024-01,2024-08,6
C04928,2024-01,2024-11,9
C04928,2024-01,2025-01,11
C04929,2024-03,2024-03,0
C04931,2024-04,2024-04,0
C04931,2024-04,2024-07,2
C04931,2024-04,2024-08,3
C04931,2024-04,2025-01,8
C04931,2024-04,2025-08,15
C04931,2024-04,2025-11,18
C04932,2024-06,2024-06,0
C04932,2024-06,2024-07,0
C04932,2024-06,2025-02,7
C04932,2024-06,2025-08,13
C04934,2024-07,2024-07,0
C04934,2024-07,2024-08,0
C04934,2024-07,2024-12,4
C04935,2024-01,2024-01,0
C04935,2024-01,2025-07,17
C04936,2025-11,2025-11,0
C04937,2024-02,2024-02,0
C04938,2024-05,2024-05,0
C04938,2024-05,2025-05,11
C04938,2024-05,2025-08,14
C04940,2024-02,2024-02,0
C04940,2024-02,2024-09,6
C04941,2025-07,2025-07,0
C04942,2024-04,2024-04,0
C04942,2024-04,2024-09,4
C04942,2024-04,2025-05,12
C04942,2024-04,2025-09,16
C04943,2024-08,2024-08,0
C04943,2024-08,2025-08,11
C04943,2024-08,2025-09,12
C04944,2024-11,2024-11,0
C04944,2024-11,2024-12,0
C04944,2024-11,2025-07,7
C04944,2024-11,2025-12,12
C04945,2024-10,2024-10,0
C04946,2024-06,2024-06,0
C04947,2025-04,2025-04,0
C04948,2025-01,2025-01,0
C04948,2025-01,2025-03,1
C04949,2025-11,2025-11,0
C04950,2024-04,2024-04,0
C04950,2024-04,2024-05,0
C04950,2024-04,2024-11,6
C04950,2024-04,2025-03,10
C04950,2024-04,2025-06,13
C04950,2024-04,2025-08,15
C04951,2024-06,2024-06,0
C04951,2024-06,2025-12,17
C04952,2025-04,2025-04,0
C04952,2025-04,2025-07,2
C04953,2024-01,2024-01,0
C04953,2024-01,2024-10,8
C04953,2024-01,2025-01,11
C04953,2024-01,2025-08,18
C04954,2024-05,2024-05,0
C04955,2024-07,2024-07,0
C04955,2024-07,2024-10,2
C04955,2024-07,2024-12,4
C04955,2024-07,2025-04,8
C04956,2025-03,2025-03,0
C04958,2024-03,2024-03,0
C04958,2024-03,2025-03,11
C04958,2024-03,2025-06,14
C04958,2024-03,2025-08,16
C04959,2025-05,2025-05,0
C04960,2024-01,2024-01,0
C04961,2024-02,2024-02,0
C04963,2025-04,2025-04,0
C04963,2025-04,2025-08,3
C04963,2025-04,2025-09,4
C04963,2025-04,2025-10,5
C04965,2024-06,2024-06,0
C04966,2025-02,2025-02,0
C04968,2024-04,2024-04,0
C04968,2024-04,2024-06,1
C04968,2024-04,2024-10,5
C04969,2024-04,2024-04,0
C04970,2025-05,2025-05,0
C04970,2025-05,2025-10,4
C04971,2025-01,2025-01,0
C04972,2024-01,2024-01,0
C04972,2024-01,2024-03,1
C04973,2025-05,2025-05,0
C04974,2024-07,2024-07,0
C04974,2024-07,2025-02,6
C04974,2024-07,2025-05,9
C04977,2024-03,2024-03,0
C04977,2024-03,2024-08,4
C04977,2024-03,2025-06,14
C04977,2024-03,2025-12,20
C04978,2025-06,2025-06,0
C04978,2025-06,2025-12,5
C04980,2024-07,2024-07,0
C04980,2024-07,2025-03,7
C04980,2024-07,2025-05,9
C04980,2024-07,2025-12,16
C04981,2025-08,2025-08,0
C04982,2024-06,2024-06,0
C04982,2024-06,2025-06,11
C04983,2024-06,2024-06,0
C04984,2025-05,2025-05,0
C04985,2025-08,2025-08,0
C04986,2024-05,2024-05,0
C04987,2024-07,2024-07,0
C04988,2024-02,2024-02,0
C04988,2024-02,2024-04,1
C04988,2024-02,2024-09,6
C04988,2024-02,2025-09,18
C04988,2024-02,2025-12,21
C04989,2024-01,2024-01,0
C04989,2024-01,2024-03,1
C04989,2024-01,2024-09,7
C04989,2024-01,2024-12,10
C04989,2024-01,2025-03,13
C04989,2024-01,2025-04,14
C04989,2024-01,2025-05,15
C04989,2024-01,2025-11,21
C04990,2025-10,2025-10,0
C04993,2024-04,2024-04,0
C04993,2024-04,2025-03,10
C04994,2024-03,2024-03,0
C04994,2024-03,2025-04,12
C04994,2024-03,2025-09,17
C04996,2024-06,2024-06,0
C04996,2024-06,2024-12,5
C04996,2024-06,2025-02,7
C04997,2024-02,2024-02,0
C04997,2024-02,2024-08,5
C04997,2024-02,2025-03,12
C04998,2024-08,2024-08,0
C04998,2024-08,2025-01,5
C04998,2024-08,2025-02,6
C04998,2024-08,2025-05,9
C05000,2024-01,2024-01,0
C05000,2024-01,2024-10,8
C05000,2024-01,2025-06,16
C05000,2024-01,2025-12,22
