Customer_ID,order_month
C00001,2025-08
C00002,2024-01
C00002,2024-07
C00002,2025-04
C00002,2025-05
C00002,2025-06
C00003,2024-10
C00003,2025-03
C00003,2025-10
C00004,2024-06
C00005,2024-07
C00006,2024-07
C00006,2024-08
C00006,2024-09
C00006,2024-10
C00006,2025-02
C00006,2025-10
C00007,2025-08
C00007,2025-11
C00008,2024-06
C00008,2024-10
C00008,2024-12
C00008,2025-01
C00008,2025-05
C00009,2024-08
C00009,2024-12
C00010,2024-06
C00010,2025-01
C00010,2025-06
C00010,2025-09
C00011,2025-08
C00011,2025-12
C00012,2024-06
C00012,2024-11
C00012,2025-01
C00012,2025-05
C00012,2025-10
C00014,2025-07
C00016,2024-01
C00016,2024-02
C00016,2024-11
C00016,2025-05
C00017,2024-02
C00017,2024-12
C00018,2025-09
C00018,2025-10
C00018,2025-11
C00019,2024-02
C00020,2025-01
C00021,2025-01
C00021,2025-06
C00022,2024-01
C00022,2024-02
C00022,2024-12
C00022,2025-03
C00022,2025-07
C00024,2024-09
C00024,2025-04
C00024,2025-08
C00024,2025-09
C00025,2024-01
C00025,2025-04
C00026,2024-02
C00026,2024-05
C00026,2025-01
C00027,2025-05
C00029,2024-05
C00029,2024-07
C00029,2025-06
C00030,2024-08
C00030,2025-09
C00031,2024-03
C00031,2024-08
C00031,2025-02
C00031,2025-03
C00032,2025-02
C00033,2025-04
C00034,2024-08
C00034,2025-02
C00035,2024-02
C00035,2025-01
C00035,2025-09
C00036,2024-07
C00036,2025-03
C00036,2025-11
C00037,2025-09
C00038,2025-02
C00038,2025-07
C00039,2024-04
C00039,2024-11
C00039,2024-12
C00039,2025-03
C00039,2025-06
C00039,2025-10
C00039,2025-12
C00040,2025-12
C00043,2025-11
C00044,2024-07
C00044,2024-12
C00044,2025-04
C00044,2025-11
C00044,2025-12
C00047,2024-08
C00047,2025-04
C00047,2025-10
C00047,2025-11
C00048,2024-09
C00050,2024-02
C00050,2025-06
C00050,2025-11
C00051,2024-06
C00051,2025-06
C00051,2025-08
C00052,2024-05
C00052,2024-10
C00052,2025-01
C00052,2025-05
C00052,2025-10
C00053,2025-08
C00054,2025-09
C00055,2024-02
C00055,2025-05
C00055,2025-12
C00056,2024-06
C00056,2024-09
C00056,2025-02
C00057,2024-04
C00057,2024-09
C00057,2025-09
C00058,2024-10
C00058,2025-07
C00060,2025-12
C00062,2024-09
C00065,2024-07
C00065,2024-10
C00065,2025-11
C00067,2025-02
C00071,2024-03
C00071,2024-06
C00071,2024-11
C00073,2025-04
C00074,2024-07
C00074,2024-08
C00074,2025-03
C00075,2024-11
C00075,2025-01
C00075,2025-03
C00076,2024-07
C00077,2024-02
C00078,2024-07
C00078,2024-09
C00078,2024-11
C00078,2025-05
C00079,2024-04
C00079,2024-05
C00079,2025-09
C00080,2024-06
C00080,2025-01
C00081,2025-05
C00082,2024-03
C00082,2024-08
C00082,2025-08
C00082,2025-09
C00083,2024-07
C00083,2024-09
C00084,2024-04
C00085,2025-08
C00086,2024-02
C00086,2024-03
C00086,2024-05
C00086,2024-07
C00086,2024-10
C00086,2025-02
C00086,2025-03
C00086,2025-04
C00086,2025-08
C00087,2024-07
C00087,2025-03
C00087,2025-12
C00088,2024-02
C00088,2024-07
C00088,2025-12
C00089,2024-06
C00090,2025-07
C00091,2025-11
C00092,2025-08
C00093,2024-01
C00094,2025-12
C00097,2024-10
C00098,2024-05
C00098,2024-07
C00098,2024-12
C00098,2025-05
C00100,2025-03
C00100,2025-11
C00103,2024-05
C00104,2025-03
C00106,2025-08
C00106,2025-09
C00107,2024-05
C00107,2024-06
C00107,2025-10
C00107,2025-12
C00108,2024-02
C00108,2024-05
C00108,2024-08
C00108,2025-02
C00108,2025-05
C00108,2025-08
C00109,2024-01
C00109,2024-02
C00109,2024-11
C00109,2025-11
C00110,2024-05
C00110,2024-09
C00110,2024-10
C00110,2025-03
C00110,2025-11
C00112,2024-02
C00112,2025-04
C00112,2025-05
C00112,2025-09
C00113,2025-12
C00115,2024-08
C00115,2024-11
C00116,2024-05
C00116,2024-12
C00117,2024-06
C00117,2025-09
C00118,2024-10
C00120,2024-03
C00120,2024-12
C00120,2025-06
C00121,2024-01
C00121,2024-02
C00121,2024-06
C00121,2024-08
C00121,2024-12
C00121,2025-01
C00121,2025-06
C00122,2024-02
C00122,2024-08
C00122,2025-06
C00124,2024-09
C00126,2024-02
C00127,2024-03
C00127,2025-07
C00128,2024-03
C00128,2024-07
C00128,2025-08
C00129,2025-06
C00130,2024-09
C00130,2025-07
C00130,2025-12
C00131,2024-01
C00131,2024-02
C00131,2024-09
C00132,2025-08
C00133,2024-01
C00133,2025-01
C00133,2025-11
C00134,2024-05
C00134,2024-06
C00134,2025-08
C00135,2024-08
C00135,2024-10
C00135,2025-11
C00136,2024-01
C00138,2024-02
C00139,2025-02
C00139,2025-03
C00140,2024-01
C00140,2024-03
C00140,2024-04
C00140,2024-08
C00140,2025-01
C00140,2025-08
C00140,2025-10
C00141,2025-01
C00141,2025-10
C00142,2024-07
C00142,2025-05
C00142,2025-07
C00143,2024-12
C00143,2025-03
C00144,2024-08
C00144,2025-01
C00145,2025-12
C00146,2024-03
C00146,2024-04
C00146,2024-05
C00146,2024-06
C00146,2025-07
C00146,2025-11
C00147,2024-02
C00147,2024-04
C00147,2025-01
C00148,2024-03
C00148,2025-06
C00149,2024-03
C00149,2025-06
C00150,2024-07
C00150,2024-10
C00151,2024-02
C00151,2024-04
C00151,2024-10
C00151,2025-06
C00151,2025-09
C00152,2024-04
C00152,2024-05
C00152,2025-04
C00152,2025-12
C00154,2024-03
C00154,2024-04
C00154,2024-06
C00154,2024-10
C00154,2025-05
C00155,2024-01
C00155,2024-04
C00155,2024-08
C00156,2024-10
C00157,2025-03
C00157,2025-06
C00158,2024-11
C00158,2025-06
C00159,2024-03
C00160,2024-01
C00160,2024-08
C00160,2025-07
C00160,2025-11
C00162,2024-02
C00163,2025-03
C00164,2025-02
C00164,2025-08
C00165,2024-04
C00166,2024-08
C00167,2025-05
C00167,2025-12
C00168,2024-04
C00168,2024-10
C00168,2025-08
C00169,2024-11
C00169,2025-06
C00169,2025-08
C00169,2025-11
C00170,2024-02
C00170,2024-03
C00170,2024-04
C00170,2024-06
C00170,2025-07
C00172,2024-03
C00172,2024-06
C00172,2024-09
C00172,2025-07
C00172,2025-10
C00172,2025-11
C00173,2024-01
C00173,2024-12
C00174,2025-10
C00175,2024-02
C00175,2025-04
C00176,2024-02
C00176,2024-08
C00177,2025-08
C00179,2024-07
C00179,2025-11
C00180,2024-04
C00180,2025-03
C00180,2025-12
C00182,2024-01
C00183,2024-03
C00183,2024-11
C00183,2025-01
C00183,2025-02
C00183,2025-06
C00183,2025-07
C00183,2025-09
C00184,2025-01
C00184,2025-12
C00186,2024-06
C00187,2024-04
C00187,2024-06
C00187,2025-02
C00187,2025-04
C00187,2025-12
C00188,2024-01
C00188,2025-02
C00188,2025-04
C00189,2024-11
C00190,2024-02
C00191,2024-05
C00191,2024-06
C00191,2025-04
C00192,2024-01
C00192,2024-09
C00192,2024-10
C00192,2025-06
C00192,2025-11
C00193,2025-09
C00194,2024-07
C00194,2024-11
C00194,2025-01
C00194,2025-07
C00195,2025-04
C00196,2024-08
C00196,2024-12
C00196,2025-05
C00197,2025-11
C00198,2024-09
C00198,2024-11
C00198,2025-12
C00200,2025-05
C00200,2025-08
C00201,2024-07
C00201,2025-02
C00201,2025-03
C00201,2025-04
C00201,2025-08
C00202,2024-12
C00203,2024-01
C00203,2024-06
C00203,2025-03
C00203,2025-07
C00205,2024-04
C00205,2025-03
C00207,2024-01
C00207,2024-09
C00207,2025-05
C00207,2025-07
C00207,2025-10
C00208,2024-05
C00208,2024-12
C00208,2025-09
C00210,2025-11
C00212,2024-04
C00212,2024-12
C00212,2025-01
C00212,2025-05
C00213,2024-03
C00213,2025-05
C00213,2025-10
C00214,2024-07
C00214,2025-06
C00215,2024-08
C00215,2025-10
C00215,2025-11
C00215,2025-12
C00217,2024-05
C00217,2024-06
C00217,2024-09
C00219,2024-01
C00219,2024-03
C00220,2024-02
C00220,2025-03
C00220,2025-07
C00222,2025-03
C00223,2025-03
C00224,2024-02
C00224,2025-03
C00225,2024-11
C00225,2025-01
C00225,2025-08
C00225,2025-12
C00227,2024-11
C00227,2025-03
C00227,2025-05
C00228,2024-01
C00228,2024-07
C00228,2025-11
C00229,2024-02
C00229,2024-03
C00229,2024-10
C00230,2024-02
C00230,2024-06
C00231,2024-05
C00231,2024-12
C00232,2024-07
C00234,2024-08
C00235,2025-04
C00236,2024-12
C00237,2024-07
C00239,2025-06
C00239,2025-10
C00240,2024-08
C00240,2024-10
C00242,2025-01
C00244,2025-08
C00244,2025-09
C00245,2024-02
C00245,2024-04
C00245,2024-09
C00245,2024-10
C00245,2024-11
C00245,2025-08
C00245,2025-09
C00245,2025-11
C00247,2025-11
C00248,2024-09
C00249,2024-06
C00249,2025-08
C00249,2025-11
C00251,2025-03
C00252,2024-07
C00252,2025-03
C00253,2024-02
C00253,2024-09
C00253,2025-09
C00253,2025-11
C00254,2024-07
C00256,2024-04
C00256,2024-06
C00256,2024-09
C00256,2024-10
C00256,2025-09
C00258,2024-04
C00260,2025-04
C00261,2024-08
C00261,2025-10
C00261,2025-11
C00262,2024-03
C00262,2024-09
C00262,2024-11
C00262,2024-12
C00263,2024-03
C00263,2025-07
C00265,2024-01
C00266,2024-11
C00266,2025-05
C00267,2024-11
C00269,2024-03
C00269,2024-05
C00269,2024-07
C00269,2024-09
C00269,2024-10
C00269,2025-07
C00269,2025-11
C00270,2025-06
C00271,2025-07
C00273,2025-07
C00274,2024-04
C00275,2024-07
C00275,2024-12
C00275,2025-01
C00275,2025-10
C00276,2025-03
C00278,2024-01
C00278,2024-02
C00278,2024-11
C00278,2025-05
C00279,2025-05
C00280,2024-03
C00280,2025-03
C00280,2025-04
C00281,2024-11
C00281,2025-04
C00282,2024-11
C00282,2025-04
C00283,2025-05
C00284,2024-10
C00284,2025-01
C00285,2025-03
C00285,2025-04
C00285,2025-12
C00286,2024-12
C00288,2024-06
C00288,2024-10
C00288,2025-07
C00288,2025-08
C00289,2024-01
C00289,2024-04
C00291,2024-10
C00292,2024-09
C00292,2024-12
C00293,2024-06
C00295,2024-09
C00295,2025-01
C00295,2025-06
C00295,2025-09
C00296,2025-07
C00297,2025-02
C00298,2024-11
C00299,2024-05
C00300,2025-05
C00300,2025-09
C00300,2025-11
C00301,2024-02
C00302,2024-02
C00302,2024-05
C00302,2025-08
C00303,2024-12
C00304,2024-04
C00304,2024-07
C00304,2025-02
C00304,2025-03
C00305,2025-10
C00305,2025-12
C00309,2024-10
C00309,2025-08
C00309,2025-11
C00310,2024-02
C00310,2024-04
C00310,2024-08
C00310,2025-04
C00310,2025-06
C00311,2024-07
C00311,2024-08
C00311,2025-02
C00312,2024-01
C00312,2024-10
C00313,2024-06
C00315,2024-05
C00317,2025-01
C00318,2024-02
C00318,2025-09
C00318,2025-12
C00319,2024-01
C00320,2024-04
C00320,2025-06
C00320,2025-07
C00320,2025-08
C00320,2025-09
C00321,2024-07
C00323,2024-04
C00323,2024-10
C00323,2025-01
C00323,2025-02
C00323,2025-12
C00324,2024-04
C00324,2024-05
C00324,2024-08
C00324,2025-01
C00325,2024-11
C00326,2024-09
C00326,2024-12
C00326,2025-03
C00326,2025-10
C00327,2025-09
C00328,2024-12
C00328,2025-09
C00328,2025-11
C00329,2024-11
C00329,2025-04
C00330,2024-02
C00330,2025-05
C00330,2025-06
C00330,2025-12
C00331,2025-07
C00332,2025-02
C00332,2025-07
C00334,2024-01
C00334,2025-03
C00334,2025-06
C00334,2025-07
C00335,2024-01
C00336,2025-09
C00337,2025-02
C00337,2025-10
C00338,2024-10
C00338,2025-02
C00338,2025-04
C00338,2025-05
C00339,2024-01
C00339,2025-06
C00339,2025-07
C00340,2025-01
C00340,2025-09
C00341,2025-09
C00342,2025-07
C00343,2024-03
C00343,2024-04
C00343,2025-03
C00343,2025-05
C00343,2025-07
C00343,2025-08
C00343,2025-09
C00344,2024-10
C00344,2025-09
C00345,2025-06
C00345,2025-07
C00345,2025-09
C00346,2025-12
C00348,2025-04
C00350,2024-03
C00350,2024-05
C00350,2024-11
C00350,2025-11
C00351,2025-03
C00351,2025-06
C00351,2025-11
C00352,2024-02
C00352,2024-10
C00352,2025-08
C00353,2024-02
C00353,2024-07
C00353,2024-08
C00353,2025-04
C00353,2025-09
C00354,2024-08
C00354,2025-12
C00357,2024-07
C00358,2024-03
C00358,2025-01
C00358,2025-03
C00359,2024-05
C00360,2024-11
C00360,2025-12
C00361,2024-11
C00361,2025-05
C00361,2025-07
C00361,2025-09
C00364,2024-05
C00365,2025-01
C00365,2025-07
C00366,2024-02
C00366,2024-03
C00366,2024-05
C00366,2025-03
C00366,2025-05
C00366,2025-06
C00366,2025-07
C00366,2025-12
C00367,2025-05
C00368,2024-09
C00368,2025-01
C00369,2024-03
C00369,2024-05
C00369,2024-06
C00369,2025-07
C00369,2025-09
C00369,2025-12
C00373,2024-07
C00375,2024-06
C00375,2024-12
C00375,2025-01
C00375,2025-07
C00375,2025-09
C00376,2024-03
C00376,2024-07
C00377,2024-01
C00377,2024-11
C00378,2024-08
C00378,2025-09
C00378,2025-10
C00378,2025-12
C00379,2024-01
C00379,2024-04
C00379,2024-08
C00379,2025-04
C00379,2025-06
C00380,2024-10
C00380,2025-04
C00380,2025-06
C00380,2025-11
C00381,2024-07
C00381,2025-03
C00381,2025-07
C00381,2025-10
C00382,2024-02
C00382,2025-05
C00382,2025-08
C00382,2025-10
C00383,2024-04
C00383,2025-09
C00384,2024-11
C00384,2025-05
C00384,2025-11
C00385,2024-03
C00385,2024-12
C00385,2025-05
C00385,2025-06
C00386,2024-01
C00387,2024-12
C00387,2025-02
C00387,2025-04
C00387,2025-07
C00387,2025-08
C00388,2024-02
C00388,2024-09
C00388,2025-04
C00389,2024-09
C00389,2025-11
C00391,2024-06
C00392,2025-01
C00393,2024-01
C00393,2024-04
C00393,2024-05
C00393,2024-08
C00393,2025-09
C00394,2024-08
C00395,2024-04
C00395,2024-09
C00395,2024-12
C00395,2025-01
C00395,2025-12
C00398,2025-08
C00398,2025-10
C00399,2024-11
C00401,2024-03
C00401,2024-06
C00401,2025-01
C00401,2025-08
C00401,2025-12
C00403,2024-01
C00403,2024-05
C00403,2025-03
C00403,2025-10
C00404,2024-09
C00404,2024-11
C00404,2025-10
C00406,2024-01
C00406,2024-06
C00406,2024-07
C00406,2024-12
C00406,2025-04
C00406,2025-12
C00407,2025-08
C00408,2024-08
C00409,2024-07
C00409,2025-03
C00409,2025-06
C00409,2025-11
C00410,2025-05
C00410,2025-11
C00411,2024-09
C00412,2025-10
C00413,2024-04
C00413,2024-11
C00414,2024-04
C00414,2024-05
C00414,2024-11
C00414,2025-03
C00414,2025-04
C00414,2025-12
C00417,2025-08
C00418,2024-05
C00418,2024-08
C00418,2025-08
C00419,2024-02
C00419,2024-08
C00419,2025-05
C00419,2025-11
C00420,2024-02
C00420,2024-10
C00420,2024-12
C00420,2025-05
C00420,2025-11
C00422,2024-09
C00423,2024-05
C00423,2025-02
C00423,2025-09
C00423,2025-10
C00424,2025-02
C00424,2025-03
C00425,2024-02
C00425,2024-04
C00425,2024-05
C00425,2025-04
C00426,2025-07
C00426,2025-09
C00427,2024-08
C00427,2025-07
C00429,2024-06
C00431,2024-03
C00431,2024-05
C00431,2025-04
C00431,2025-11
C00433,2025-03
C00435,2025-02
C00435,2025-08
C00435,2025-09
C00435,2025-10
C00439,2024-03
C00439,2024-08
C00439,2025-03
C00439,2025-09
C00440,2024-02
C00440,2025-06
C00440,2025-09
C00440,2025-10
C00442,2024-11
C00442,2025-08
C00443,2024-10
C00443,2025-11
C00445,2025-05
C00446,2024-06
C00447,2025-10
C00448,2025-01
C00448,2025-03
C00448,2025-06
C00448,2025-07
C00449,2024-06
C00449,2024-11
C00449,2025-09
C00449,2025-12
C00450,2024-04
C00450,2025-08
C00450,2025-11
C00451,2024-01
C00451,2025-11
C00452,2024-06
C00452,2025-04
C00453,2024-07
C00453,2024-12
C00453,2025-03
C00453,2025-10
C00455,2024-03
C00455,2024-08
C00455,2024-10
C00455,2024-11
C00455,2025-06
C00456,2024-08
C00456,2024-12
C00457,2025-08
C00458,2024-03
C00459,2024-09
C00460,2025-02
C00462,2024-02
C00462,2024-06
C00462,2025-01
C00462,2025-05
C00463,2024-06
C00463,2025-06
C00464,2024-05
C00465,2024-02
C00465,2024-10
C00465,2024-12
C00465,2025-08
C00466,2024-04
C00466,2024-07
C00467,2024-06
C00468,2024-09
C00468,2025-03
C00469,2024-04
C00469,2025-01
C00469,2025-05
C00469,2025-09
C00470,2024-02
C00470,2024-09
C00471,2025-02
C00472,2024-03
C00472,2024-10
C00472,2025-09
C00473,2025-10
C00473,2025-12
C00474,2024-02
C00475,2024-08
C00475,2024-09
C00475,2024-11
C00475,2025-02
C00476,2024-06
C00476,2024-11
C00476,2025-05
C00476,2025-11
C00477,2024-09
C00477,2024-11
C00477,2025-04
C00477,2025-08
C00477,2025-11
C00479,2024-01
C00480,2024-01
C00480,2024-11
C00481,2024-10
C00481,2025-08
C00482,2025-09
C00483,2024-09
C00483,2024-12
C00484,2025-02
C00484,2025-07
C00484,2025-09
C00485,2025-05
C00487,2024-11
C00487,2024-12
C00488,2024-03
C00488,2025-11
C00490,2025-04
C00491,2024-07
C00491,2025-12
C00492,2025-02
C00492,2025-03
C00492,2025-06
C00492,2025-08
C00493,2024-02
C00493,2025-09
C00493,2025-12
C00494,2024-02
C00494,2024-07
C00494,2024-08
C00495,2024-05
C00496,2024-06
C00496,2025-05
C00497,2024-09
C00497,2024-12
C00497,2025-01
C00497,2025-06
C00499,2024-04
C00499,2024-09
C00499,2025-06
C00499,2025-11
C00500,2025-11
C00500,2025-12
C00501,2025-03
C00501,2025-05
C00502,2025-01
C00502,2025-02
C00503,2025-01
C00504,2024-11
C00504,2025-08
C00505,2024-01
C00505,2024-11
C00505,2025-03
C00505,2025-05
C00505,2025-12
C00506,2024-03
C00506,2025-01
C00506,2025-05
C00508,2024-02
C00508,2024-04
C00508,2024-09
C00508,2024-12
C00508,2025-03
C00508,2025-08
C00508,2025-12
C00509,2024-08
C00509,2025-11
C00511,2024-05
C00512,2024-05
C00512,2025-04
C00513,2024-04
C00513,2024-10
C00515,2025-05
C00515,2025-12
C00516,2024-04
C00516,2025-03
C00517,2025-11
C00518,2024-03
C00518,2024-05
C00518,2024-06
C00518,2025-01
C00520,2024-02
C00520,2024-04
C00520,2024-06
C00520,2025-03
C00520,2025-05
C00520,2025-08
C00523,2024-02
C00523,2024-11
C00523,2025-05
C00523,2025-06
C00524,2024-01
C00525,2024-07
C00526,2024-08
C00526,2025-08
C00526,2025-09
C00527,2025-09
C00528,2024-03
C00528,2024-09
C00528,2025-10
C00528,2025-12
C00529,2024-07
C00529,2024-09
C00529,2025-03
C00529,2025-08
C00530,2024-03
C00530,2025-03
C00530,2025-06
C00531,2024-01
C00531,2024-06
C00531,2024-12
C00531,2025-01
C00531,2025-11
C00532,2024-04
C00532,2025-06
C00532,2025-08
C00533,2024-03
C00533,2024-04
C00533,2024-05
C00533,2024-09
C00534,2025-06
C00534,2025-09
C00535,2024-02
C00536,2024-05
C00536,2024-09
C00539,2024-03
C00539,2024-05
C00540,2024-04
C00540,2024-06
C00540,2024-08
C00540,2025-06
C00540,2025-07
C00540,2025-10
C00541,2024-11
C00541,2025-07
C00542,2025-12
C00543,2024-01
C00544,2024-10
C00544,2024-11
C00544,2025-05
C00545,2025-12
C00546,2024-03
C00547,2025-01
C00548,2024-01
C00548,2024-02
C00548,2024-07
C00548,2024-11
C00548,2024-12
C00548,2025-10
C00549,2024-01
C00549,2024-06
C00549,2025-02
C00549,2025-10
C00549,2025-11
C00550,2024-05
C00551,2024-03
C00551,2024-06
C00551,2025-12
C00552,2024-07
C00552,2025-12
C00557,2024-03
C00557,2024-07
C00557,2024-12
C00557,2025-07
C00558,2024-07
C00558,2025-10
C00559,2024-12
C00559,2025-04
C00560,2025-09
C00561,2024-03
C00562,2024-04
C00562,2025-01
C00563,2024-09
C00565,2024-06
C00565,2024-07
C00565,2024-10
C00565,2025-02
C00565,2025-07
C00565,2025-11
C00566,2025-03
C00566,2025-11
C00567,2024-02
C00567,2025-02
C00567,2025-07
C00567,2025-09
C00568,2025-05
C00569,2024-05
C00570,2024-10
C00570,2025-09
C00570,2025-12
C00572,2024-10
C00572,2024-12
C00575,2024-12
C00577,2024-05
C00577,2024-07
C00578,2024-07
C00578,2025-03
C00578,2025-12
C00579,2024-01
C00579,2024-02
C00579,2024-07
C00579,2024-09
C00579,2025-01
C00579,2025-02
C00580,2025-08
C00581,2024-03
C00581,2024-05
C00581,2024-10
C00581,2025-07
C00581,2025-11
C00582,2024-02
C00582,2025-08
C00583,2024-09
C00584,2024-03
C00584,2024-07
C00584,2024-12
C00584,2025-08
C00585,2025-03
C00585,2025-05
C00587,2024-08
C00587,2024-11
C00589,2024-06
C00589,2025-01
C00589,2025-02
C00589,2025-11
C00590,2025-03
C00590,2025-11
C00591,2024-04
C00591,2025-06
C00591,2025-10
C00593,2024-08
C00594,2024-04
C00595,2025-11
C00597,2025-01
C00597,2025-06
C00598,2024-11
C00598,2025-05
C00599,2025-02
C00600,2024-10
C00600,2025-09
C00601,2025-07
C00602,2024-05
C00603,2025-07
C00604,2024-01
C00604,2024-12
C00604,2025-09
C00605,2024-06
C00605,2025-10
C00606,2024-04
C00606,2024-11
C00607,2024-03
C00607,2024-05
C00607,2025-01
C00607,2025-04
C00608,2024-08
C00609,2024-02
C00609,2025-03
C00609,2025-10
C00609,2025-11
C00612,2024-04
C00612,2024-06
C00612,2024-11
C00617,2024-03
C00617,2025-01
C00618,2025-08
C00619,2024-05
C00619,2025-05
C00620,2024-03
C00621,2024-03
C00622,2024-01
C00622,2024-10
C00622,2025-02
C00622,2025-08
C00624,2024-02
C00624,2024-03
C00624,2024-08
C00624,2025-04
C00624,2025-12
C00625,2024-03
C00625,2024-07
C00625,2024-10
C00625,2024-12
C00626,2025-01
C00626,2025-05
C00626,2025-12
C00627,2024-04
C00627,2024-05
C00627,2024-08
C00627,2025-05
C00627,2025-07
C00628,2024-04
C00628,2024-09
C00628,2025-09
C00630,2024-10
C00631,2024-03
C00632,2024-03
C00632,2024-12
C00632,2025-02
C00632,2025-06
C00632,2025-10
C00635,2024-08
C00635,2024-09
C00635,2025-09
C00636,2024-03
C00636,2024-11
C00636,2025-11
C00638,2024-03
C00638,2024-11
C00638,2025-02
C00638,2025-09
C00640,2024-05
C00640,2024-09
C00640,2024-12
C00640,2025-01
C00640,2025-02
C00640,2025-09
C00641,2025-03
C00642,2025-05
C00642,2025-10
C00643,2025-04
C00644,2024-03
C00644,2025-12
C00645,2024-01
C00645,2025-12
C00646,2025-01
C00647,2024-06
C00647,2024-07
C00648,2024-01
C00648,2025-02
C00650,2024-09
C00650,2025-04
C00651,2024-06
C00651,2025-08
C00651,2025-10
C00652,2025-05
C00653,2024-11
C00654,2024-09
C00654,2025-09
C00655,2024-09
C00655,2025-06
C00655,2025-08
C00656,2024-07
C00656,2025-08
C00657,2024-05
C00657,2024-07
C00657,2024-12
C00657,2025-04
C00657,2025-10
C00659,2025-02
C00660,2024-03
C00660,2024-10
C00660,2025-07
C00661,2024-03
C00662,2024-11
C00663,2025-04
C00665,2024-06
C00665,2025-01
C00665,2025-07
C00665,2025-09
C00666,2024-01
C00667,2024-05
C00667,2024-06
C00667,2025-09
C00668,2024-01
C00669,2024-02
C00669,2025-09
C00670,2024-03
C00670,2024-04
C00671,2025-02
C00671,2025-06
C00671,2025-08
C00673,2024-01
C00673,2024-08
C00673,2025-05
C00673,2025-06
C00675,2024-02
C00675,2024-04
C00676,2024-07
C00676,2025-01
C00677,2024-03
C00677,2024-05
C00677,2024-06
C00678,2024-09
C00678,2025-08
C00678,2025-12
C00679,2024-06
C00681,2024-12
C00681,2025-07
C00683,2024-03
C00683,2024-08
C00684,2024-01
C00685,2024-04
C00685,2025-10
C00686,2024-08
C00687,2025-08
C00689,2024-01
C00689,2024-10
C00689,2025-05
C00690,2024-09
C00690,2025-05
C00691,2024-06
C00691,2024-07
C00691,2025-04
C00693,2024-03
C00693,2024-11
C00695,2025-12
C00696,2024-02
C00696,2025-09
C00698,2024-05
C00698,2025-02
C00698,2025-07
C00698,2025-11
C00699,2024-03
C00699,2025-04
C00699,2025-06
C00699,2025-12
C00700,2024-03
C00700,2025-07
C00701,2025-04
C00702,2024-07
C00702,2025-03
C00702,2025-06
C00703,2024-02
C00703,2024-03
C00703,2025-02
C00704,2024-08
C00705,2025-01
C00709,2024-04
C00709,2024-07
C00709,2024-11
C00709,2025-04
C00710,2024-03
C00711,2024-08
C00711,2025-05
C00712,2025-11
C00713,2024-03
C00713,2024-10
C00713,2024-11
C00714,2024-01
C00714,2024-09
C00714,2025-11
C00715,2024-08
C00715,2025-01
C00715,2025-09
C00716,2024-03
C00716,2024-04
C00716,2024-10
C00716,2024-11
C00716,2025-04
C00719,2024-10
C00719,2025-01
C00719,2025-04
C00719,2025-08
C00719,2025-11
C00720,2024-03
C00721,2024-03
C00721,2025-04
C00721,2025-05
C00722,2025-05
C00722,2025-11
C00723,2024-09
C00723,2025-05
C00723,2025-08
C00724,2024-03
C00724,2024-07
C00724,2025-01
C00724,2025-04
C00725,2024-02
C00725,2024-09
C00726,2024-03
C00726,2024-04
C00726,2025-02
C00728,2024-03
C00728,2025-03
C00728,2025-09
C00729,2024-09
C00730,2024-10
C00730,2025-02
C00731,2024-02
C00731,2024-06
C00733,2024-07
C00733,2024-08
C00733,2024-11
C00734,2024-11
C00735,2024-02
C00735,2024-05
C00738,2024-01
C00738,2025-11
C00739,2024-01
C00739,2024-12
C00739,2025-05
C00739,2025-09
C00739,2025-11
C00742,2024-12
C00742,2025-07
C00743,2024-04
C00743,2024-06
C00744,2024-07
C00744,2025-03
C00744,2025-04
C00744,2025-06
C00744,2025-10
C00744,2025-11
C00746,2024-04
C00746,2025-07
C00747,2024-01
C00749,2024-08
C00750,2025-02
C00750,2025-03
C00750,2025-04
C00750,2025-05
C00750,2025-06
C00750,2025-08
C00750,2025-10
C00750,2025-11
C00753,2024-04
C00753,2025-12
C00755,2024-11
C00755,2025-01
C00755,2025-05
C00756,2025-04
C00757,2024-03
C00757,2024-06
C00757,2024-08
C00757,2024-09
C00757,2024-10
C00757,2025-09
C00758,2024-01
C00758,2025-01
C00760,2024-03
C00760,2025-05
C00760,2025-08
C00760,2025-10
C00762,2025-08
C00763,2024-10
C00763,2025-04
C00765,2024-01
C00765,2024-02
C00765,2025-03
C00766,2025-11
C00767,2024-07
C00768,2024-03
C00768,2024-04
C00768,2025-02
C00768,2025-05
C00768,2025-12
C00769,2025-03
C00770,2025-04
C00770,2025-12
C00772,2024-06
C00772,2024-12
C00773,2024-07
C00773,2024-09
C00773,2025-01
C00773,2025-03
C00773,2025-06
C00773,2025-10
C00774,2024-10
C00775,2025-02
C00776,2024-12
C00779,2024-02
C00779,2025-10
C00779,2025-12
C00780,2024-03
C00780,2024-06
C00781,2024-07
C00782,2024-05
C00782,2024-07
C00782,2024-09
C00783,2024-03
C00785,2024-07
C00785,2024-10
C00785,2025-03
C00785,2025-10
C00785,2025-12
C00786,2024-03
C00786,2024-05
C00786,2024-11
C00786,2025-12
C00787,2025-02
C00787,2025-03
C00788,2025-09
C00788,2025-11
C00790,2024-05
C00790,2025-08
C00790,2025-09
C00791,2024-12
C00791,2025-02
C00791,2025-10
C00792,2024-10
C00795,2024-07
C00795,2025-05
C00796,2025-12
C00797,2024-03
C00797,2024-04
C00797,2024-11
C00797,2025-05
C00797,2025-07
C00797,2025-08
C00798,2024-10
C00798,2025-04
C00799,2024-09
C00800,2024-05
C00800,2024-07
C00800,2025-03
C00800,2025-05
C00800,2025-09
C00802,2024-08
C00805,2024-01
C00805,2024-07
C00805,2024-11
C00806,2024-02
C00806,2024-06
C00806,2024-08
C00806,2024-11
C00806,2025-03
C00806,2025-08
C00809,2024-05
C00809,2025-08
C00810,2024-03
C00810,2024-05
C00810,2024-11
C00810,2024-12
C00810,2025-01
C00810,2025-02
C00811,2024-06
C00811,2025-04
C00812,2025-06
C00813,2025-08
C00814,2024-12
C00815,2024-09
C00816,2024-04
C00817,2025-02
C00818,2024-05
C00818,2025-06
C00818,2025-10
C00818,2025-12
C00819,2024-01
C00819,2025-06
C00820,2024-02
C00820,2024-07
C00820,2024-12
C00820,2025-03
C00821,2024-01
C00821,2024-03
C00821,2024-08
C00821,2025-01
C00821,2025-06
C00822,2024-03
C00822,2024-07
C00822,2024-09
C00822,2025-12
C00823,2024-03
C00823,2025-11
C00825,2024-03
C00825,2025-10
C00825,2025-11
C00826,2024-02
C00826,2024-08
C00826,2024-10
C00826,2025-08
C00829,2024-05
C00829,2024-10
C00829,2025-05
C00829,2025-07
C00829,2025-12
C00831,2024-01
C00831,2025-10
C00832,2025-06
C00833,2024-02
C00833,2025-01
C00834,2024-02
C00834,2024-10
C00834,2025-06
C00834,2025-07
C00834,2025-08
C00837,2024-09
C00837,2024-10
C00838,2024-06
C00841,2024-03
C00841,2025-07
C00842,2025-04
C00843,2024-01
C00843,2024-12
C00843,2025-01
C00843,2025-03
C00845,2024-11
C00846,2024-01
C00846,2024-03
C00846,2024-07
C00846,2025-03
C00848,2024-01
C00849,2024-02
C00849,2024-03
C00849,2025-05
C00850,2024-02
C00850,2024-05
C00850,2025-02
C00850,2025-07
C00851,2024-03
C00851,2025-08
C00852,2025-04
C00852,2025-07
C00852,2025-08
C00853,2024-12
C00854,2024-09
C00855,2024-01
C00855,2024-06
C00855,2024-10
C00855,2025-03
C00857,2024-01
C00857,2024-09
C00857,2025-01
C00858,2025-10
C00859,2024-05
C00859,2025-08
C00859,2025-10
C00860,2024-07
C00860,2024-09
C00860,2024-12
C00860,2025-12
C00861,2024-02
C00861,2024-05
C00861,2025-03
C00861,2025-04
C00861,2025-11
C00862,2024-12
C00862,2025-02
C00862,2025-12
C00863,2024-01
C00863,2025-11
C00864,2024-11
C00864,2025-04
C00864,2025-12
C00865,2024-05
C00867,2025-11
C00868,2024-03
C00868,2024-07
C00869,2025-06
C00870,2025-02
C00870,2025-04
C00870,2025-11
C00870,2025-12
C00871,2024-01
C00871,2024-02
C00871,2025-09
C00872,2024-02
C00872,2025-12
C00873,2025-06
C00873,2025-09
C00874,2025-03
C00874,2025-11
C00875,2025-09
C00875,2025-10
C00876,2025-04
C00877,2024-04
C00877,2025-03
C00877,2025-11
C00879,2024-03
C00879,2024-08
C00879,2025-08
C00880,2024-12
C00880,2025-02
C00880,2025-10
C00881,2024-02
C00881,2025-05
C00882,2025-01
C00882,2025-08
C00883,2025-03
C00883,2025-05
C00883,2025-10
C00884,2024-01
C00884,2024-04
C00884,2024-10
C00884,2025-06
C00886,2024-09
C00886,2025-05
C00886,2025-09
C00886,2025-12
C00887,2025-08
C00888,2024-04
C00888,2024-10
C00889,2024-08
C00891,2024-08
C00891,2024-10
C00891,2025-07
C00893,2024-09
C00896,2024-10
C00896,2025-07
C00897,2024-02
C00897,2024-06
C00897,2025-08
C00897,2025-10
C00899,2024-02
C00899,2024-05
C00899,2025-05
C00901,2024-06
C00902,2024-02
C00902,2024-06
C00902,2025-04
C00903,2024-05
C00904,2024-03
C00904,2024-07
C00905,2024-01
C00905,2025-05
C00905,2025-11
C00907,2024-01
C00907,2024-07
C00907,2024-12
C00907,2025-05
C00909,2024-07
C00909,2024-10
C00909,2025-08
C00910,2024-05
C00910,2024-06
C00911,2024-12
C00911,2025-08
C00912,2024-04
C00913,2024-08
C00917,2024-06
C00917,2024-09
C00917,2025-04
C00917,2025-05
C00917,2025-06
C00917,2025-08
C00918,2025-07
C00918,2025-10
C00918,2025-11
C00919,2024-06
C00919,2024-12
C00919,2025-02
C00919,2025-03
C00919,2025-04
C00919,2025-08
C00919,2025-09
C00920,2024-08
C00920,2024-10
C00921,2025-03
C00921,2025-10
C00923,2025-02
C00923,2025-03
C00923,2025-07
C00923,2025-10
C00924,2024-02
C00924,2024-04
C00925,2024-01
C00925,2024-06
C00925,2024-08
C00925,2024-10
C00925,2025-05
C00925,2025-06
C00925,2025-07
C00926,2024-08
C00926,2024-11
C00926,2025-06
C00926,2025-12
C00929,2025-09
C00932,2024-10
C00935,2024-02
C00935,2024-09
C00935,2025-03
C00936,2025-04
C00936,2025-11
C00937,2024-07
C00937,2025-07
C00937,2025-09
C00938,2024-01
C00938,2024-07
C00938,2025-04
C00939,2024-11
C00939,2024-12
C00939,2025-01
C00939,2025-08
C00940,2024-07
C00940,2024-10
C00940,2025-10
C00941,2024-11
C00943,2024-09
C00943,2024-12
C00945,2024-05
C00945,2024-07
C00946,2024-03
C00946,2024-08
C00946,2024-11
C00946,2025-04
C00947,2024-10
C00947,2025-01
C00947,2025-02
C00948,2024-02
C00948,2024-03
C00948,2024-06
C00948,2024-12
C00948,2025-04
C00948,2025-09
C00949,2024-07
C00949,2025-04
C00950,2024-04
C00951,2024-10
C00951,2025-04
C00951,2025-06
C00951,2025-07
C00951,2025-09
C00951,2025-11
C00953,2024-05
C00953,2024-09
C00953,2025-02
C00953,2025-06
C00954,2025-06
C00954,2025-12
C00955,2025-02
C00955,2025-08
C00955,2025-11
C00956,2024-01
C00956,2025-01
C00957,2024-01
C00957,2024-02
C00957,2024-08
C00957,2025-02
C00958,2025-02
C00958,2025-04
C00958,2025-11
C00959,2024-02
C00959,2025-06
C00959,2025-08
C00959,2025-09
C00959,2025-12
C00960,2024-06
C00960,2025-02
C00960,2025-03
C00960,2025-06
C00960,2025-12
C00961,2024-04
C00961,2025-01
C00962,2025-02
C00964,2024-07
C00964,2024-09
C00964,2025-06
C00964,2025-10
C00964,2025-12
C00965,2024-02
C00965,2024-03
C00965,2025-11
C00966,2025-04
C00966,2025-07
C00966,2025-10
C00969,2025-11
C00969,2025-12
C00970,2024-06
C00970,2024-11
C00970,2025-01
C00970,2025-12
C00971,2024-01
C00971,2024-03
C00972,2024-03
C00973,2024-07
C00974,2024-01
C00974,2025-03
C00975,2024-08
C00975,2024-12
C00976,2024-02
C00976,2025-05
C00976,2025-07
C00977,2024-10
C00977,2025-10
C00977,2025-12
C00978,2025-02
C00979,2024-03
C00979,2024-07
C00979,2024-09
C00979,2024-10
C00979,2025-03
C00980,2025-07
C00982,2024-06
C00982,2024-11
C00982,2025-01
C00983,2024-10
C00985,2024-08
C00985,2025-07
C00985,2025-08
C00989,2025-10
C00990,2024-03
C00991,2024-11
C00991,2025-01
C00993,2025-01
C00994,2024-02
C00994,2024-04
C00994,2025-12
C00995,2024-11
C00996,2024-06
C00997,2024-11
C00997,2025-01
C00997,2025-04
C00997,2025-11
C00998,2025-03
C00999,2024-05
C00999,2025-02
C01000,2024-03
C01000,2024-11
C01000,2025-09
C01001,2025-03
C01002,2024-10
C01002,2024-12
C01002,2025-09
C01004,2024-06
C01004,2025-03
C01004,2025-06
C01005,2025-06
C01006,2024-04
C01006,2024-09
C01007,2025-02
C01007,2025-03
C01007,2025-10
C01008,2024-02
C01008,2024-05
C01008,2025-05
C01009,2024-11
C01009,2025-12
C01010,2024-01
C01010,2025-04
C01010,2025-12
C01011,2024-06
C01011,2025-08
C01011,2025-12
C01012,2024-03
C01012,2025-11
C01013,2025-11
C01014,2024-07
C01014,2024-11
C01014,2025-09
C01016,2024-09
C01016,2025-02
C01016,2025-05
C01016,2025-08
C01016,2025-12
C01017,2025-08
C01018,2024-01
C01019,2024-11
C01019,2025-04
C01019,2025-07
C01020,2024-03
C01020,2024-07
C01020,2025-12
C01021,2025-04
C01021,2025-11
C01022,2024-02
C01022,2024-09
C01024,2025-06
C01025,2024-03
C01025,2025-02
C01025,2025-03
C01025,2025-12
C01026,2024-12
C01026,2025-06
C01028,2025-03
C01028,2025-08
C01030,2024-03
C01030,2025-04
C01030,2025-05
C01030,2025-07
C01031,2024-08
C01031,2024-09
C01031,2024-12
C01031,2025-06
C01031,2025-08
C01032,2024-03
C01032,2024-08
C01032,2025-02
C01033,2024-10
C01033,2025-12
C01034,2024-07
C01034,2024-08
C01035,2025-10
C01035,2025-12
C01036,2024-01
C01036,2024-12
C01037,2024-04
C01037,2025-05
C01038,2024-05
C01038,2025-05
C01039,2024-11
C01039,2025-05
C01039,2025-06
C01039,2025-10
C01041,2025-05
C01042,2025-12
C01043,2025-02
C01046,2024-04
C01046,2024-05
C01046,2024-07
C01047,2025-01
C01048,2024-04
C01048,2024-10
C01050,2025-03
C01050,2025-09
C01050,2025-12
C01052,2025-12
C01053,2024-12
C01053,2025-02
C01054,2024-04
C01055,2024-07
C01055,2025-04
C01056,2024-12
C01057,2024-03
C01057,2024-04
C01057,2024-05
C01057,2025-05
C01057,2025-12
C01059,2024-05
C01060,2025-04
C01061,2024-02
C01061,2025-01
C01062,2024-02
C01063,2025-02
C01063,2025-08
C01064,2024-06
C01064,2025-11
C01066,2024-07
C01066,2025-01
C01066,2025-03
C01066,2025-07
C01067,2024-06
C01067,2024-10
C01068,2024-11
C01068,2025-02
C01069,2025-04
C01071,2024-04
C01071,2024-07
C01071,2025-01
C01071,2025-03
C01071,2025-05
C01071,2025-10
C01071,2025-12
C01072,2024-03
C01072,2024-07
C01072,2024-08
C01072,2024-10
C01072,2025-07
C01072,2025-12
C01073,2025-09
C01074,2024-03
C01074,2025-01
C01074,2025-04
C01074,2025-10
C01074,2025-12
C01076,2024-05
C01076,2024-07
C01077,2024-01
C01077,2024-09
C01077,2025-12
C01078,2025-09
C01080,2025-03
C01080,2025-06
C01081,2024-02
C01081,2025-02
C01081,2025-09
C01081,2025-11
C01082,2024-04
C01082,2025-07
C01082,2025-08
C01083,2024-03
C01083,2024-09
C01083,2025-01
C01083,2025-05
C01084,2024-04
C01084,2024-11
C01084,2025-04
C01085,2025-07
C01088,2025-10
C01089,2024-01
C01089,2025-03
C01090,2025-01
C01091,2025-06
C01092,2024-01
C01092,2025-03
C01092,2025-09
C01092,2025-12
C01093,2024-08
C01093,2025-09
C01095,2024-01
C01095,2024-03
C01095,2024-12
C01095,2025-05
C01095,2025-08
C01097,2025-01
C01097,2025-02
C01098,2024-03
C01098,2024-05
C01098,2024-12
C01098,2025-01
C01098,2025-04
C01099,2024-06
C01099,2025-06
C01100,2024-01
C01101,2025-05
C01101,2025-09
C01101,2025-11
C01102,2024-06
C01102,2024-12
C01104,2025-11
C01105,2025-05
C01105,2025-06
C01105,2025-08
C01105,2025-10
C01106,2024-08
C01106,2025-12
C01107,2024-04
C01107,2024-07
C01107,2024-12
C01107,2025-03
C01107,2025-09
C01107,2025-12
C01108,2024-03
C01108,2024-10
C01108,2025-01
C01108,2025-06
C01108,2025-10
C01110,2024-02
C01110,2024-04
C01110,2024-05
C01110,2024-10
C01110,2025-02
C01110,2025-03
C01110,2025-04
C01111,2025-02
C01111,2025-05
C01112,2024-08
C01112,2025-12
C01113,2024-05
C01113,2025-01
C01113,2025-04
C01113,2025-06
C01114,2024-02
C01118,2024-05
C01118,2025-01
C01119,2024-01
C01119,2024-03
C01119,2024-05
C01120,2024-11
C01120,2025-01
C01120,2025-09
C01122,2025-06
C01123,2024-06
C01123,2024-08
C01123,2025-01
C01124,2025-01
C01125,2024-01
C01125,2024-05
C01125,2025-10
C01127,2025-01
C01128,2024-05
C01128,2025-10
C01132,2025-05
C01133,2024-01
C01133,2024-08
C01133,2025-06
C01134,2025-11
C01135,2024-01
C01135,2024-04
C01135,2025-04
C01135,2025-06
C01135,2025-12
C01138,2024-03
C01138,2024-08
C01138,2025-05
C01139,2024-12
C01139,2025-03
C01139,2025-11
C01139,2025-12
C01141,2024-02
C01142,2025-04
C01143,2025-06
C01144,2024-02
C01144,2025-04
C01145,2024-02
C01145,2024-05
C01145,2024-12
C01145,2025-09
C01146,2024-01
C01146,2024-04
C01146,2025-05
C01148,2024-01
C01148,2024-03
C01148,2024-12
C01148,2025-05
C01148,2025-09
C01149,2024-04
C01149,2024-09
C01149,2025-07
C01150,2024-04
C01150,2024-06
C01150,2024-12
C01150,2025-10
C01152,2025-12
C01153,2024-09
C01153,2024-11
C01153,2025-12
C01154,2024-07
C01156,2024-11
C01157,2024-02
C01157,2024-09
C01157,2025-05
C01158,2024-03
C01159,2024-10
C01160,2025-06
C01162,2025-03
C01164,2025-05
C01165,2024-06
C01165,2024-10
C01166,2024-04
C01169,2024-04
C01169,2025-01
C01171,2024-05
C01171,2025-09
C01171,2025-12
C01173,2024-05
C01173,2025-01
C01173,2025-03
C01173,2025-08
C01174,2024-05
C01174,2024-10
C01174,2025-06
C01174,2025-07
C01174,2025-09
C01176,2024-06
C01176,2024-12
C01176,2025-09
C01177,2024-01
C01177,2024-05
C01177,2025-02
C01177,2025-04
C01178,2024-03
C01178,2024-06
C01178,2024-09
C01178,2024-10
C01178,2025-04
C01178,2025-07
C01178,2025-11
C01180,2025-02
C01181,2025-05
C01182,2024-11
C01182,2024-12
C01182,2025-04
C01182,2025-06
C01182,2025-10
C01183,2025-01
C01184,2025-02
C01184,2025-07
C01184,2025-10
C01187,2025-06
C01187,2025-09
C01187,2025-11
C01188,2024-02
C01188,2024-06
C01190,2024-05
C01190,2025-04
C01190,2025-07
C01190,2025-11
C01192,2024-04
C01192,2024-05
C01192,2024-11
C01192,2025-02
C01192,2025-05
C01193,2024-02
C01193,2025-12
C01194,2025-02
C01197,2024-09
C01198,2024-02
C01198,2024-12
C01198,2025-10
C01199,2025-12
C01200,2025-06
C01200,2025-08
C01201,2025-10
C01202,2024-04
C01202,2024-11
C01202,2025-04
C01202,2025-08
C01203,2025-06
C01204,2025-06
C01204,2025-07
C01204,2025-10
C01205,2025-10
C01206,2025-01
C01206,2025-10
C01206,2025-12
C01207,2025-07
C01207,2025-12
C01208,2024-12
C01208,2025-09
C01208,2025-11
C01208,2025-12
C01209,2024-02
C01209,2024-10
C01209,2025-02
C01209,2025-04
C01209,2025-05
C01211,2024-05
C01212,2024-03
C01212,2024-10
C01212,2025-11
C01214,2024-04
C01214,2025-03
C01215,2025-02
C01216,2024-01
C01216,2024-02
C01216,2024-03
C01216,2025-01
C01216,2025-04
C01216,2025-06
C01218,2024-10
C01218,2025-05
C01218,2025-06
C01218,2025-08
C01218,2025-09
C01219,2024-07
C01219,2024-10
C01219,2025-07
C01219,2025-08
C01220,2024-05
C01220,2024-10
C01220,2025-09
C01221,2024-06
C01221,2025-03
C01221,2025-07
C01222,2024-07
C01222,2025-02
C01222,2025-07
C01222,2025-11
C01223,2025-06
C01224,2024-01
C01224,2024-05
C01225,2024-06
C01225,2025-10
C01227,2024-06
C01227,2025-07
C01228,2025-02
C01229,2025-03
C01231,2024-05
C01231,2024-06
C01231,2024-08
C01231,2025-04
C01232,2025-06
C01233,2024-10
C01234,2025-04
C01235,2024-08
C01235,2024-11
C01235,2025-01
C01235,2025-02
C01235,2025-10
C01236,2024-01
C01237,2024-08
C01237,2025-03
C01237,2025-04
C01237,2025-06
C01239,2024-04
C01239,2024-05
C01239,2025-07
C01240,2025-12
C01241,2025-10
C01242,2025-01
C01243,2024-01
C01245,2024-07
C01245,2025-09
C01245,2025-10
C01246,2024-06
C01247,2025-03
C01247,2025-04
C01247,2025-10
C01248,2024-03
C01248,2025-04
C01250,2024-12
C01251,2024-05
C01251,2024-07
C01252,2024-03
C01252,2025-01
C01253,2024-11
C01253,2025-05
C01253,2025-07
C01254,2024-11
C01255,2025-06
C01255,2025-07
C01257,2025-09
C01259,2024-03
C01259,2024-11
C01260,2025-07
C01262,2024-06
C01263,2025-05
C01264,2025-01
C01267,2025-01
C01267,2025-03
C01267,2025-06
C01267,2025-12
C01268,2024-01
C01268,2024-02
C01268,2024-08
C01268,2024-10
C01268,2025-02
C01269,2024-03
C01269,2024-08
C01269,2024-11
C01269,2025-04
C01270,2025-03
C01270,2025-06
C01270,2025-08
C01272,2024-05
C01272,2025-12
C01273,2024-03
C01273,2024-07
C01273,2025-12
C01274,2024-04
C01274,2024-05
C01274,2024-11
C01274,2025-07
C01275,2024-10
C01275,2025-10
C01277,2024-02
C01277,2024-06
C01277,2025-02
C01279,2025-02
C01279,2025-12
C01280,2024-01
C01280,2024-07
C01280,2025-07
C01281,2024-03
C01281,2024-06
C01282,2025-02
C01282,2025-05
C01282,2025-11
C01283,2024-06
C01284,2024-01
C01284,2024-05
C01284,2024-09
C01284,2025-01
C01284,2025-10
C01285,2024-03
C01285,2025-10
C01286,2024-03
C01286,2024-10
C01287,2024-06
C01288,2024-05
C01288,2025-01
C01288,2025-07
C01288,2025-10
C01288,2025-12
C01289,2024-03
C01289,2024-08
C01292,2024-07
C01294,2024-01
C01294,2024-02
C01294,2025-07
C01295,2024-01
C01295,2025-08
C01295,2025-09
C01295,2025-10
C01296,2024-05
C01297,2024-05
C01297,2024-09
C01297,2024-10
C01297,2024-11
C01297,2025-08
C01299,2024-11
C01299,2025-03
C01299,2025-05
C01299,2025-08
C01301,2025-07
C01301,2025-12
C01302,2025-04
C01302,2025-07
C01302,2025-09
C01304,2024-10
C01304,2025-01
C01304,2025-03
C01305,2024-01
C01305,2024-03
C01305,2025-05
C01305,2025-09
C01307,2024-01
C01307,2024-06
C01307,2024-10
C01307,2025-02
C01307,2025-06
C01307,2025-07
C01308,2024-01
C01308,2024-04
C01309,2025-02
C01310,2024-04
C01310,2024-07
C01310,2025-02
C01310,2025-07
C01311,2024-04
C01311,2025-11
C01312,2024-01
C01313,2025-05
C01313,2025-08
C01314,2025-08
C01315,2024-04
C01315,2025-06
C01316,2025-09
C01317,2025-03
C01317,2025-07
C01317,2025-09
C01318,2024-07
C01318,2025-06
C01318,2025-07
C01318,2025-09
C01318,2025-10
C01319,2024-11
C01319,2025-01
C01319,2025-07
C01320,2025-04
C01321,2024-01
C01321,2025-04
C01321,2025-05
C01322,2024-07
C01322,2025-08
C01323,2025-06
C01324,2024-04
C01324,2024-11
C01324,2025-08
C01328,2024-04
C01328,2024-08
C01328,2025-03
C01330,2024-02
C01330,2024-10
C01331,2024-03
C01331,2024-05
C01331,2024-08
C01332,2024-05
C01332,2025-04
C01332,2025-10
C01333,2025-03
C01334,2025-08
C01334,2025-11
C01335,2025-08
C01335,2025-09
C01336,2025-02
C01337,2024-06
C01338,2024-07
C01338,2024-08
C01340,2024-12
C01340,2025-03
C01342,2024-01
C01342,2024-02
C01342,2024-07
C01342,2025-05
C01343,2024-04
C01343,2024-09
C01343,2025-08
C01343,2025-11
C01344,2024-04
C01344,2024-06
C01344,2025-07
C01348,2024-02
C01349,2024-01
C01349,2024-08
C01349,2024-11
C01349,2025-02
C01349,2025-05
C01349,2025-06
C01349,2025-07
C01349,2025-11
C01350,2024-04
C01350,2024-06
C01350,2024-09
C01350,2025-05
C01350,2025-08
C01351,2024-03
C01351,2024-10
C01351,2025-09
C01352,2024-09
C01352,2025-03
C01352,2025-10
C01354,2024-02
C01354,2024-07
C01354,2025-02
C01354,2025-03
C01354,2025-05
C01355,2024-02
C01355,2025-05
C01355,2025-11
C01356,2025-08
C01357,2024-03
C01357,2024-05
C01357,2025-08
C01358,2024-01
C01358,2024-04
C01358,2024-05
C01358,2024-07
C01358,2024-10
C01358,2024-12
C01359,2024-01
C01359,2024-02
C01359,2025-07
C01361,2024-05
C01361,2024-07
C01361,2025-05
C01362,2024-10
C01363,2025-10
C01364,2024-06
C01364,2025-10
C01369,2025-11
C01370,2024-01
C01371,2025-01
C01371,2025-03
C01373,2024-11
C01374,2024-06
C01374,2025-03
C01375,2024-12
C01376,2024-04
C01376,2024-11
C01376,2024-12
C01378,2024-01
C01378,2024-05
C01378,2024-08
C01378,2024-11
C01378,2025-03
C01378,2025-09
C01378,2025-10
C01379,2024-11
C01380,2025-09
C01380,2025-12
C01381,2024-04
C01381,2024-08
C01381,2025-09
C01384,2025-07
C01385,2025-04
C01385,2025-05
C01386,2024-10
C01387,2024-03
C01387,2024-05
C01389,2025-05
C01392,2024-11
C01392,2025-05
C01394,2025-05
C01395,2024-02
C01395,2024-03
C01395,2024-05
C01395,2024-08
C01395,2024-10
C01395,2025-12
C01399,2024-03
C01399,2025-02
C01399,2025-03
C01399,2025-08
C01399,2025-09
C01399,2025-11
C01400,2024-09
C01400,2025-04
C01400,2025-10
C01401,2024-09
C01401,2025-02
C01402,2025-08
C01403,2024-05
C01404,2024-10
C01404,2024-11
C01405,2024-03
C01407,2024-03
C01410,2024-09
C01410,2024-11
C01410,2025-02
C01410,2025-09
C01410,2025-10
C01411,2025-01
C01411,2025-03
C01411,2025-04
C01411,2025-05
C01412,2024-03
C01412,2025-05
C01412,2025-07
C01414,2024-05
C01414,2025-01
C01414,2025-10
C01416,2024-10
C01418,2024-04
C01418,2024-11
C01418,2025-01
C01418,2025-02
C01419,2024-06
C01420,2024-09
C01420,2025-05
C01420,2025-07
C01420,2025-08
C01420,2025-10
C01421,2024-01
C01421,2024-02
C01421,2024-04
C01422,2024-03
C01422,2024-06
C01422,2024-08
C01422,2024-12
C01422,2025-06
C01422,2025-09
C01424,2024-09
C01425,2024-01
C01427,2024-09
C01427,2025-10
C01429,2025-03
C01430,2024-04
C01430,2025-07
C01431,2024-09
C01431,2025-05
C01432,2024-04
C01432,2024-09
C01433,2024-11
C01433,2025-12
C01434,2024-05
C01434,2025-05
C01434,2025-06
C01434,2025-10
C01435,2024-11
C01435,2025-04
C01437,2024-02
C01437,2025-08
C01438,2024-01
C01438,2024-06
C01438,2025-02
C01438,2025-06
C01439,2024-10
C01439,2025-03
C01440,2025-01
C01440,2025-09
C01440,2025-11
C01440,2025-12
C01441,2024-01
C01441,2024-04
C01441,2025-02
C01441,2025-05
C01442,2024-05
C01443,2025-06
C01443,2025-11
C01444,2025-12
C01445,2024-08
C01445,2025-03
C01445,2025-07
C01446,2025-06
C01446,2025-12
C01447,2024-06
C01447,2024-08
C01447,2025-09
C01449,2024-07
C01449,2025-01
C01449,2025-10
C01451,2025-01
C01451,2025-05
C01451,2025-10
C01452,2025-05
C01453,2024-08
C01453,2025-10
C01453,2025-11
C01453,2025-12
C01454,2024-10
C01454,2025-05
C01454,2025-12
C01455,2024-05
C01455,2025-09
C01459,2025-05
C01460,2024-02
C01460,2024-07
C01460,2024-11
C01460,2025-05
C01461,2024-03
C01461,2024-04
C01461,2024-05
C01461,2024-12
C01461,2025-02
C01461,2025-11
C01461,2025-12
C01462,2024-11
C01462,2025-10
C01463,2025-12
C01465,2025-01
C01465,2025-06
C01466,2024-07
C01466,2025-09
C01466,2025-12
C01467,2024-04
C01467,2025-02
C01469,2024-10
C01469,2025-08
C01470,2024-08
C01470,2025-09
C01472,2025-06
C01472,2025-08
C01472,2025-10
C01473,2024-09
C01473,2024-10
C01473,2024-12
C01473,2025-10
C01474,2024-05
C01474,2024-08
C01474,2025-03
C01474,2025-09
C01475,2025-04
C01475,2025-11
C01476,2024-05
C01479,2024-03
C01479,2024-11
C01479,2025-01
C01480,2025-04
C01483,2024-01
C01483,2024-04
C01483,2025-07
C01485,2025-08
C01486,2024-03
C01486,2024-08
C01486,2025-10
C01486,2025-11
C01488,2024-05
C01488,2024-07
C01488,2024-08
C01488,2025-11
C01488,2025-12
C01489,2024-05
C01489,2025-02
C01489,2025-05
C01492,2025-06
C01492,2025-10
C01493,2024-03
C01493,2025-09
C01493,2025-10
C01494,2024-09
C01494,2025-09
C01494,2025-11
C01495,2024-10
C01495,2025-05
C01496,2024-01
C01496,2024-07
C01496,2024-08
C01499,2024-08
C01499,2025-12
C01500,2025-06
C01501,2024-10
C01501,2025-02
C01501,2025-04
C01502,2024-06
C01502,2025-11
C01503,2024-03
C01503,2024-12
C01505,2024-07
C01506,2024-03
C01506,2024-07
C01506,2025-07
C01507,2024-08
C01507,2025-05
C01507,2025-06
C01507,2025-08
C01507,2025-11
C01507,2025-12
C01508,2024-01
C01509,2024-07
C01509,2024-12
C01509,2025-02
C01509,2025-09
C01510,2024-04
C01510,2024-10
C01510,2025-01
C01510,2025-10
C01511,2024-01
C01511,2024-03
C01511,2024-06
C01511,2025-04
C01511,2025-07
C01513,2024-05
C01514,2024-03
C01514,2024-04
C01514,2024-08
C01514,2025-07
C01515,2024-05
C01516,2024-06
C01516,2025-07
C01517,2024-02
C01518,2024-12
C01520,2024-02
C01520,2024-06
C01520,2025-04
C01520,2025-05
C01520,2025-08
C01521,2024-10
C01521,2025-08
C01523,2024-04
C01523,2024-05
C01523,2024-07
C01523,2025-07
C01525,2025-02
C01525,2025-06
C01526,2024-12
C01526,2025-08
C01527,2025-07
C01527,2025-11
C01529,2025-08
C01530,2024-05
C01530,2025-03
C01530,2025-08
C01530,2025-09
C01532,2024-01
C01532,2024-03
C01532,2025-05
C01533,2024-07
C01533,2025-03
C01533,2025-07
C01533,2025-12
C01534,2024-03
C01534,2024-10
C01534,2025-07
C01535,2024-03
C01537,2024-03
C01537,2025-03
C01538,2025-06
C01538,2025-12
C01539,2024-04
C01539,2024-06
C01539,2025-03
C01539,2025-08
C01539,2025-11
C01539,2025-12
C01540,2024-09
C01541,2024-04
C01543,2024-05
C01543,2024-12
C01544,2024-06
C01544,2024-10
C01545,2024-07
C01546,2024-06
C01546,2024-11
C01546,2025-11
C01547,2024-02
C01547,2024-09
C01548,2024-07
C01552,2024-08
C01552,2025-03
C01552,2025-05
C01552,2025-11
C01553,2024-04
C01553,2025-04
C01553,2025-12
C01554,2024-01
C01554,2025-06
C01558,2024-07
C01559,2024-01
C01560,2024-09
C01560,2025-01
C01560,2025-03
C01560,2025-04
C01560,2025-07
C01560,2025-08
C01560,2025-10
C01561,2024-01
C01561,2024-07
C01561,2024-10
C01563,2024-12
C01563,2025-05
C01563,2025-12
C01564,2025-12
C01566,2024-12
C01566,2025-11
C01567,2024-12
C01568,2025-07
C01569,2024-09
C01569,2025-01
C01571,2024-04
C01571,2025-01
C01571,2025-04
C01572,2024-08
C01572,2025-02
C01572,2025-05
C01575,2024-02
C01575,2024-09
C01576,2024-01
C01576,2024-05
C01577,2024-05
C01578,2025-02
C01578,2025-05
C01578,2025-06
C01579,2024-06
C01579,2024-09
C01579,2025-02
C01579,2025-03
C01579,2025-11
C01580,2024-01
C01580,2024-03
C01580,2024-04
C01580,2024-06
C01580,2024-08
C01580,2024-12
C01580,2025-03
C01580,2025-06
C01580,2025-12
C01581,2024-04
C01581,2024-05
C01581,2024-07
C01581,2025-12
C01582,2024-02
C01582,2025-06
C01583,2024-01
C01583,2025-09
C01584,2025-12
C01586,2024-03
C01586,2024-04
C01586,2025-06
C01587,2024-06
C01587,2025-02
C01588,2025-08
C01589,2024-01
C01589,2024-04
C01589,2024-05
C01589,2025-05
C01590,2024-04
C01591,2024-01
C01592,2024-11
C01594,2025-11
C01597,2024-09
C01597,2024-12
C01597,2025-02
C01597,2025-09
C01597,2025-12
C01598,2024-04
C01598,2024-12
C01598,2025-05
C01598,2025-08
C01598,2025-12
C01599,2024-02
C01599,2025-01
C01599,2025-06
C01600,2025-01
C01601,2024-07
C01601,2024-09
C01601,2024-10
C01601,2024-11
C01601,2025-12
C01602,2024-03
C01602,2024-06
C01602,2024-09
C01603,2024-03
C01603,2024-07
C01603,2025-10
C01604,2024-05
C01604,2025-01
C01604,2025-03
C01606,2024-09
C01606,2024-11
C01606,2025-05
C01607,2024-06
C01607,2024-11
C01607,2025-06
C01607,2025-07
C01609,2024-05
C01609,2025-02
C01609,2025-03
C01609,2025-08
C01609,2025-10
C01610,2025-03
C01610,2025-11
C01612,2024-11
C01612,2025-07
C01612,2025-12
C01613,2024-07
C01614,2025-03
C01614,2025-09
C01615,2025-06
C01616,2024-03
C01616,2025-02
C01616,2025-07
C01617,2024-03
C01617,2024-07
C01618,2024-08
C01619,2024-04
C01619,2025-06
C01619,2025-07
C01622,2024-01
C01624,2025-04
C01626,2024-08
C01626,2025-02
C01627,2025-08
C01629,2025-02
C01630,2024-02
C01630,2024-07
C01630,2024-09
C01631,2025-05
C01632,2024-04
C01632,2024-12
C01632,2025-01
C01632,2025-03
C01632,2025-08
C01633,2024-05
C01633,2024-07
C01633,2024-11
C01633,2025-04
C01633,2025-12
C01635,2024-07
C01635,2025-06
C01637,2025-09
C01638,2025-08
C01638,2025-11
C01639,2025-06
C01640,2024-02
C01641,2024-05
C01641,2024-12
C01642,2024-01
C01643,2024-02
C01643,2024-08
C01643,2025-09
C01644,2024-08
C01644,2024-09
C01644,2024-11
C01644,2025-01
C01644,2025-03
C01644,2025-05
C01646,2024-05
C01646,2025-11
C01646,2025-12
C01648,2024-10
C01650,2025-03
C01650,2025-05
C01651,2024-05
C01651,2024-07
C01651,2024-10
C01651,2025-04
C01651,2025-07
C01651,2025-12
C01653,2024-02
C01653,2024-10
C01653,2025-02
C01653,2025-10
C01654,2024-04
C01655,2024-06
C01655,2024-10
C01655,2024-12
C01657,2024-01
C01657,2025-07
C01657,2025-09
C01658,2024-05
C01658,2024-09
C01658,2025-10
C01661,2025-12
C01663,2025-01
C01664,2024-05
C01664,2025-11
C01664,2025-12
C01666,2025-01
C01667,2024-08
C01667,2024-12
C01667,2025-05
C01668,2024-11
C01668,2024-12
C01668,2025-02
C01668,2025-12
C01669,2024-04
C01669,2024-09
C01669,2025-05
C01671,2024-02
C01671,2024-05
C01671,2024-10
C01672,2024-05
C01672,2024-10
C01672,2025-03
C01672,2025-05
C01672,2025-06
C01672,2025-07
C01673,2024-01
C01673,2024-10
C01673,2025-10
C01676,2024-02
C01676,2024-07
C01676,2025-05
C01677,2025-11
C01678,2024-01
C01678,2025-03
C01679,2025-07
C01680,2024-11
C01680,2025-01
C01680,2025-03
C01682,2024-03
C01682,2025-10
C01683,2025-05
C01683,2025-12
C01685,2025-01
C01685,2025-05
C01686,2024-12
C01686,2025-02
C01686,2025-07
C01686,2025-08
C01687,2024-07
C01687,2025-06
C01687,2025-09
C01688,2024-11
C01688,2025-10
C01689,2025-06
C01689,2025-08
C01689,2025-11
C01690,2024-05
C01690,2024-11
C01690,2025-02
C01690,2025-08
C01690,2025-12
C01692,2024-05
C01692,2025-03
C01692,2025-07
C01694,2024-02
C01694,2024-09
C01694,2024-12
C01694,2025-05
C01694,2025-08
C01694,2025-12
C01695,2024-11
C01695,2025-02
C01695,2025-09
C01696,2025-08
C01696,2025-10
C01697,2024-06
C01697,2024-12
C01697,2025-03
C01697,2025-07
C01698,2024-11
C01698,2024-12
C01698,2025-06
C01698,2025-11
C01699,2024-11
C01699,2025-06
C01699,2025-08
C01700,2024-03
C01700,2025-10
C01700,2025-11
C01701,2024-01
C01702,2024-10
C01702,2025-01
C01702,2025-10
C01704,2024-04
C01706,2025-03
C01709,2024-02
C01709,2025-03
C01709,2025-10
C01710,2024-03
C01710,2024-12
C01711,2024-02
C01711,2025-05
C01712,2025-07
C01714,2025-12
C01715,2025-08
C01716,2024-12
C01717,2025-12
C01718,2024-02
C01718,2024-04
C01718,2024-07
C01718,2025-05
C01718,2025-06
C01719,2024-08
C01719,2025-12
C01721,2024-12
C01722,2025-06
C01723,2024-09
C01723,2025-04
C01723,2025-05
C01723,2025-06
C01723,2025-07
C01726,2024-01
C01726,2024-10
C01726,2025-04
C01726,2025-08
C01727,2024-02
C01727,2024-10
C01727,2024-12
C01728,2025-01
C01729,2024-01
C01729,2024-02
C01729,2024-05
C01729,2025-11
C01731,2024-06
C01731,2025-10
C01732,2024-09
C01733,2024-02
C01733,2024-10
C01733,2025-01
C01733,2025-07
C01733,2025-11
C01734,2025-03
C01734,2025-12
C01735,2025-08
C01738,2025-01
C01739,2025-09
C01740,2024-01
C01740,2024-04
C01740,2025-03
C01740,2025-04
C01741,2024-01
C01741,2025-01
C01741,2025-02
C01741,2025-07
C01742,2025-07
C01742,2025-10
C01743,2025-01
C01744,2024-02
C01744,2024-05
C01745,2024-02
C01745,2024-07
C01745,2025-01
C01745,2025-02
C01746,2025-05
C01747,2024-04
C01747,2025-07
C01748,2024-04
C01750,2024-06
C01750,2024-11
C01752,2024-10
C01753,2024-09
C01753,2025-07
C01754,2024-08
C01754,2024-10
C01754,2024-11
C01754,2025-07
C01754,2025-08
C01754,2025-09
C01755,2024-04
C01756,2024-06
C01756,2025-01
C01757,2024-05
C01757,2024-10
C01758,2024-01
C01758,2024-12
C01758,2025-05
C01758,2025-06
C01759,2024-04
C01760,2025-01
C01760,2025-09
C01760,2025-12
C01761,2025-07
C01762,2024-02
C01762,2024-07
C01762,2024-10
C01763,2024-08
C01764,2024-05
C01764,2024-12
C01764,2025-09
C01764,2025-12
C01767,2024-07
C01767,2024-10
C01767,2025-02
C01768,2024-04
C01768,2024-12
C01768,2025-01
C01769,2024-05
C01769,2024-09
C01769,2024-10
C01769,2025-06
C01770,2024-01
C01770,2024-05
C01770,2024-06
C01770,2024-08
C01770,2025-02
C01771,2024-05
C01772,2024-06
C01772,2024-08
C01772,2024-10
C01772,2025-01
C01773,2025-06
C01773,2025-07
C01774,2024-03
C01774,2024-04
C01774,2025-07
C01776,2024-01
C01776,2024-03
C01776,2024-04
C01776,2024-08
C01776,2024-09
C01780,2024-04
C01780,2024-08
C01780,2025-02
C01780,2025-09
C01781,2024-02
C01781,2025-01
C01781,2025-02
C01782,2025-02
C01782,2025-04
C01783,2025-11
C01784,2024-10
C01784,2025-12
C01785,2025-01
C01786,2024-05
C01787,2025-10
C01789,2024-06
C01790,2024-09
C01790,2025-09
C01790,2025-12
C01791,2024-03
C01791,2024-06
C01792,2024-02
C01792,2025-12
C01793,2024-06
C01793,2025-11
C01795,2024-04
C01795,2024-12
C01795,2025-07
C01795,2025-11
C01796,2024-07
C01797,2025-02
C01797,2025-07
C01797,2025-12
C01798,2025-04
C01799,2024-08
C01799,2024-09
C01799,2025-11
C01800,2024-01
C01800,2024-02
C01800,2024-06
C01800,2025-12
C01801,2024-06
C01801,2025-10
C01802,2024-05
C01802,2025-09
C01804,2024-10
C01804,2024-12
C01805,2024-07
C01805,2025-02
C01805,2025-10
C01806,2024-02
C01806,2024-07
C01807,2024-02
C01809,2024-02
C01809,2025-09
C01810,2024-05
C01813,2024-08
C01813,2025-01
C01814,2024-08
C01814,2024-11
C01815,2024-08
C01815,2024-10
C01815,2025-03
C01815,2025-12
C01817,2025-03
C01818,2024-04
C01818,2024-07
C01818,2025-10
C01819,2024-10
C01819,2025-02
C01819,2025-07
C01820,2025-03
C01821,2024-03
C01821,2024-09
C01823,2025-11
C01824,2025-10
C01825,2024-01
C01825,2024-02
C01825,2024-07
C01825,2025-08
C01825,2025-12
C01826,2024-02
C01826,2025-03
C01827,2024-07
C01827,2025-11
C01828,2025-01
C01829,2024-12
C01829,2025-02
C01830,2024-07
C01831,2025-06
C01833,2025-04
C01834,2025-04
C01835,2024-12
C01835,2025-01
C01835,2025-06
C01835,2025-10
C01836,2024-03
C01838,2024-01
C01838,2024-05
C01838,2025-09
C01838,2025-12
C01839,2024-02
C01839,2024-10
C01839,2025-03
C01840,2024-03
C01840,2024-12
C01840,2025-12
C01842,2025-07
C01843,2024-01
C01843,2024-09
C01843,2024-10
C01843,2025-01
C01843,2025-07
C01843,2025-10
C01845,2024-05
C01845,2024-11
C01845,2024-12
C01845,2025-04
C01845,2025-06
C01845,2025-08
C01845,2025-12
C01846,2025-10
C01848,2024-01
C01848,2024-03
C01848,2024-06
C01848,2024-10
C01849,2024-12
C01849,2025-08
C01849,2025-11
C01850,2025-07
C01850,2025-11
C01851,2024-07
C01852,2024-03
C01852,2024-04
C01852,2024-10
C01852,2024-11
C01852,2025-06
C01853,2024-03
C01854,2024-08
C01854,2024-11
C01854,2024-12
C01854,2025-02
C01854,2025-07
C01856,2024-04
C01857,2024-02
C01857,2025-02
C01857,2025-04
C01858,2025-07
C01860,2024-01
C01861,2024-09
C01861,2025-04
C01861,2025-09
C01864,2024-05
C01864,2025-11
C01865,2024-06
C01865,2024-10
C01867,2024-01
C01868,2024-01
C01868,2025-02
C01869,2024-03
C01869,2024-11
C01869,2024-12
C01869,2025-08
C01871,2025-05
C01871,2025-08
C01871,2025-10
C01872,2024-02
C01872,2024-07
C01872,2025-01
C01873,2024-02
C01873,2025-01
C01873,2025-03
C01873,2025-08
C01874,2024-05
C01874,2025-05
C01875,2025-01
C01877,2024-08
C01879,2024-05
C01879,2025-01
C01880,2025-04
C01880,2025-09
C01881,2024-02
C01881,2024-07
C01881,2025-05
C01881,2025-11
C01882,2024-10
C01882,2024-11
C01882,2024-12
C01882,2025-01
C01882,2025-06
C01883,2024-09
C01883,2025-02
C01883,2025-07
C01884,2025-04
C01885,2024-01
C01885,2024-03
C01885,2024-05
C01885,2025-01
C01885,2025-06
C01886,2024-02
C01886,2025-07
C01889,2025-05
C01890,2024-11
C01890,2025-06
C01891,2024-09
C01891,2025-04
C01892,2024-02
C01892,2024-05
C01892,2024-07
C01892,2025-04
C01893,2024-06
C01893,2025-03
C01893,2025-04
C01894,2024-02
C01894,2024-04
C01894,2024-07
C01894,2025-04
C01894,2025-07
C01897,2024-06
C01897,2024-07
C01897,2024-11
C01897,2025-08
C01900,2024-04
C01900,2024-05
C01900,2024-08
C01900,2025-01
C01900,2025-07
C01900,2025-08
C01901,2024-12
C01901,2025-01
C01901,2025-03
C01901,2025-07
C01902,2024-10
C01902,2025-06
C01903,2024-04
C01906,2024-12
C01906,2025-01
C01906,2025-11
C01907,2024-07
C01907,2025-04
C01909,2024-10
C01909,2025-06
C01909,2025-10
C01910,2025-03
C01911,2024-02
C01911,2024-06
C01911,2024-07
C01911,2024-08
C01911,2025-09
C01912,2024-04
C01912,2024-10
C01912,2024-12
C01913,2025-03
C01913,2025-05
C01913,2025-09
C01915,2025-01
C01915,2025-06
C01916,2024-06
C01916,2024-09
C01916,2024-11
C01916,2025-01
C01916,2025-03
C01920,2024-01
C01920,2024-06
C01920,2024-09
C01920,2024-11
C01921,2024-01
C01921,2025-07
C01921,2025-12
C01923,2024-04
C01923,2024-07
C01923,2024-11
C01923,2025-06
C01923,2025-08
C01923,2025-09
C01923,2025-11
C01926,2025-10
C01928,2024-07
C01928,2025-10
C01929,2024-04
C01929,2024-11
C01929,2024-12
C01930,2024-06
C01930,2024-07
C01930,2025-05
C01930,2025-12
C01931,2025-01
C01932,2024-01
C01932,2024-06
C01932,2025-02
C01932,2025-03
C01932,2025-09
C01934,2024-02
C01934,2025-07
C01934,2025-12
C01935,2024-12
C01935,2025-07
C01936,2024-04
C01936,2024-05
C01936,2025-01
C01936,2025-02
C01936,2025-12
C01937,2024-01
C01937,2024-12
C01937,2025-07
C01938,2024-05
C01938,2025-07
C01938,2025-12
C01939,2025-06
C01940,2024-03
C01940,2024-04
C01940,2025-08
C01942,2024-08
C01942,2025-06
C01943,2024-01
C01943,2024-06
C01943,2025-11
C01944,2024-03
C01944,2024-04
C01944,2024-07
C01944,2025-08
C01944,2025-09
C01945,2024-06
C01945,2025-06
C01946,2024-03
C01946,2024-05
C01946,2024-06
C01946,2024-07
C01946,2025-01
C01948,2025-12
C01949,2025-05
C01950,2025-12
C01953,2024-02
C01953,2024-06
C01953,2025-03
C01954,2024-04
C01955,2024-02
C01955,2025-08
C01956,2024-11
C01956,2025-01
C01957,2024-07
C01957,2024-09
C01957,2025-02
C01957,2025-09
C01958,2024-03
C01960,2024-10
C01960,2025-05
C01960,2025-06
C01960,2025-08
C01963,2025-02
C01964,2024-08
C01964,2024-11
C01964,2024-12
C01964,2025-01
C01964,2025-02
C01964,2025-03
C01964,2025-08
C01965,2024-07
C01965,2025-04
C01966,2024-04
C01966,2024-09
C01969,2025-03
C01969,2025-05
C01970,2024-04
C01970,2025-01
C01971,2024-02
C01971,2024-07
C01972,2025-11
C01973,2024-01
C01973,2024-12
C01973,2025-10
C01975,2024-09
C01975,2025-05
C01977,2024-02
C01977,2024-06
C01977,2024-11
C01977,2024-12
C01978,2024-09
C01978,2024-10
C01978,2025-01
C01978,2025-03
C01980,2024-01
C01980,2024-05
C01980,2025-04
C01981,2024-02
C01981,2024-04
C01981,2024-09
C01981,2025-08
C01982,2024-01
C01982,2024-04
C01982,2025-02
C01982,2025-09
C01983,2024-07
C01983,2024-10
C01984,2024-01
C01984,2024-05
C01984,2024-08
C01984,2025-11
C01987,2025-01
C01991,2024-07
C01991,2025-02
C01993,2025-01
C01993,2025-03
C01993,2025-09
C01994,2024-03
C01994,2025-03
C01994,2025-09
C01994,2025-12
C01995,2025-10
C01996,2024-01
C01996,2024-04
C01998,2024-03
C01998,2025-03
C01999,2024-03
C01999,2024-10
C01999,2025-07
C02000,2024-06
C02003,2024-09
C02003,2025-09
C02005,2025-01
C02006,2025-03
C02007,2024-06
C02007,2025-02
C02008,2024-11
C02008,2025-03
C02008,2025-12
C02009,2024-01
C02009,2025-05
C02009,2025-09
C02011,2024-09
C02011,2025-08
C02012,2024-09
C02012,2024-11
C02013,2024-01
C02013,2024-03
C02013,2025-01
C02013,2025-03
C02013,2025-09
C02014,2024-02
C02014,2024-06
C02014,2024-09
C02014,2024-12
C02014,2025-01
C02014,2025-05
C02015,2024-04
C02016,2024-04
C02016,2025-12
C02020,2024-03
C02020,2024-04
C02020,2024-12
C02020,2025-02
C02020,2025-05
C02020,2025-09
C02020,2025-12
C02021,2025-04
C02021,2025-08
C02021,2025-11
C02022,2024-01
C02022,2025-12
C02024,2024-11
C02025,2024-04
C02025,2025-06
C02026,2024-11
C02026,2025-03
C02026,2025-05
C02026,2025-07
C02026,2025-09
C02027,2024-05
C02028,2025-01
C02028,2025-06
C02028,2025-10
C02029,2024-03
C02029,2025-02
C02029,2025-03
C02030,2024-02
C02031,2024-10
C02035,2024-05
C02037,2024-04
C02037,2024-10
C02037,2025-02
C02037,2025-03
C02037,2025-06
C02037,2025-09
C02038,2024-08
C02038,2025-02
C02039,2025-11
C02040,2024-02
C02041,2025-11
C02042,2025-06
C02043,2025-08
C02044,2025-06
C02045,2024-10
C02046,2024-11
C02046,2025-11
C02051,2025-06
C02051,2025-08
C02051,2025-09
C02051,2025-12
C02053,2024-09
C02053,2025-09
C02054,2024-09
C02054,2025-01
C02054,2025-02
C02055,2025-03
C02056,2024-08
C02056,2025-07
C02058,2025-12
C02060,2024-11
C02060,2025-03
C02060,2025-05
C02061,2024-03
C02061,2024-05
C02061,2024-09
C02061,2024-10
C02061,2024-12
C02061,2025-08
C02062,2024-05
C02062,2025-02
C02062,2025-10
C02063,2024-03
C02063,2024-05
C02063,2024-12
C02063,2025-12
C02064,2024-01
C02064,2024-03
C02064,2025-02
C02064,2025-10
C02065,2025-05
C02065,2025-09
C02065,2025-10
C02066,2025-10
C02067,2024-04
C02067,2024-07
C02067,2025-05
C02067,2025-06
C02068,2024-01
C02068,2024-07
C02069,2024-04
C02069,2024-05
C02069,2024-06
C02069,2025-01
C02069,2025-04
C02070,2024-11
C02071,2024-09
C02071,2025-05
C02072,2024-09
C02072,2025-11
C02073,2024-01
C02073,2024-02
C02073,2025-01
C02073,2025-05
C02073,2025-08
C02074,2024-03
C02074,2024-10
C02074,2025-08
C02075,2024-04
C02075,2024-10
C02075,2025-01
C02075,2025-12
C02077,2024-09
C02077,2025-09
C02077,2025-12
C02078,2024-05
C02078,2024-09
C02078,2025-01
C02078,2025-03
C02078,2025-10
C02078,2025-12
C02079,2024-03
C02079,2025-12
C02080,2024-06
C02081,2024-03
C02081,2024-05
C02081,2024-08
C02081,2025-08
C02082,2024-02
C02082,2025-07
C02083,2024-01
C02083,2024-04
C02083,2025-02
C02086,2024-04
C02086,2024-11
C02086,2025-09
C02087,2025-03
C02088,2024-05
C02088,2025-08
C02090,2025-11
C02091,2025-04
C02093,2024-10
C02094,2024-01
C02094,2024-03
C02094,2024-12
C02095,2024-03
C02096,2024-08
C02097,2025-03
C02097,2025-05
C02097,2025-12
C02098,2024-01
C02098,2024-06
C02098,2025-05
C02098,2025-08
C02098,2025-09
C02098,2025-12
C02099,2024-06
C02100,2024-06
C02100,2024-12
C02100,2025-07
C02101,2024-09
C02101,2025-05
C02101,2025-07
C02102,2024-01
C02102,2025-03
C02103,2024-01
C02104,2025-02
C02105,2024-05
C02105,2025-06
C02107,2025-08
C02107,2025-12
C02109,2024-01
C02109,2025-05
C02110,2024-04
C02110,2024-09
C02110,2024-10
C02110,2024-12
C02110,2025-06
C02111,2025-02
C02111,2025-09
C02112,2025-12
C02113,2024-07
C02113,2025-12
C02114,2024-09
C02115,2024-04
C02115,2025-06
C02116,2024-03
C02116,2025-08
C02116,2025-12
C02117,2024-03
C02117,2024-04
C02117,2024-07
C02118,2024-10
C02118,2024-12
C02119,2025-09
C02120,2024-02
C02120,2025-02
C02120,2025-09
C02121,2024-01
C02121,2024-10
C02121,2024-11
C02121,2025-12
C02122,2024-10
C02123,2025-07
C02125,2024-10
C02126,2024-10
C02126,2025-05
C02127,2024-04
C02127,2024-10
C02127,2025-10
C02128,2024-02
C02128,2024-08
C02128,2025-05
C02130,2024-04
C02130,2025-04
C02131,2024-05
C02131,2025-01
C02131,2025-07
C02132,2025-01
C02133,2025-02
C02133,2025-04
C02134,2024-04
C02134,2024-05
C02134,2024-12
C02135,2025-03
C02136,2024-01
C02136,2024-06
C02136,2024-08
C02136,2025-09
C02136,2025-10
C02136,2025-12
C02138,2024-05
C02138,2024-10
C02138,2024-12
C02139,2024-05
C02139,2024-07
C02139,2025-09
C02139,2025-12
C02141,2025-03
C02142,2024-07
C02142,2025-07
C02143,2025-07
C02146,2024-12
C02147,2024-07
C02147,2024-08
C02147,2024-10
C02147,2025-02
C02147,2025-03
C02148,2024-04
C02148,2024-08
C02149,2024-04
C02149,2025-01
C02149,2025-06
C02149,2025-09
C02150,2025-12
C02151,2025-03
C02152,2024-05
C02152,2024-08
C02152,2024-11
C02152,2025-06
C02152,2025-09
C02153,2024-04
C02154,2024-07
C02154,2025-05
C02156,2024-02
C02156,2024-10
C02156,2025-03
C02156,2025-04
C02157,2024-10
C02158,2024-11
C02159,2024-06
C02159,2025-01
C02160,2025-09
C02161,2025-05
C02162,2024-10
C02163,2024-10
C02165,2024-07
C02165,2024-10
C02165,2024-12
C02165,2025-12
C02166,2024-09
C02166,2025-04
C02166,2025-08
C02166,2025-12
C02167,2024-01
C02167,2024-04
C02167,2025-12
C02168,2024-04
C02168,2024-06
C02168,2024-08
C02168,2024-12
C02169,2024-09
C02169,2025-07
C02170,2024-06
C02170,2024-07
C02171,2024-06
C02171,2024-11
C02172,2024-12
C02172,2025-12
C02174,2024-02
C02174,2024-07
C02174,2025-10
C02175,2024-03
C02175,2024-06
C02175,2025-06
C02176,2025-03
C02177,2024-06
C02178,2024-03
C02178,2025-05
C02178,2025-12
C02179,2024-12
C02180,2024-06
C02180,2024-11
C02180,2024-12
C02180,2025-03
C02180,2025-08
C02181,2024-09
C02181,2024-11
C02181,2025-05
C02181,2025-11
C02182,2024-04
C02182,2025-02
C02182,2025-05
C02182,2025-11
C02183,2024-02
C02183,2024-04
C02183,2024-07
C02183,2025-02
C02183,2025-03
C02183,2025-06
C02183,2025-09
C02184,2024-11
C02185,2024-01
C02185,2024-03
C02185,2024-11
C02185,2025-03
C02186,2024-02
C02187,2024-05
C02187,2024-10
C02187,2024-12
C02188,2024-07
C02188,2024-09
C02191,2024-07
C02191,2025-02
C02191,2025-05
C02191,2025-06
C02192,2025-09
C02193,2024-10
C02194,2024-09
C02194,2025-06
C02195,2024-03
C02195,2025-09
C02196,2025-06
C02196,2025-09
C02197,2024-12
C02197,2025-07
C02197,2025-10
C02198,2024-12
C02198,2025-03
C02198,2025-06
C02198,2025-08
C02198,2025-09
C02199,2024-01
C02199,2025-11
C02200,2024-06
C02200,2025-01
C02200,2025-06
C02201,2024-01
C02201,2025-02
C02201,2025-05
C02202,2024-07
C02202,2025-12
C02203,2024-09
C02203,2024-12
C02205,2024-03
C02205,2024-10
C02205,2024-11
C02208,2025-03
C02208,2025-08
C02210,2024-09
C02211,2024-01
C02211,2024-08
C02211,2024-10
C02211,2025-07
C02211,2025-08
C02212,2024-08
C02212,2025-02
C02213,2024-04
C02213,2024-10
C02214,2024-06
C02214,2025-07
C02214,2025-09
C02217,2024-08
C02217,2025-03
C02217,2025-09
C02218,2024-04
C02219,2024-12
C02219,2025-02
C02220,2024-03
C02221,2024-06
C02221,2024-07
C02221,2025-07
C02221,2025-10
C02223,2024-07
C02223,2024-12
C02226,2024-04
C02226,2025-11
C02227,2024-02
C02227,2024-09
C02227,2024-11
C02227,2025-08
C02227,2025-10
C02228,2024-08
C02231,2024-01
C02231,2024-07
C02231,2024-12
C02233,2024-03
C02233,2024-10
C02233,2025-06
C02234,2024-03
C02234,2024-05
C02234,2024-12
C02234,2025-07
C02234,2025-09
C02236,2024-08
C02236,2025-11
C02237,2024-12
C02237,2025-07
C02237,2025-11
C02238,2024-02
C02239,2024-04
C02239,2025-01
C02239,2025-08
C02240,2025-03
C02241,2024-03
C02241,2025-06
C02241,2025-10
C02242,2024-05
C02242,2025-07
C02242,2025-10
C02243,2025-04
C02243,2025-05
C02245,2024-03
C02245,2025-08
C02246,2024-12
C02246,2025-08
C02248,2024-08
C02248,2025-04
C02248,2025-07
C02249,2024-11
C02249,2025-02
C02251,2024-06
C02251,2024-12
C02251,2025-07
C02251,2025-11
C02252,2024-04
C02252,2025-05
C02253,2025-02
C02256,2024-12
C02257,2024-09
C02258,2024-03
C02258,2025-10
C02259,2025-08
C02259,2025-11
C02260,2024-09
C02262,2025-05
C02263,2024-12
C02263,2025-01
C02263,2025-04
C02263,2025-09
C02264,2025-01
C02264,2025-07
C02265,2024-08
C02266,2024-02
C02266,2024-05
C02267,2024-08
C02267,2025-03
C02267,2025-09
C02268,2024-02
C02268,2024-03
C02268,2024-06
C02268,2024-07
C02268,2025-02
C02268,2025-06
C02269,2025-05
C02270,2024-01
C02270,2024-05
C02271,2024-05
C02271,2024-09
C02271,2024-11
C02271,2025-06
C02271,2025-09
C02271,2025-10
C02272,2024-07
C02272,2025-07
C02273,2025-03
C02274,2024-12
C02275,2024-02
C02275,2024-05
C02275,2025-11
C02276,2024-05
C02278,2025-01
C02278,2025-02
C02278,2025-03
C02280,2024-04
C02280,2024-05
C02280,2024-08
C02281,2024-12
C02282,2024-09
C02283,2024-04
C02283,2024-09
C02283,2025-01
C02283,2025-04
C02284,2024-06
C02286,2025-05
C02286,2025-11
C02287,2025-03
C02288,2024-03
C02288,2024-12
C02289,2024-01
C02290,2024-08
C02290,2025-01
C02290,2025-12
C02291,2024-11
C02291,2025-09
C02293,2024-05
C02293,2024-10
C02293,2025-03
C02293,2025-11
C02294,2024-01
C02294,2024-07
C02296,2025-04
C02297,2024-10
C02298,2025-03
C02298,2025-12
C02300,2024-09
C02300,2024-10
C02300,2024-11
C02300,2025-04
C02301,2024-01
C02302,2024-01
C02302,2025-08
C02302,2025-10
C02302,2025-12
C02303,2024-12
C02305,2024-11
C02305,2025-03
C02307,2024-12
C02309,2024-09
C02309,2024-11
C02309,2025-06
C02310,2024-02
C02310,2025-07
C02311,2024-04
C02311,2025-06
C02312,2025-04
C02313,2024-06
C02314,2025-05
C02314,2025-10
C02316,2024-11
C02317,2025-07
C02317,2025-11
C02318,2025-03
C02319,2024-05
C02319,2024-08
C02320,2024-11
C02320,2025-06
C02321,2024-03
C02321,2025-07
C02322,2025-03
C02322,2025-10
C02323,2024-04
C02323,2024-05
C02323,2024-12
C02324,2025-02
C02327,2025-09
C02327,2025-10
C02328,2025-02
C02329,2025-09
C02331,2024-12
C02331,2025-09
C02332,2024-01
C02332,2024-05
C02332,2024-12
C02332,2025-07
C02332,2025-08
C02332,2025-11
C02335,2024-04
C02335,2024-07
C02335,2025-06
C02335,2025-10
C02339,2025-06
C02339,2025-11
C02340,2024-11
C02340,2025-02
C02341,2024-05
C02341,2024-10
C02341,2024-11
C02341,2025-03
C02341,2025-06
C02341,2025-10
C02343,2024-10
C02343,2025-03
C02343,2025-08
C02343,2025-09
C02344,2024-01
C02344,2024-10
C02346,2025-10
C02347,2024-01
C02347,2024-08
C02347,2025-01
C02350,2025-01
C02352,2024-09
C02353,2025-01
C02354,2025-01
C02356,2024-12
C02356,2025-01
C02357,2024-09
C02357,2024-12
C02357,2025-03
C02357,2025-08
C02359,2024-01
C02359,2024-12
C02359,2025-02
C02359,2025-05
C02359,2025-07
C02359,2025-10
C02360,2024-01
C02360,2024-03
C02360,2024-09
C02360,2025-10
C02361,2024-02
C02361,2024-03
C02361,2024-07
C02361,2025-01
C02362,2024-01
C02362,2024-03
C02362,2024-07
C02362,2024-10
C02362,2024-11
C02362,2025-12
C02363,2024-04
C02363,2024-07
C02363,2024-10
C02363,2025-04
C02364,2025-02
C02364,2025-09
C02365,2024-06
C02366,2024-12
C02367,2024-08
C02367,2025-02
C02367,2025-05
C02369,2024-06
C02369,2024-07
C02369,2025-01
C02370,2024-07
C02370,2024-10
C02371,2025-02
C02372,2024-04
C02373,2025-05
C02373,2025-06
C02373,2025-09
C02373,2025-12
C02374,2024-09
C02375,2024-12
C02375,2025-03
C02378,2025-06
C02379,2024-07
C02379,2024-08
C02379,2024-12
C02380,2024-03
C02381,2025-06
C02383,2024-05
C02383,2024-07
C02383,2025-10
C02386,2024-07
C02386,2024-10
C02386,2025-05
C02388,2025-01
C02389,2025-06
C02390,2024-02
C02390,2025-01
C02391,2024-04
C02391,2024-07
C02391,2024-08
C02391,2024-11
C02391,2025-02
C02391,2025-07
C02392,2024-01
C02393,2024-01
C02393,2024-04
C02393,2024-06
C02393,2024-08
C02393,2024-12
C02394,2024-05
C02394,2024-07
C02394,2024-09
C02394,2024-12
C02395,2024-06
C02395,2025-07
C02395,2025-08
C02395,2025-10
C02396,2024-04
C02397,2024-11
C02397,2024-12
C02397,2025-03
C02398,2025-11
C02401,2025-01
C02401,2025-09
C02401,2025-11
C02402,2024-10
C02403,2024-07
C02405,2024-03
C02407,2024-08
C02408,2025-03
C02408,2025-04
C02408,2025-07
C02408,2025-09
C02409,2024-07
C02409,2025-01
C02409,2025-03
C02410,2024-02
C02410,2024-07
C02410,2024-11
C02410,2025-07
C02411,2024-10
C02411,2025-04
C02412,2025-03
C02414,2024-08
C02414,2025-04
C02414,2025-09
C02414,2025-10
C02414,2025-11
C02415,2024-05
C02415,2025-08
C02415,2025-09
C02416,2024-01
C02416,2024-07
C02416,2024-11
C02416,2025-04
C02416,2025-09
C02417,2025-04
C02417,2025-07
C02418,2024-05
C02418,2025-11
C02420,2024-08
C02420,2025-02
C02420,2025-05
C02421,2024-09
C02421,2025-05
C02422,2024-11
C02422,2025-07
C02423,2024-05
C02423,2024-09
C02423,2025-08
C02424,2024-04
C02424,2024-07
C02424,2025-05
C02425,2024-05
C02425,2024-06
C02425,2024-11
C02425,2025-01
C02426,2024-01
C02426,2024-04
C02426,2024-07
C02426,2025-02
C02426,2025-07
C02426,2025-12
C02427,2024-03
C02427,2025-01
C02427,2025-12
C02428,2024-05
C02429,2024-01
C02429,2025-12
C02430,2025-03
C02430,2025-08
C02430,2025-10
C02430,2025-11
C02430,2025-12
C02431,2024-05
C02431,2024-06
C02431,2025-06
C02432,2024-07
C02432,2024-11
C02432,2025-01
C02432,2025-06
C02434,2024-01
C02434,2024-12
C02434,2025-06
C02435,2024-01
C02435,2025-08
C02435,2025-11
C02436,2024-03
C02436,2025-05
C02437,2024-08
C02437,2024-10
C02439,2024-03
C02439,2024-09
C02439,2025-12
C02440,2025-03
C02440,2025-06
C02441,2024-04
C02441,2024-09
C02441,2025-08
C02441,2025-10
C02441,2025-11
C02442,2024-05
C02442,2024-11
C02442,2025-10
C02443,2025-09
C02444,2024-12
C02444,2025-08
C02445,2024-10
C02445,2025-08
C02446,2024-03
C02446,2024-06
C02447,2024-06
C02447,2025-04
C02447,2025-09
C02448,2024-04
C02449,2025-06
C02450,2025-12
C02451,2024-06
C02453,2024-09
C02453,2025-12
C02454,2024-12
C02455,2025-04
C02456,2024-12
C02457,2024-01
C02457,2024-02
C02457,2024-10
C02457,2024-11
C02457,2024-12
C02458,2024-01
C02458,2024-02
C02458,2025-06
C02459,2024-06
C02459,2024-07
C02459,2025-10
C02461,2024-02
C02461,2024-09
C02462,2024-05
C02462,2025-09
C02462,2025-11
C02463,2024-01
C02463,2024-06
C02465,2025-09
C02466,2024-04
C02466,2025-01
C02467,2025-09
C02467,2025-12
C02468,2025-04
C02469,2025-08
C02470,2025-03
C02471,2024-02
C02471,2025-03
C02471,2025-12
C02472,2024-01
C02472,2024-04
C02472,2024-07
C02472,2025-01
C02472,2025-08
C02472,2025-11
C02473,2024-08
C02473,2025-03
C02474,2024-01
C02475,2024-02
C02475,2024-03
C02476,2024-07
C02476,2025-10
C02476,2025-11
C02477,2024-05
C02477,2025-06
C02478,2025-05
C02480,2024-08
C02480,2025-12
C02481,2024-03
C02481,2025-04
C02481,2025-05
C02482,2024-03
C02482,2024-05
C02482,2024-07
C02482,2024-09
C02482,2025-02
C02484,2024-01
C02484,2025-06
C02485,2025-10
C02486,2024-01
C02486,2024-08
C02486,2024-11
C02487,2024-01
C02487,2024-02
C02487,2025-03
C02487,2025-04
C02487,2025-07
C02489,2024-05
C02489,2024-07
C02489,2024-12
C02490,2025-02
C02490,2025-09
C02493,2024-04
C02493,2024-07
C02493,2025-06
C02494,2024-03
C02494,2025-10
C02497,2024-08
C02497,2024-12
C02497,2025-09
C02499,2024-01
C02499,2024-07
C02499,2025-02
C02499,2025-08
C02499,2025-10
C02500,2024-01
C02500,2024-03
C02500,2024-06
C02500,2025-07
C02500,2025-08
C02502,2024-01
C02502,2025-02
C02502,2025-04
C02502,2025-05
C02502,2025-11
C02504,2024-01
C02504,2024-07
C02504,2024-09
C02504,2025-04
C02504,2025-10
C02504,2025-11
C02505,2024-09
C02505,2025-03
C02505,2025-05
C02506,2024-04
C02506,2025-02
C02506,2025-08
C02507,2024-03
C02508,2025-09
C02509,2025-01
C02509,2025-03
C02510,2025-08
C02510,2025-11
C02511,2024-10
C02512,2024-03
C02512,2024-05
C02512,2024-06
C02512,2024-09
C02512,2025-03
C02515,2025-04
C02516,2024-03
C02516,2024-07
C02516,2024-11
C02516,2024-12
C02517,2024-04
C02517,2025-01
C02517,2025-07
C02517,2025-08
C02518,2024-05
C02518,2025-01
C02519,2024-08
C02519,2025-10
C02521,2024-08
C02521,2025-11
C02523,2025-03
C02524,2025-01
C02524,2025-11
C02525,2025-02
C02527,2025-08
C02528,2024-06
C02528,2024-09
C02528,2024-11
C02528,2025-03
C02529,2024-12
C02531,2024-05
C02531,2024-12
C02531,2025-06
C02531,2025-10
C02532,2024-01
C02532,2024-02
C02532,2024-08
C02532,2025-05
C02533,2025-11
C02535,2024-04
C02535,2024-08
C02536,2024-08
C02536,2025-05
C02536,2025-08
C02536,2025-11
C02537,2024-01
C02537,2024-08
C02537,2025-02
C02537,2025-07
C02537,2025-10
C02538,2025-06
C02539,2024-02
C02539,2024-05
C02539,2025-07
C02540,2024-12
C02540,2025-08
C02541,2024-01
C02541,2024-12
C02541,2025-03
C02541,2025-06
C02541,2025-07
C02543,2024-09
C02544,2025-01
C02545,2024-05
C02545,2024-08
C02545,2025-02
C02545,2025-10
C02545,2025-11
C02546,2025-04
C02546,2025-12
C02548,2024-07
C02550,2024-08
C02550,2024-11
C02550,2025-11
C02550,2025-12
C02551,2025-02
C02551,2025-09
C02552,2024-06
C02554,2024-03
C02554,2025-03
C02554,2025-04
C02554,2025-05
C02554,2025-09
C02554,2025-10
C02555,2025-03
C02556,2024-04
C02556,2025-09
C02557,2024-07
C02559,2024-03
C02559,2025-04
C02560,2024-03
C02560,2024-04
C02560,2024-06
C02560,2024-10
C02561,2025-02
C02561,2025-05
C02561,2025-12
C02562,2024-01
C02562,2024-12
C02562,2025-06
C02563,2025-10
C02564,2025-03
C02564,2025-11
C02565,2025-08
C02565,2025-12
C02567,2024-10
C02567,2025-06
C02569,2024-08
C02569,2025-12
C02574,2024-06
C02574,2024-12
C02574,2025-08
C02575,2024-10
C02576,2024-01
C02576,2024-09
C02576,2025-05
C02577,2024-07
C02578,2024-02
C02578,2024-12
C02578,2025-10
C02579,2024-07
C02579,2024-09
C02580,2025-09
C02580,2025-10
C02581,2024-08
C02582,2025-11
C02583,2024-01
C02583,2024-04
C02586,2024-02
C02586,2024-07
C02586,2024-11
C02586,2025-03
C02586,2025-04
C02586,2025-09
C02587,2024-06
C02587,2025-01
C02588,2024-12
C02589,2024-04
C02589,2024-09
C02589,2024-10
C02589,2025-09
C02589,2025-10
C02590,2024-01
C02590,2024-03
C02590,2024-11
C02590,2025-06
C02590,2025-08
C02590,2025-12
C02591,2024-05
C02592,2024-03
C02592,2024-08
C02592,2024-09
C02592,2025-04
C02592,2025-10
C02592,2025-11
C02593,2024-01
C02593,2024-03
C02593,2024-04
C02593,2025-08
C02594,2024-12
C02594,2025-03
C02594,2025-04
C02595,2024-01
C02595,2024-04
C02595,2024-12
C02596,2025-03
C02597,2024-08
C02597,2025-10
C02598,2024-02
C02598,2024-05
C02598,2024-09
C02598,2025-10
C02601,2024-06
C02601,2025-12
C02602,2024-12
C02603,2024-02
C02603,2024-04
C02603,2025-06
C02603,2025-10
C02604,2025-04
C02604,2025-05
C02606,2024-03
C02606,2025-11
C02607,2024-07
C02610,2024-09
C02610,2025-02
C02610,2025-04
C02610,2025-11
C02612,2024-01
C02612,2024-03
C02612,2024-08
C02612,2024-12
C02612,2025-06
C02612,2025-10
C02614,2025-03
C02614,2025-06
C02615,2024-04
C02615,2024-06
C02615,2024-07
C02616,2024-12
C02619,2024-03
C02619,2024-04
C02619,2024-05
C02619,2025-12
C02620,2024-07
C02620,2025-02
C02621,2024-02
C02621,2024-05
C02622,2024-02
C02622,2024-05
C02622,2025-07
C02622,2025-10
C02624,2024-12
C02624,2025-06
C02625,2024-04
C02627,2024-09
C02628,2024-10
C02629,2024-02
C02629,2024-03
C02629,2024-04
C02629,2025-09
C02629,2025-12
C02630,2024-01
C02631,2024-01
C02631,2024-10
C02632,2025-05
C02632,2025-11
C02632,2025-12
C02633,2024-03
C02633,2025-04
C02633,2025-08
C02633,2025-12
C02634,2025-07
C02635,2025-12
C02636,2025-10
C02637,2025-11
C02638,2024-04
C02638,2024-12
C02638,2025-07
C02639,2024-07
C02639,2025-07
C02639,2025-09
C02640,2024-06
C02640,2025-04
C02640,2025-05
C02643,2024-11
C02643,2025-03
C02644,2024-02
C02644,2024-07
C02644,2024-09
C02644,2024-12
C02644,2025-01
C02644,2025-08
C02645,2025-04
C02646,2024-02
C02646,2025-05
C02647,2025-01
C02647,2025-03
C02647,2025-05
C02649,2024-01
C02649,2024-06
C02649,2024-09
C02649,2024-12
C02649,2025-04
C02650,2024-12
C02650,2025-05
C02650,2025-07
C02651,2025-10
C02651,2025-12
C02654,2025-03
C02655,2024-06
C02656,2024-02
C02656,2024-11
C02656,2025-02
C02657,2024-11
C02657,2024-12
C02657,2025-06
C02659,2024-06
C02659,2024-08
C02659,2024-10
C02659,2025-04
C02659,2025-09
C02659,2025-12
C02660,2024-07
C02660,2024-10
C02660,2025-05
C02661,2025-10
C02663,2024-03
C02663,2025-02
C02663,2025-08
C02663,2025-11
C02665,2025-12
C02666,2024-07
C02666,2025-10
C02667,2024-01
C02667,2024-06
C02667,2025-07
C02668,2024-12
C02668,2025-04
C02668,2025-08
C02668,2025-09
C02668,2025-11
C02669,2024-01
C02669,2024-02
C02670,2024-01
C02670,2024-04
C02670,2024-07
C02670,2025-02
C02670,2025-06
C02671,2024-05
C02671,2024-08
C02671,2025-01
C02671,2025-03
C02672,2024-10
C02673,2024-07
C02673,2025-06
C02673,2025-08
C02674,2024-03
C02674,2025-05
C02675,2025-02
C02675,2025-10
C02677,2024-11
C02679,2024-03
C02679,2024-11
C02679,2025-02
C02679,2025-04
C02680,2024-01
C02681,2025-05
C02682,2024-05
C02682,2025-10
C02683,2024-08
C02683,2025-02
C02684,2024-02
C02684,2024-07
C02684,2025-01
C02684,2025-08
C02685,2024-02
C02685,2024-03
C02685,2024-11
C02686,2024-03
C02686,2024-10
C02686,2025-02
C02686,2025-10
C02688,2024-10
C02689,2025-04
C02690,2024-04
C02691,2025-08
C02693,2025-02
C02693,2025-09
C02694,2024-11
C02695,2024-03
C02695,2024-05
C02695,2024-10
C02695,2025-01
C02695,2025-05
C02695,2025-11
C02697,2024-11
C02698,2024-02
C02699,2024-05
C02699,2024-07
C02700,2024-02
C02700,2024-12
C02700,2025-01
C02700,2025-08
C02700,2025-11
C02701,2024-02
C02701,2024-03
C02701,2025-06
C02701,2025-07
C02701,2025-08
C02701,2025-12
C02702,2024-09
C02703,2024-11
C02703,2024-12
C02703,2025-10
C02703,2025-12
C02705,2025-07
C02706,2024-11
C02706,2025-06
C02708,2024-05
C02710,2025-05
C02710,2025-07
C02711,2024-12
C02711,2025-06
C02712,2024-04
C02712,2024-11
C02712,2025-09
C02714,2024-03
C02715,2025-07
C02716,2025-11
C02717,2024-04
C02717,2024-08
C02718,2024-02
C02718,2024-10
C02718,2025-02
C02718,2025-07
C02718,2025-11
C02718,2025-12
C02720,2024-06
C02720,2025-09
C02720,2025-10
C02721,2024-06
C02721,2024-07
C02721,2024-08
C02722,2024-07
C02722,2025-02
C02722,2025-12
C02723,2024-04
C02726,2024-01
C02726,2025-01
C02726,2025-06
C02727,2024-06
C02727,2025-06
C02728,2024-02
C02728,2025-07
C02728,2025-08
C02730,2024-08
C02732,2024-02
C02732,2024-08
C02732,2024-09
C02732,2025-05
C02732,2025-06
C02733,2024-02
C02733,2024-05
C02733,2025-03
C02733,2025-04
C02734,2024-08
C02735,2024-01
C02735,2025-02
C02735,2025-03
C02736,2024-06
C02736,2025-06
C02736,2025-09
C02737,2024-08
C02740,2025-12
C02741,2024-10
C02742,2025-04
C02742,2025-12
C02743,2024-08
C02743,2025-08
C02744,2025-12
C02745,2025-05
C02745,2025-06
C02745,2025-08
C02747,2024-07
C02748,2024-04
C02748,2024-08
C02750,2024-06
C02751,2024-05
C02751,2024-11
C02752,2024-11
C02752,2025-02
C02754,2025-11
C02754,2025-12
C02757,2024-05
C02757,2025-09
C02758,2024-03
C02759,2024-02
C02759,2025-04
C02760,2024-01
C02760,2024-03
C02760,2024-07
C02761,2024-01
C02761,2024-04
C02762,2024-07
C02762,2025-05
C02762,2025-12
C02763,2024-09
C02763,2025-04
C02763,2025-06
C02765,2024-07
C02765,2024-08
C02765,2024-10
C02766,2024-04
C02766,2024-06
C02766,2024-07
C02766,2024-08
C02767,2024-10
C02769,2024-09
C02770,2024-04
C02770,2025-02
C02771,2025-06
C02771,2025-08
C02772,2024-02
C02772,2024-06
C02773,2025-11
C02774,2024-04
C02774,2024-09
C02774,2024-10
C02774,2025-04
C02775,2024-01
C02775,2024-04
C02775,2024-05
C02775,2025-04
C02776,2024-12
C02777,2024-03
C02777,2024-09
C02778,2024-05
C02780,2024-12
C02780,2025-11
C02781,2024-10
C02782,2024-01
C02782,2024-04
C02782,2024-12
C02782,2025-09
C02784,2024-05
C02784,2025-06
C02784,2025-12
C02785,2025-03
C02786,2025-09
C02787,2024-08
C02788,2024-02
C02788,2025-12
C02791,2024-03
C02791,2024-04
C02791,2024-10
C02791,2024-11
C02791,2024-12
C02792,2024-10
C02792,2024-12
C02793,2024-03
C02793,2024-05
C02793,2024-06
C02793,2024-12
C02793,2025-06
C02794,2024-03
C02794,2025-05
C02794,2025-07
C02794,2025-12
C02795,2025-08
C02796,2024-02
C02796,2024-04
C02796,2024-06
C02796,2025-03
C02796,2025-07
C02797,2025-02
C02797,2025-03
C02798,2024-04
C02798,2025-12
C02799,2025-08
C02801,2024-03
C02801,2025-03
C02801,2025-10
C02802,2024-11
C02802,2025-04
C02803,2024-02
C02803,2025-04
C02804,2024-05
C02804,2024-06
C02804,2025-05
C02805,2024-05
C02807,2024-11
C02809,2025-06
C02811,2024-03
C02811,2024-08
C02811,2024-09
C02811,2025-02
C02811,2025-04
C02812,2025-07
C02812,2025-08
C02813,2025-09
C02814,2024-10
C02814,2025-12
C02815,2024-03
C02815,2024-09
C02815,2025-03
C02816,2024-06
C02816,2024-08
C02816,2024-11
C02816,2025-04
C02816,2025-08
C02816,2025-09
C02818,2024-06
C02819,2025-04
C02819,2025-05
C02819,2025-10
C02820,2024-12
C02820,2025-06
C02820,2025-08
C02820,2025-12
C02821,2024-11
C02821,2025-02
C02821,2025-07
C02822,2025-10
C02823,2024-12
C02824,2024-11
C02824,2025-05
C02824,2025-09
C02824,2025-12
C02828,2024-09
C02828,2024-10
C02828,2024-11
C02828,2024-12
C02829,2025-11
C02830,2024-06
C02831,2024-06
C02831,2024-07
C02831,2025-02
C02831,2025-05
C02831,2025-08
C02834,2024-07
C02834,2025-01
C02834,2025-02
C02834,2025-08
C02835,2024-03
C02835,2024-09
C02835,2024-10
C02835,2025-08
C02835,2025-11
C02837,2025-04
C02838,2024-10
C02838,2025-03
C02840,2024-01
C02841,2025-01
C02842,2024-05
C02843,2024-01
C02843,2024-08
C02844,2024-02
C02844,2024-03
C02844,2025-10
C02845,2025-08
C02846,2025-05
C02848,2024-03
C02848,2024-07
C02849,2024-10
C02849,2025-03
C02849,2025-06
C02850,2025-06
C02850,2025-09
C02850,2025-10
C02852,2024-05
C02852,2024-10
C02852,2025-01
C02852,2025-11
C02856,2024-01
C02856,2024-06
C02856,2024-07
C02857,2025-10
C02858,2024-01
C02859,2024-03
C02859,2025-12
C02860,2024-02
C02860,2025-07
C02860,2025-08
C02861,2024-06
C02862,2025-09
C02862,2025-12
C02863,2025-08
C02865,2024-05
C02865,2024-07
C02865,2024-12
C02865,2025-05
C02865,2025-06
C02865,2025-10
C02866,2024-02
C02866,2025-05
C02866,2025-12
C02868,2024-08
C02868,2025-11
C02868,2025-12
C02869,2024-04
C02869,2024-06
C02869,2024-09
C02869,2025-03
C02869,2025-11
C02872,2024-02
C02872,2025-01
C02872,2025-03
C02874,2024-12
C02874,2025-03
C02874,2025-08
C02875,2025-12
C02876,2024-10
C02876,2025-02
C02876,2025-08
C02877,2024-04
C02877,2025-05
C02879,2024-03
C02879,2024-08
C02879,2024-10
C02880,2025-12
C02881,2024-01
C02881,2024-10
C02881,2025-01
C02881,2025-03
C02881,2025-05
C02882,2024-02
C02882,2024-04
C02882,2025-10
C02883,2024-03
C02883,2024-06
C02883,2024-07
C02883,2024-08
C02883,2024-10
C02883,2024-11
C02884,2024-03
C02886,2024-08
C02889,2024-01
C02889,2024-05
C02889,2024-10
C02889,2025-01
C02889,2025-08
C02889,2025-09
C02889,2025-12
C02890,2024-02
C02890,2024-03
C02893,2024-01
C02893,2025-01
C02894,2024-08
C02894,2025-11
C02895,2024-10
C02897,2025-07
C02897,2025-08
C02897,2025-10
C02898,2024-11
C02898,2025-01
C02898,2025-08
C02899,2024-04
C02900,2025-09
C02901,2024-05
C02901,2025-07
C02901,2025-11
C02902,2024-05
C02902,2024-07
C02902,2025-07
C02902,2025-10
C02903,2024-01
C02903,2024-08
C02903,2024-09
C02903,2025-03
C02903,2025-12
C02904,2024-07
C02904,2025-09
C02904,2025-11
C02905,2025-02
C02905,2025-09
C02906,2024-05
C02907,2024-11
C02908,2024-05
C02908,2025-07
C02908,2025-12
C02909,2024-07
C02909,2025-01
C02909,2025-07
C02909,2025-08
C02911,2024-05
C02911,2024-08
C02911,2025-01
C02911,2025-07
C02911,2025-10
C02911,2025-11
C02913,2024-01
C02913,2024-05
C02913,2025-06
C02913,2025-08
C02914,2024-05
C02914,2025-05
C02915,2025-02
C02916,2024-01
C02916,2024-02
C02916,2024-12
C02916,2025-03
C02916,2025-06
C02916,2025-12
C02917,2024-05
C02917,2024-07
C02917,2024-08
C02917,2024-09
C02917,2025-08
C02917,2025-10
C02918,2024-07
C02918,2025-10
C02919,2025-04
C02919,2025-08
C02921,2025-08
C02921,2025-11
C02922,2024-03
C02922,2024-08
C02922,2024-09
C02922,2024-12
C02922,2025-09
C02922,2025-11
C02923,2024-12
C02923,2025-12
C02924,2024-07
C02924,2025-11
C02925,2025-06
C02926,2024-09
C02926,2025-01
C02927,2024-02
C02927,2025-10
C02928,2024-11
C02929,2024-08
C02929,2025-10
C02930,2024-01
C02930,2024-11
C02930,2025-05
C02930,2025-10
C02930,2025-12
C02931,2024-04
C02931,2025-01
C02931,2025-07
C02931,2025-09
C02932,2024-05
C02932,2024-12
C02932,2025-01
C02932,2025-08
C02932,2025-10
C02935,2025-11
C02938,2024-05
C02938,2024-10
C02939,2024-01
C02940,2025-04
C02940,2025-06
C02941,2025-09
C02942,2024-01
C02943,2024-03
C02943,2024-09
C02943,2025-04
C02944,2024-05
C02944,2025-06
C02944,2025-12
C02945,2024-05
C02945,2024-11
C02945,2025-06
C02946,2025-01
C02946,2025-05
C02946,2025-06
C02946,2025-09
C02946,2025-11
C02946,2025-12
C02947,2024-12
C02947,2025-07
C02948,2024-11
C02949,2024-03
C02949,2024-05
C02949,2025-04
C02949,2025-07
C02949,2025-10
C02949,2025-12
C02951,2024-08
C02951,2025-07
C02951,2025-11
C02952,2024-07
C02952,2024-09
C02952,2025-04
C02952,2025-05
C02952,2025-11
C02953,2024-04
C02953,2024-06
C02954,2024-10
C02954,2025-07
C02955,2024-05
C02957,2025-05
C02958,2025-04
C02959,2024-09
C02960,2024-02
C02960,2024-07
C02960,2025-03
C02960,2025-05
C02960,2025-09
C02961,2024-01
C02961,2024-08
C02961,2025-07
C02962,2025-07
C02963,2024-01
C02964,2024-07
C02964,2024-11
C02964,2025-02
C02966,2024-06
C02966,2025-02
C02966,2025-04
C02967,2024-02
C02967,2024-07
C02967,2025-03
C02967,2025-04
C02967,2025-05
C02967,2025-06
C02967,2025-08
C02967,2025-11
C02968,2024-09
C02969,2024-07
C02969,2024-10
C02970,2024-04
C02970,2025-11
C02972,2024-01
C02972,2024-12
C02972,2025-02
C02973,2024-07
C02973,2024-09
C02973,2024-10
C02973,2025-03
C02974,2025-05
C02975,2024-08
C02977,2024-09
C02977,2025-03
C02977,2025-09
C02978,2024-06
C02979,2024-04
C02979,2025-02
C02982,2025-04
C02982,2025-11
C02983,2024-10
C02984,2024-05
C02984,2024-07
C02984,2024-10
C02984,2024-12
C02984,2025-07
C02985,2024-07
C02987,2025-08
C02989,2024-07
C02989,2024-09
C02989,2025-12
C02990,2024-04
C02990,2025-11
C02991,2025-04
C02991,2025-12
C02993,2024-02
C02993,2024-04
C02993,2024-07
C02993,2025-05
C02994,2025-04
C02994,2025-07
C02994,2025-10
C02995,2024-04
C02995,2024-09
C02995,2024-10
C02995,2024-12
C02995,2025-04
C02995,2025-12
C02996,2024-08
C02996,2024-11
C02996,2025-05
C02996,2025-09
C02997,2025-05
C02998,2025-12
C03000,2025-10
C03001,2024-01
C03001,2024-04
C03001,2025-04
C03001,2025-10
C03001,2025-11
C03001,2025-12
C03002,2025-12
C03004,2025-04
C03004,2025-12
C03005,2024-02
C03006,2024-01
C03006,2024-12
C03008,2024-12
C03008,2025-11
C03009,2025-12
C03010,2024-07
C03012,2024-02
C03012,2025-08
C03013,2024-01
C03013,2025-02
C03013,2025-03
C03013,2025-11
C03014,2024-02
C03014,2024-05
C03014,2025-08
C03018,2024-01
C03018,2025-09
C03018,2025-11
C03019,2024-03
C03019,2025-01
C03019,2025-06
C03021,2025-07
C03022,2025-02
C03022,2025-12
C03023,2024-06
C03023,2025-03
C03024,2024-11
C03025,2024-05
C03026,2025-06
C03026,2025-12
C03028,2024-12
C03029,2025-04
C03029,2025-09
C03030,2024-02
C03030,2024-06
C03030,2025-06
C03031,2025-06
C03031,2025-08
C03032,2024-07
C03032,2024-08
C03033,2024-12
C03033,2025-09
C03034,2025-09
C03035,2025-03
C03035,2025-05
C03035,2025-06
C03037,2024-09
C03037,2024-10
C03037,2024-11
C03037,2025-08
C03039,2025-02
C03040,2024-06
C03041,2024-02
C03041,2024-07
C03041,2025-05
C03042,2025-07
C03042,2025-10
C03043,2024-08
C03043,2024-10
C03044,2024-05
C03045,2025-03
C03045,2025-08
C03045,2025-10
C03045,2025-12
C03047,2025-06
C03048,2024-08
C03048,2025-06
C03048,2025-08
C03049,2024-02
C03049,2025-04
C03049,2025-08
C03049,2025-12
C03050,2024-01
C03050,2025-07
C03051,2024-06
C03052,2024-06
C03052,2025-12
C03053,2024-05
C03053,2025-09
C03054,2024-03
C03054,2024-12
C03054,2025-01
C03054,2025-06
C03057,2025-09
C03058,2024-02
C03060,2024-02
C03060,2024-12
C03062,2024-03
C03062,2025-03
C03062,2025-06
C03063,2024-06
C03063,2024-08
C03064,2024-02
C03067,2025-07
C03068,2024-05
C03068,2024-07
C03068,2025-10
C03068,2025-12
C03069,2024-08
C03069,2025-12
C03070,2025-01
C03070,2025-02
C03070,2025-05
C03071,2025-02
C03072,2024-05
C03072,2024-08
C03072,2025-01
C03072,2025-09
C03073,2024-11
C03074,2025-05
C03075,2024-05
C03075,2024-12
C03075,2025-09
C03076,2024-04
C03076,2025-03
C03076,2025-10
C03078,2025-02
C03079,2024-05
C03080,2025-01
C03080,2025-04
C03081,2025-04
C03082,2025-05
C03083,2024-03
C03083,2024-07
C03086,2024-01
C03086,2024-07
C03086,2025-03
C03087,2025-01
C03088,2024-07
C03088,2024-10
C03089,2024-05
C03090,2024-06
C03091,2024-09
C03091,2024-11
C03091,2025-04
C03094,2025-03
C03094,2025-11
C03095,2024-10
C03095,2025-08
C03096,2024-04
C03096,2025-02
C03096,2025-03
C03097,2024-04
C03099,2024-09
C03099,2025-02
C03100,2024-02
C03100,2024-07
C03100,2024-09
C03100,2025-10
C03101,2025-03
C03102,2024-07
C03105,2024-03
C03105,2024-12
C03105,2025-10
C03106,2024-07
C03106,2025-04
C03108,2025-02
C03109,2024-06
C03110,2024-11
C03111,2024-04
C03111,2024-07
C03111,2024-09
C03111,2024-12
C03111,2025-03
C03112,2024-08
C03112,2024-11
C03112,2025-11
C03114,2024-01
C03114,2025-05
C03114,2025-06
C03114,2025-10
C03115,2024-08
C03115,2025-07
C03117,2024-01
C03117,2024-12
C03117,2025-02
C03119,2025-08
C03119,2025-10
C03119,2025-11
C03120,2025-04
C03121,2024-12
C03123,2025-05
C03124,2024-03
C03124,2024-04
C03124,2025-03
C03127,2025-06
C03128,2024-08
C03128,2024-10
C03128,2025-09
C03129,2024-12
C03129,2025-03
C03130,2025-01
C03130,2025-06
C03131,2024-08
C03132,2024-01
C03132,2025-12
C03133,2024-02
C03133,2024-03
C03133,2024-06
C03133,2025-02
C03137,2024-03
C03137,2024-08
C03137,2024-09
C03137,2025-01
C03137,2025-04
C03137,2025-09
C03138,2025-10
C03139,2025-08
C03141,2025-07
C03142,2025-03
C03142,2025-06
C03143,2024-09
C03143,2024-11
C03143,2025-10
C03144,2024-07
C03146,2025-10
C03149,2024-02
C03149,2025-05
C03149,2025-08
C03149,2025-12
C03152,2025-02
C03154,2024-06
C03156,2024-01
C03156,2024-10
C03156,2025-05
C03157,2024-05
C03157,2025-04
C03158,2024-07
C03160,2024-10
C03162,2025-12
C03163,2024-04
C03163,2025-03
C03163,2025-05
C03164,2024-08
C03165,2024-04
C03165,2024-08
C03165,2025-04
C03166,2024-05
C03168,2024-01
C03168,2024-11
C03168,2025-02
C03169,2025-06
C03169,2025-10
C03169,2025-11
C03170,2024-03
C03170,2024-07
C03171,2024-09
C03172,2025-05
C03173,2025-04
C03174,2024-04
C03174,2024-12
C03174,2025-03
C03175,2024-05
C03175,2025-03
C03175,2025-04
C03176,2024-02
C03176,2024-12
C03176,2025-03
C03176,2025-09
C03176,2025-11
C03177,2025-02
C03178,2025-05
C03179,2025-09
C03180,2025-04
C03181,2024-05
C03181,2024-09
C03181,2025-08
C03184,2024-02
C03184,2024-05
C03184,2024-08
C03184,2024-09
C03184,2024-11
C03184,2025-06
C03184,2025-07
C03186,2024-03
C03186,2024-06
C03186,2024-11
C03186,2025-03
C03187,2024-04
C03187,2025-11
C03188,2025-05
C03188,2025-12
C03190,2024-07
C03192,2024-05
C03192,2025-07
C03193,2024-11
C03193,2025-06
C03194,2025-01
C03194,2025-03
C03194,2025-12
C03195,2024-12
C03195,2025-08
C03196,2024-04
C03196,2025-01
C03196,2025-03
C03196,2025-11
C03197,2025-05
C03197,2025-12
C03198,2024-12
C03198,2025-01
C03198,2025-02
C03198,2025-09
C03198,2025-12
C03199,2025-04
C03202,2024-04
C03202,2024-11
C03202,2025-05
C03202,2025-08
C03204,2024-02
C03204,2024-03
C03204,2025-06
C03204,2025-09
C03204,2025-12
C03205,2025-02
C03205,2025-08
C03205,2025-10
C03205,2025-12
C03206,2024-03
C03206,2024-06
C03206,2025-05
C03207,2024-01
C03207,2024-11
C03207,2025-02
C03207,2025-04
C03207,2025-06
C03207,2025-11
C03209,2024-08
C03210,2025-05
C03211,2024-05
C03211,2025-04
C03212,2024-02
C03212,2025-01
C03212,2025-06
C03213,2024-12
C03213,2025-09
C03214,2024-06
C03214,2025-05
C03215,2025-01
C03215,2025-04
C03215,2025-05
C03215,2025-07
C03216,2024-04
C03218,2024-06
C03218,2025-06
C03218,2025-08
C03218,2025-09
C03219,2025-06
C03219,2025-09
C03221,2025-03
C03221,2025-07
C03222,2024-04
C03222,2024-11
C03223,2024-07
C03223,2025-01
C03224,2024-09
C03224,2024-11
C03224,2025-08
C03225,2024-07
C03225,2024-11
C03225,2025-01
C03226,2025-09
C03226,2025-11
C03227,2024-12
C03227,2025-01
C03227,2025-02
C03227,2025-07
C03228,2025-06
C03228,2025-09
C03229,2024-07
C03229,2024-10
C03229,2025-02
C03229,2025-10
C03230,2025-03
C03231,2024-07
C03231,2024-11
C03232,2024-04
C03232,2025-03
C03232,2025-06
C03235,2024-01
C03235,2024-10
C03235,2024-12
C03236,2024-01
C03236,2025-02
C03236,2025-10
C03238,2024-01
C03238,2024-11
C03238,2025-07
C03239,2024-02
C03240,2024-05
C03240,2025-09
C03241,2024-06
C03241,2025-07
C03242,2024-07
C03243,2024-05
C03244,2025-08
C03245,2024-06
C03245,2024-07
C03245,2024-09
C03246,2024-03
C03246,2024-04
C03246,2024-08
C03246,2024-11
C03246,2025-08
C03247,2024-08
C03247,2025-12
C03249,2024-09
C03249,2025-11
C03250,2024-05
C03250,2024-09
C03252,2025-09
C03253,2024-10
C03254,2024-03
C03254,2025-02
C03254,2025-09
C03256,2024-07
C03257,2024-08
C03257,2025-10
C03258,2025-04
C03259,2024-10
C03259,2024-11
C03259,2025-03
C03260,2024-01
C03260,2024-09
C03261,2024-01
C03263,2024-05
C03266,2024-11
C03266,2025-06
C03266,2025-11
C03267,2025-03
C03267,2025-10
C03268,2024-12
C03268,2025-01
C03268,2025-03
C03268,2025-06
C03268,2025-11
C03269,2024-01
C03269,2024-06
C03269,2025-06
C03270,2024-03
C03270,2025-06
C03270,2025-08
C03271,2024-09
C03271,2025-12
C03272,2024-02
C03272,2024-11
C03272,2025-05
C03272,2025-06
C03272,2025-12
C03273,2024-04
C03273,2024-05
C03273,2024-11
C03274,2024-05
C03274,2025-10
C03275,2024-10
C03276,2024-01
C03276,2024-06
C03276,2025-12
C03277,2024-07
C03277,2024-10
C03277,2025-11
C03279,2024-04
C03279,2025-02
C03279,2025-07
C03281,2025-01
C03282,2024-03
C03282,2024-04
C03282,2024-05
C03282,2024-10
C03282,2025-04
C03284,2024-02
C03284,2024-03
C03284,2025-12
C03285,2024-09
C03286,2025-09
C03290,2025-06
C03291,2024-01
C03291,2024-05
C03291,2024-11
C03291,2024-12
C03291,2025-06
C03294,2024-07
C03295,2024-06
C03295,2025-02
C03295,2025-04
C03295,2025-10
C03296,2024-04
C03296,2025-08
C03297,2024-12
C03297,2025-10
C03298,2024-03
C03298,2025-08
C03298,2025-12
C03299,2024-02
C03299,2025-04
C03299,2025-11
C03299,2025-12
C03302,2024-05
C03302,2025-07
C03303,2024-02
C03303,2025-10
C03304,2024-10
C03305,2024-08
C03305,2024-09
C03305,2025-05
C03307,2025-01
C03307,2025-08
C03308,2024-01
C03308,2024-10
C03308,2025-02
C03308,2025-11
C03310,2025-03
C03310,2025-09
C03312,2024-02
C03312,2024-07
C03314,2025-06
C03314,2025-11
C03314,2025-12
C03315,2024-01
C03315,2024-07
C03315,2024-08
C03315,2024-12
C03317,2024-10
C03317,2025-10
C03318,2024-04
C03318,2025-09
C03319,2024-07
C03319,2024-12
C03319,2025-01
C03319,2025-05
C03319,2025-06
C03319,2025-12
C03320,2024-05
C03320,2024-08
C03320,2024-10
C03320,2025-07
C03321,2024-05
C03322,2025-10
C03322,2025-12
C03323,2024-02
C03323,2024-05
C03323,2025-01
C03324,2024-01
C03324,2024-02
C03324,2024-07
C03324,2025-01
C03324,2025-03
C03324,2025-07
C03324,2025-10
C03325,2025-03
C03327,2024-02
C03327,2024-07
C03327,2024-12
C03328,2025-03
C03328,2025-08
C03329,2024-03
C03329,2024-05
C03329,2025-03
C03330,2025-06
C03332,2025-10
C03333,2025-02
C03333,2025-09
C03333,2025-10
C03334,2024-01
C03334,2025-02
C03334,2025-03
C03334,2025-08
C03335,2024-10
C03335,2025-07
C03336,2024-01
C03337,2024-02
C03337,2025-02
C03338,2024-02
C03338,2024-04
C03338,2024-05
C03338,2025-03
C03338,2025-08
C03338,2025-10
C03339,2024-05
C03339,2025-07
C03341,2024-11
C03342,2024-03
C03342,2025-11
C03343,2024-07
C03343,2025-12
C03344,2024-01
C03348,2025-02
C03349,2024-01
C03351,2024-08
C03351,2025-04
C03353,2025-05
C03353,2025-06
C03355,2024-09
C03355,2024-12
C03355,2025-06
C03356,2025-05
C03357,2024-07
C03360,2024-02
C03360,2024-04
C03360,2025-02
C03363,2024-02
C03364,2025-08
C03364,2025-10
C03365,2025-06
C03366,2024-01
C03367,2024-07
C03367,2025-12
C03369,2025-10
C03370,2025-02
C03372,2025-12
C03373,2025-01
C03374,2024-05
C03374,2025-07
C03376,2025-05
C03377,2025-03
C03377,2025-06
C03378,2024-03
C03378,2024-05
C03378,2024-10
C03378,2025-11
C03379,2024-01
C03379,2024-08
C03379,2025-01
C03379,2025-07
C03380,2024-04
C03380,2025-10
C03381,2024-07
C03381,2025-01
C03381,2025-05
C03381,2025-07
C03381,2025-12
C03383,2024-09
C03384,2025-01
C03385,2024-01
C03385,2024-06
C03385,2025-01
C03385,2025-02
C03385,2025-12
C03386,2024-10
C03386,2025-07
C03387,2024-07
C03387,2024-08
C03389,2024-04
C03389,2025-01
C03389,2025-09
C03389,2025-10
C03390,2024-08
C03391,2024-03
C03391,2025-07
C03392,2024-02
C03393,2025-05
C03393,2025-08
C03394,2025-01
C03395,2024-02
C03395,2025-01
C03395,2025-05
C03395,2025-07
C03396,2025-12
C03397,2024-01
C03397,2024-03
C03397,2024-08
C03397,2025-08
C03397,2025-09
C03398,2025-12
C03399,2024-01
C03399,2024-07
C03400,2025-06
C03402,2024-02
C03405,2024-08
C03405,2024-10
C03406,2024-09
C03406,2025-06
C03406,2025-11
C03407,2024-03
C03408,2024-06
C03408,2024-07
C03409,2024-03
C03409,2024-07
C03409,2025-04
C03409,2025-12
C03410,2024-09
C03410,2024-12
C03410,2025-07
C03411,2024-01
C03411,2025-08
C03413,2024-02
C03413,2024-04
C03413,2024-11
C03413,2025-03
C03413,2025-04
C03413,2025-07
C03413,2025-10
C03415,2024-12
C03416,2024-10
C03418,2024-08
C03418,2025-04
C03420,2024-03
C03420,2025-10
C03421,2025-11
C03422,2024-09
C03423,2024-02
C03423,2025-10
C03423,2025-11
C03424,2025-10
C03425,2024-04
C03425,2024-11
C03425,2025-03
C03425,2025-09
C03425,2025-10
C03425,2025-11
C03426,2024-02
C03427,2024-02
C03427,2024-06
C03427,2024-11
C03427,2025-01
C03427,2025-11
C03428,2024-02
C03428,2024-11
C03429,2025-08
C03430,2024-12
C03431,2025-08
C03432,2024-01
C03432,2024-04
C03434,2024-04
C03434,2024-09
C03435,2024-03
C03435,2024-10
C03436,2024-01
C03436,2025-04
C03437,2025-10
C03440,2025-03
C03440,2025-08
C03440,2025-10
C03440,2025-11
C03441,2025-08
C03442,2024-01
C03442,2024-04
C03442,2024-07
C03442,2024-11
C03442,2025-08
C03443,2024-09
C03445,2024-04
C03445,2025-08
C03445,2025-10
C03447,2024-09
C03448,2024-05
C03448,2025-09
C03449,2024-10
C03449,2025-02
C03449,2025-06
C03450,2025-12
C03451,2024-09
C03453,2024-02
C03454,2024-07
C03454,2024-11
C03454,2025-08
C03454,2025-09
C03455,2024-01
C03455,2024-10
C03455,2024-11
C03455,2025-08
C03456,2024-12
C03456,2025-01
C03456,2025-07
C03456,2025-12
C03457,2024-06
C03457,2024-10
C03457,2025-11
C03458,2025-06
C03459,2024-02
C03459,2025-04
C03459,2025-05
C03460,2024-03
C03460,2024-08
C03461,2025-11
C03463,2024-11
C03463,2024-12
C03464,2024-11
C03464,2025-01
C03464,2025-06
C03464,2025-08
C03465,2024-10
C03465,2024-12
C03465,2025-03
C03465,2025-12
C03466,2024-07
C03466,2024-12
C03466,2025-05
C03467,2024-10
C03467,2025-05
C03470,2024-05
C03470,2025-02
C03470,2025-08
C03473,2024-01
C03473,2024-11
C03473,2025-07
C03474,2024-02
C03474,2024-11
C03474,2024-12
C03475,2024-08
C03475,2024-09
C03476,2024-03
C03476,2024-05
C03476,2024-06
C03476,2024-12
C03478,2024-06
C03478,2024-09
C03478,2025-03
C03478,2025-07
C03479,2024-03
C03479,2024-05
C03479,2025-05
C03481,2025-06
C03481,2025-07
C03482,2024-04
C03483,2024-08
C03483,2025-01
C03484,2024-04
C03486,2024-07
C03486,2024-09
C03486,2024-11
C03487,2024-09
C03487,2025-01
C03488,2024-01
C03488,2024-04
C03488,2024-05
C03488,2024-09
C03489,2024-02
C03489,2025-01
C03491,2024-01
C03491,2024-02
C03491,2024-07
C03492,2024-10
C03493,2024-03
C03493,2024-05
C03493,2024-12
C03493,2025-04
C03493,2025-05
C03494,2024-10
C03494,2025-04
C03494,2025-07
C03494,2025-09
C03495,2024-03
C03496,2024-02
C03496,2024-12
C03496,2025-08
C03497,2024-11
C03497,2025-03
C03498,2024-01
C03499,2024-12
C03499,2025-03
C03499,2025-04
C03500,2024-08
C03500,2025-05
C03501,2025-02
C03501,2025-12
C03502,2024-02
C03502,2024-04
C03504,2024-08
C03505,2025-01
C03507,2024-01
C03509,2024-01
C03509,2024-10
C03509,2025-11
C03510,2024-03
C03510,2024-08
C03510,2024-10
C03510,2025-06
C03510,2025-09
C03511,2024-12
C03511,2025-05
C03512,2024-02
C03512,2024-04
C03512,2025-08
C03513,2024-04
C03513,2024-07
C03514,2024-04
C03514,2025-01
C03515,2024-01
C03515,2024-05
C03516,2025-05
C03516,2025-07
C03516,2025-08
C03517,2024-01
C03517,2024-04
C03517,2024-05
C03517,2025-01
C03518,2024-01
C03520,2025-07
C03521,2024-03
C03521,2024-07
C03521,2025-01
C03521,2025-02
C03521,2025-06
C03522,2024-07
C03522,2024-09
C03524,2025-11
C03525,2024-04
C03525,2025-05
C03525,2025-08
C03526,2024-09
C03526,2024-10
C03529,2024-01
C03529,2024-04
C03529,2025-03
C03529,2025-04
C03530,2024-07
C03532,2024-05
C03532,2024-07
C03532,2024-11
C03532,2024-12
C03532,2025-06
C03533,2025-04
C03534,2025-09
C03536,2024-06
C03536,2025-04
C03537,2024-05
C03539,2024-05
C03539,2024-12
C03539,2025-07
C03540,2024-09
C03541,2024-07
C03541,2024-09
C03541,2025-02
C03543,2024-01
C03543,2024-09
C03544,2024-04
C03544,2024-08
C03544,2024-10
C03544,2025-04
C03545,2024-06
C03545,2024-07
C03545,2025-10
C03546,2025-01
C03546,2025-04
C03546,2025-12
C03547,2024-07
C03548,2024-03
C03548,2025-08
C03549,2024-11
C03550,2024-09
C03550,2025-07
C03551,2024-04
C03552,2024-04
C03553,2024-05
C03553,2025-01
C03553,2025-08
C03555,2025-08
C03557,2024-01
C03557,2024-02
C03557,2025-04
C03557,2025-05
C03557,2025-10
C03558,2024-05
C03558,2025-02
C03558,2025-09
C03558,2025-11
C03559,2025-07
C03559,2025-12
C03561,2024-05
C03561,2025-12
C03565,2024-02
C03565,2025-07
C03565,2025-11
C03567,2024-04
C03568,2024-03
C03568,2024-07
C03568,2024-11
C03568,2024-12
C03569,2025-11
C03570,2025-07
C03571,2024-01
C03571,2024-06
C03571,2025-06
C03576,2024-04
C03576,2024-10
C03577,2024-07
C03578,2024-12
C03578,2025-06
C03579,2024-03
C03579,2024-09
C03579,2025-02
C03579,2025-10
C03580,2024-01
C03580,2024-02
C03580,2024-12
C03580,2025-11
C03581,2025-10
C03582,2025-01
C03583,2024-02
C03584,2024-03
C03584,2024-11
C03584,2025-06
C03584,2025-11
C03585,2025-11
C03586,2025-02
C03586,2025-08
C03587,2024-10
C03588,2025-03
C03588,2025-09
C03589,2024-03
C03589,2025-11
C03590,2024-05
C03590,2025-10
C03591,2024-03
C03591,2024-08
C03591,2025-11
C03592,2024-01
C03592,2024-03
C03592,2024-09
C03592,2025-02
C03592,2025-10
C03593,2025-03
C03594,2024-01
C03594,2025-04
C03595,2025-01
C03595,2025-04
C03596,2025-02
C03596,2025-06
C03597,2024-02
C03597,2024-12
C03597,2025-12
C03598,2025-03
C03598,2025-05
C03598,2025-08
C03598,2025-09
C03600,2024-11
C03600,2025-07
C03600,2025-12
C03601,2024-03
C03601,2025-12
C03603,2024-05
C03603,2024-08
C03605,2024-01
C03605,2024-05
C03605,2024-06
C03605,2024-12
C03605,2025-11
C03606,2024-06
C03606,2024-08
C03606,2025-05
C03608,2024-02
C03608,2025-04
C03609,2025-10
C03610,2024-06
C03611,2024-02
C03611,2025-08
C03611,2025-10
C03611,2025-11
C03612,2024-10
C03612,2025-10
C03612,2025-11
C03614,2025-02
C03614,2025-07
C03615,2024-07
C03615,2024-11
C03615,2025-03
C03615,2025-06
C03616,2024-10
C03617,2025-05
C03618,2024-01
C03619,2024-01
C03619,2024-09
C03621,2024-03
C03621,2024-07
C03621,2025-04
C03622,2025-01
C03623,2024-08
C03624,2025-02
C03625,2025-12
C03628,2024-10
C03628,2025-05
C03629,2024-12
C03629,2025-01
C03630,2024-04
C03630,2025-07
C03632,2024-02
C03632,2024-03
C03632,2025-01
C03632,2025-10
C03633,2024-01
C03633,2024-05
C03633,2025-08
C03634,2024-01
C03637,2024-01
C03637,2024-02
C03637,2025-06
C03637,2025-09
C03639,2025-01
C03640,2024-04
C03641,2024-12
C03641,2025-12
C03642,2024-02
C03642,2024-04
C03642,2025-03
C03642,2025-04
C03643,2024-01
C03644,2024-01
C03644,2024-03
C03646,2024-01
C03646,2025-10
C03647,2024-04
C03647,2024-10
C03647,2025-04
C03647,2025-08
C03648,2024-10
C03649,2024-03
C03649,2024-07
C03649,2025-01
C03649,2025-06
C03649,2025-09
C03649,2025-10
C03650,2024-05
C03650,2024-09
C03650,2024-11
C03651,2024-02
C03651,2024-07
C03651,2025-01
C03651,2025-02
C03651,2025-03
C03652,2024-02
C03653,2024-11
C03653,2025-06
C03654,2024-05
C03654,2024-11
C03654,2025-03
C03654,2025-06
C03654,2025-08
C03655,2024-01
C03655,2024-06
C03655,2025-05
C03656,2024-01
C03656,2025-04
C03656,2025-08
C03656,2025-09
C03658,2024-10
C03659,2024-04
C03659,2024-05
C03659,2025-07
C03662,2024-06
C03663,2024-03
C03663,2024-06
C03663,2024-09
C03663,2024-12
C03664,2025-06
C03665,2024-08
C03665,2025-01
C03665,2025-07
C03667,2024-05
C03668,2024-08
C03669,2024-07
C03670,2025-08
C03671,2024-01
C03671,2025-01
C03671,2025-04
C03673,2024-05
C03674,2024-01
C03676,2025-12
C03677,2024-01
C03677,2024-08
C03677,2025-07
C03678,2024-07
C03678,2025-02
C03678,2025-03
C03678,2025-08
C03679,2024-05
C03679,2025-05
C03680,2024-01
C03680,2024-04
C03680,2024-07
C03680,2025-09
C03681,2024-09
C03682,2024-01
C03682,2024-12
C03682,2025-11
C03683,2024-09
C03684,2025-12
C03685,2024-02
C03685,2024-08
C03685,2025-03
C03685,2025-05
C03685,2025-11
C03686,2024-02
C03686,2025-01
C03687,2024-11
C03687,2024-12
C03687,2025-03
C03688,2024-02
C03688,2024-12
C03689,2024-02
C03690,2025-01
C03691,2024-12
C03693,2024-01
C03693,2024-06
C03693,2025-08
C03693,2025-12
C03694,2024-01
C03694,2024-05
C03694,2025-03
C03694,2025-08
C03695,2025-01
C03695,2025-07
C03695,2025-08
C03696,2024-05
C03696,2025-04
C03696,2025-06
C03697,2024-04
C03697,2024-11
C03698,2024-11
C03699,2024-05
C03699,2025-02
C03699,2025-10
C03700,2025-08
C03700,2025-10
C03701,2024-05
C03701,2025-10
C03702,2025-06
C03702,2025-09
C03703,2024-01
C03703,2024-03
C03703,2024-09
C03703,2025-04
C03703,2025-12
C03705,2024-03
C03709,2024-02
C03709,2024-04
C03709,2025-01
C03709,2025-11
C03711,2024-01
C03711,2024-08
C03711,2025-10
C03713,2024-05
C03713,2024-08
C03713,2024-12
C03713,2025-04
C03713,2025-06
C03714,2024-04
C03715,2024-01
C03715,2025-07
C03715,2025-12
C03716,2024-10
C03716,2025-02
C03717,2025-01
C03718,2024-06
C03718,2025-08
C03718,2025-10
C03719,2024-01
C03719,2024-03
C03719,2025-07
C03724,2024-02
C03724,2024-11
C03724,2025-01
C03725,2024-05
C03726,2024-05
C03727,2024-03
C03727,2025-12
C03728,2025-01
C03728,2025-05
C03729,2024-10
C03729,2024-11
C03729,2025-01
C03729,2025-03
C03729,2025-06
C03730,2025-03
C03731,2024-04
C03732,2025-12
C03733,2024-01
C03733,2024-08
C03733,2025-11
C03734,2025-09
C03735,2024-09
C03735,2025-04
C03735,2025-06
C03735,2025-09
C03736,2024-04
C03736,2024-05
C03736,2025-05
C03736,2025-08
C03736,2025-12
C03737,2024-06
C03737,2025-01
C03737,2025-09
C03738,2024-08
C03738,2025-11
C03740,2025-01
C03740,2025-03
C03740,2025-09
C03741,2024-06
C03741,2024-07
C03741,2025-03
C03742,2024-10
C03742,2025-11
C03745,2024-07
C03748,2024-02
C03748,2024-03
C03748,2024-05
C03749,2024-12
C03749,2025-03
C03749,2025-07
C03750,2024-06
C03750,2025-03
C03750,2025-07
C03750,2025-09
C03751,2024-02
C03754,2024-02
C03754,2025-06
C03755,2025-08
C03755,2025-09
C03756,2024-05
C03757,2024-06
C03758,2025-02
C03759,2024-11
C03760,2024-06
C03760,2025-05
C03761,2024-04
C03761,2024-12
C03761,2025-10
C03762,2024-12
C03762,2025-03
C03764,2025-01
C03764,2025-10
C03765,2025-10
C03766,2024-11
C03766,2025-08
C03766,2025-12
C03767,2024-04
C03767,2024-05
C03768,2024-02
C03768,2024-10
C03768,2025-02
C03768,2025-05
C03768,2025-10
C03769,2024-05
C03769,2024-06
C03769,2024-08
C03769,2024-09
C03770,2024-02
C03770,2024-06
C03772,2024-06
C03772,2025-11
C03773,2025-03
C03773,2025-11
C03774,2024-03
C03774,2024-04
C03774,2025-03
C03774,2025-06
C03775,2024-01
C03775,2024-11
C03775,2025-01
C03775,2025-05
C03775,2025-10
C03776,2025-02
C03777,2025-06
C03777,2025-10
C03779,2024-07
C03779,2025-10
C03779,2025-11
C03780,2024-11
C03780,2025-03
C03782,2025-01
C03782,2025-10
C03782,2025-11
C03785,2025-12
C03786,2025-07
C03787,2024-12
C03787,2025-02
C03788,2024-11
C03788,2025-11
C03789,2024-08
C03790,2024-08
C03790,2024-10
C03790,2024-11
C03790,2025-01
C03790,2025-08
C03791,2025-08
C03792,2024-05
C03792,2024-10
C03792,2025-05
C03792,2025-11
C03793,2024-07
C03794,2024-10
C03794,2025-04
C03795,2024-02
C03795,2024-11
C03795,2025-01
C03796,2024-06
C03797,2024-02
C03797,2024-03
C03797,2025-01
C03797,2025-05
C03797,2025-12
C03798,2025-11
C03799,2024-03
C03799,2024-10
C03799,2024-11
C03800,2024-02
C03800,2024-08
C03800,2024-09
C03800,2025-05
C03800,2025-06
C03801,2024-10
C03802,2025-05
C03803,2025-04
C03804,2024-01
C03804,2024-07
C03804,2025-12
C03805,2024-03
C03805,2024-04
C03805,2025-07
C03805,2025-09
C03805,2025-11
C03806,2025-12
C03807,2025-05
C03808,2025-03
C03809,2024-11
C03809,2025-03
C03809,2025-09
C03809,2025-12
C03810,2024-04
C03810,2024-10
C03810,2025-07
C03810,2025-10
C03811,2024-09
C03811,2024-12
C03811,2025-06
C03812,2024-01
C03812,2025-03
C03812,2025-04
C03812,2025-11
C03813,2024-08
C03813,2024-12
C03813,2025-03
C03814,2024-09
C03814,2025-12
C03815,2024-03
C03815,2024-09
C03815,2024-12
C03815,2025-02
C03815,2025-07
C03815,2025-08
C03816,2025-08
C03816,2025-12
C03817,2024-01
C03817,2024-07
C03817,2024-11
C03818,2024-05
C03818,2024-11
C03818,2025-01
C03818,2025-10
C03819,2024-04
C03819,2024-12
C03819,2025-01
C03820,2025-08
C03820,2025-10
C03823,2024-09
C03823,2025-06
C03823,2025-08
C03825,2024-11
C03826,2024-02
C03826,2025-05
C03826,2025-09
C03827,2025-06
C03827,2025-08
C03828,2025-06
C03829,2024-02
C03829,2024-06
C03829,2024-10
C03829,2024-12
C03829,2025-09
C03829,2025-10
C03829,2025-11
C03830,2025-02
C03831,2024-04
C03831,2024-06
C03832,2024-05
C03832,2025-02
C03832,2025-11
C03833,2024-11
C03833,2025-10
C03834,2025-03
C03834,2025-06
C03834,2025-07
C03836,2025-09
C03837,2024-09
C03838,2024-06
C03838,2024-10
C03838,2025-03
C03839,2024-04
C03839,2024-05
C03839,2024-12
C03839,2025-07
C03840,2024-12
C03841,2024-02
C03841,2024-03
C03841,2024-07
C03841,2025-11
C03842,2024-03
C03842,2024-04
C03842,2025-03
C03843,2024-05
C03843,2024-09
C03843,2025-09
C03844,2025-12
C03846,2024-03
C03846,2025-07
C03847,2024-05
C03847,2024-10
C03848,2025-02
C03850,2025-09
C03851,2024-03
C03851,2024-12
C03851,2025-02
C03851,2025-04
C03851,2025-05
C03851,2025-10
C03852,2024-08
C03854,2024-03
C03854,2024-05
C03854,2025-05
C03854,2025-08
C03854,2025-10
C03854,2025-11
C03854,2025-12
C03855,2024-02
C03855,2025-12
C03856,2025-07
C03857,2024-11
C03857,2025-02
C03857,2025-11
C03858,2024-01
C03858,2024-02
C03858,2024-05
C03858,2025-03
C03858,2025-04
C03858,2025-06
C03858,2025-07
C03858,2025-08
C03859,2025-10
C03860,2024-03
C03860,2024-09
C03860,2024-11
C03860,2025-09
C03860,2025-12
C03862,2025-12
C03864,2024-01
C03864,2024-09
C03865,2024-01
C03865,2024-04
C03866,2025-01
C03866,2025-09
C03866,2025-10
C03866,2025-12
C03867,2024-11
C03868,2024-10
C03869,2025-10
C03870,2025-01
C03870,2025-07
C03870,2025-09
C03870,2025-11
C03871,2024-06
C03871,2024-08
C03871,2024-09
C03872,2024-06
C03872,2025-01
C03872,2025-07
C03872,2025-11
C03873,2024-04
C03873,2024-12
C03873,2025-08
C03873,2025-12
C03875,2024-09
C03876,2024-06
C03876,2025-06
C03876,2025-07
C03877,2024-01
C03877,2025-11
C03879,2024-07
C03879,2024-09
C03879,2025-09
C03880,2024-08
C03880,2025-12
C03881,2024-09
C03881,2025-06
C03883,2024-03
C03883,2024-04
C03883,2024-09
C03884,2024-07
C03884,2025-06
C03884,2025-12
C03885,2024-01
C03886,2024-02
C03886,2025-09
C03887,2024-09
C03887,2024-10
C03887,2025-01
C03887,2025-03
C03887,2025-08
C03888,2024-02
C03888,2024-06
C03888,2025-02
C03889,2024-02
C03889,2024-03
C03889,2024-12
C03891,2024-04
C03891,2024-07
C03892,2024-01
C03892,2024-06
C03892,2024-10
C03892,2025-01
C03892,2025-07
C03892,2025-08
C03893,2024-01
C03893,2024-03
C03893,2025-07
C03893,2025-12
C03895,2024-07
C03897,2024-03
C03897,2024-04
C03897,2025-01
C03897,2025-03
C03899,2024-10
C03899,2025-05
C03901,2024-02
C03901,2024-04
C03901,2025-03
C03902,2024-11
C03902,2025-09
C03902,2025-11
C03903,2024-05
C03903,2024-06
C03903,2024-08
C03903,2024-12
C03903,2025-03
C03903,2025-08
C03904,2024-10
C03905,2024-01
C03905,2024-02
C03906,2024-03
C03906,2024-07
C03906,2024-12
C03906,2025-02
C03906,2025-04
C03907,2024-09
C03907,2025-08
C03909,2024-07
C03910,2024-06
C03910,2025-06
C03910,2025-10
C03910,2025-12
C03912,2025-04
C03913,2024-12
C03913,2025-02
C03914,2024-03
C03915,2024-11
C03916,2024-08
C03917,2024-12
C03918,2024-09
C03919,2024-07
C03919,2025-02
C03919,2025-10
C03919,2025-12
C03921,2025-02
C03922,2024-05
C03922,2024-06
C03922,2024-09
C03922,2025-01
C03922,2025-02
C03922,2025-05
C03923,2024-02
C03923,2025-08
C03924,2024-08
C03924,2025-03
C03924,2025-04
C03924,2025-06
C03924,2025-08
C03926,2024-03
C03928,2024-03
C03928,2024-07
C03928,2024-12
C03928,2025-10
C03930,2025-11
C03931,2024-01
C03931,2024-06
C03931,2025-01
C03931,2025-04
C03931,2025-08
C03932,2024-02
C03932,2024-04
C03932,2024-05
C03932,2024-09
C03932,2025-01
C03932,2025-04
C03932,2025-10
C03932,2025-11
C03933,2024-06
C03933,2025-08
C03933,2025-09
C03934,2024-06
C03934,2025-01
C03940,2024-04
C03940,2024-05
C03940,2025-12
C03942,2024-01
C03942,2024-11
C03942,2025-07
C03942,2025-09
C03943,2024-03
C03943,2024-11
C03944,2025-06
C03945,2024-05
C03945,2025-01
C03945,2025-05
C03945,2025-07
C03945,2025-08
C03946,2024-09
C03947,2024-02
C03947,2025-09
C03947,2025-11
C03948,2025-04
C03948,2025-05
C03948,2025-08
C03950,2024-05
C03952,2024-11
C03953,2025-11
C03954,2024-04
C03955,2024-04
C03956,2024-02
C03956,2024-04
C03956,2025-03
C03956,2025-05
C03957,2024-07
C03957,2024-09
C03957,2025-02
C03957,2025-03
C03958,2024-07
C03958,2025-08
C03958,2025-10
C03959,2025-08
C03960,2024-03
C03960,2024-04
C03960,2025-06
C03961,2024-09
C03962,2024-10
C03962,2025-04
C03962,2025-05
C03962,2025-12
C03964,2024-06
C03964,2024-12
C03964,2025-12
C03965,2025-05
C03966,2025-09
C03966,2025-12
C03970,2024-08
C03971,2024-07
C03971,2024-09
C03971,2025-02
C03971,2025-05
C03973,2024-05
C03973,2025-10
C03973,2025-11
C03974,2024-06
C03974,2024-08
C03975,2025-01
C03975,2025-11
C03976,2024-01
C03976,2024-02
C03976,2024-07
C03976,2024-08
C03977,2024-03
C03977,2024-08
C03977,2025-02
C03978,2025-04
C03979,2024-08
C03979,2024-12
C03979,2025-05
C03979,2025-10
C03980,2024-02
C03980,2024-04
C03980,2024-10
C03982,2024-04
C03982,2025-06
C03982,2025-11
C03983,2025-10
C03983,2025-11
C03983,2025-12
C03984,2024-01
C03985,2024-01
C03985,2024-08
C03985,2024-10
C03986,2024-06
C03986,2024-07
C03986,2025-03
C03986,2025-04
C03986,2025-12
C03987,2024-05
C03987,2024-07
C03987,2024-12
C03987,2025-05
C03988,2025-04
C03989,2024-09
C03989,2025-04
C03990,2024-02
C03991,2024-01
C03991,2024-06
C03993,2024-02
C03993,2024-04
C03993,2024-07
C03994,2025-01
C03996,2024-07
C03996,2024-09
C03997,2025-02
C03997,2025-04
C03998,2025-12
C03999,2024-06
C03999,2024-07
C03999,2024-10
C03999,2024-11
C03999,2025-03
C04000,2025-02
C04001,2024-07
C04001,2025-05
C04002,2024-01
C04002,2025-01
C04002,2025-11
C04003,2024-12
C04003,2025-12
C04004,2024-10
C04004,2024-11
C04004,2024-12
C04004,2025-10
C04006,2024-06
C04006,2024-07
C04006,2025-06
C04006,2025-09
C04007,2025-05
C04007,2025-06
C04007,2025-11
C04008,2024-07
C04008,2025-07
C04008,2025-12
C04009,2024-12
C04012,2025-04
C04013,2025-11
C04015,2024-05
C04015,2024-06
C04015,2024-11
C04016,2024-01
C04017,2025-03
C04017,2025-11
C04018,2024-02
C04018,2025-02
C04018,2025-03
C04018,2025-07
C04019,2024-01
C04020,2024-12
C04021,2024-02
C04021,2024-05
C04021,2025-01
C04023,2025-03
C04024,2024-05
C04024,2024-07
C04024,2025-05
C04025,2024-02
C04028,2024-08
C04028,2025-08
C04029,2024-06
C04030,2024-02
C04030,2025-03
C04031,2024-09
C04032,2024-06
C04033,2024-02
C04033,2024-09
C04033,2025-07
C04034,2024-06
C04034,2025-07
C04034,2025-12
C04035,2024-10
C04035,2025-12
C04036,2024-11
C04037,2025-12
C04038,2025-02
C04039,2024-05
C04040,2024-02
C04040,2024-07
C04040,2024-12
C04040,2025-07
C04041,2024-01
C04041,2025-06
C04042,2024-08
C04042,2025-01
C04043,2024-05
C04043,2024-06
C04043,2025-03
C04043,2025-08
C04044,2024-04
C04044,2025-09
C04044,2025-10
C04045,2025-01
C04045,2025-02
C04045,2025-12
C04046,2024-12
C04049,2024-09
C04050,2025-01
C04050,2025-02
C04050,2025-10
C04050,2025-12
C04051,2024-06
C04051,2024-07
C04051,2025-05
C04052,2024-04
C04052,2024-06
C04052,2025-02
C04052,2025-04
C04052,2025-05
C04052,2025-09
C04055,2024-06
C04056,2024-06
C04057,2024-03
C04057,2025-03
C04058,2024-04
C04058,2025-11
C04059,2024-07
C04060,2024-03
C04060,2024-04
C04060,2024-09
C04060,2024-11
C04061,2024-06
C04061,2024-09
C04061,2025-02
C04061,2025-04
C04061,2025-07
C04062,2024-06
C04064,2024-01
C04064,2025-12
C04066,2024-01
C04066,2025-10
C04067,2024-04
C04067,2024-07
C04067,2024-08
C04067,2025-02
C04067,2025-04
C04067,2025-12
C04069,2024-06
C04069,2024-09
C04069,2024-11
C04069,2025-10
C04070,2024-05
C04070,2024-06
C04070,2025-06
C04071,2024-08
C04071,2024-09
C04072,2024-12
C04072,2025-06
C04073,2024-12
C04073,2025-01
C04073,2025-04
C04073,2025-06
C04073,2025-10
C04074,2024-01
C04074,2024-05
C04074,2025-05
C04074,2025-08
C04075,2024-02
C04075,2024-03
C04075,2025-02
C04075,2025-07
C04076,2024-08
C04076,2024-11
C04077,2024-01
C04077,2025-12
C04079,2024-07
C04080,2025-06
C04081,2024-05
C04081,2024-08
C04081,2024-09
C04081,2025-04
C04081,2025-05
C04081,2025-09
C04082,2024-06
C04082,2024-09
C04085,2024-11
C04086,2024-06
C04087,2024-03
C04087,2025-01
C04088,2025-01
C04088,2025-03
C04088,2025-04
C04088,2025-07
C04089,2024-01
C04089,2024-08
C04089,2025-08
C04089,2025-12
C04090,2024-07
C04091,2025-01
C04092,2024-04
C04092,2024-05
C04093,2024-01
C04093,2024-07
C04093,2025-04
C04093,2025-08
C04094,2024-04
C04094,2024-06
C04094,2024-07
C04094,2024-10
C04094,2024-11
C04094,2025-03
C04094,2025-05
C04094,2025-06
C04094,2025-10
C04095,2024-10
C04095,2025-02
C04096,2024-05
C04096,2025-01
C04096,2025-12
C04097,2025-01
C04098,2024-10
C04098,2024-11
C04098,2025-01
C04098,2025-09
C04100,2024-02
C04100,2024-03
C04100,2024-06
C04102,2025-04
C04103,2024-11
C04103,2025-03
C04104,2025-01
C04106,2024-05
C04106,2024-08
C04106,2025-05
C04106,2025-11
C04107,2024-04
C04108,2024-10
C04109,2024-06
C04111,2024-02
C04112,2024-11
C04112,2025-05
C04113,2024-09
C04113,2025-02
C04113,2025-06
C04115,2025-04
C04116,2024-01
C04116,2025-01
C04116,2025-08
C04116,2025-11
C04119,2024-07
C04120,2024-09
C04120,2025-06
C04120,2025-11
C04121,2024-02
C04121,2024-04
C04121,2024-11
C04122,2024-07
C04122,2024-11
C04122,2025-06
C04125,2025-12
C04126,2025-05
C04127,2024-01
C04130,2025-02
C04130,2025-06
C04133,2024-04
C04133,2024-07
C04133,2025-04
C04133,2025-05
C04134,2024-01
C04134,2024-04
C04134,2024-12
C04134,2025-07
C04134,2025-08
C04134,2025-09
C04134,2025-12
C04135,2024-11
C04135,2025-03
C04135,2025-09
C04135,2025-10
C04135,2025-11
C04136,2024-03
C04136,2024-05
C04137,2024-02
C04137,2024-03
C04137,2024-04
C04137,2024-09
C04137,2025-11
C04138,2024-11
C04138,2025-10
C04140,2024-01
C04140,2024-05
C04140,2024-07
C04140,2024-08
C04140,2025-08
C04140,2025-11
C04141,2025-05
C04141,2025-06
C04141,2025-08
C04144,2024-02
C04144,2024-07
C04145,2025-10
C04146,2024-06
C04146,2025-06
C04147,2024-01
C04147,2024-04
C04147,2024-05
C04147,2024-09
C04147,2025-05
C04149,2024-01
C04149,2024-10
C04150,2025-07
C04151,2024-06
C04151,2024-08
C04151,2025-02
C04151,2025-07
C04151,2025-08
C04151,2025-09
C04151,2025-10
C04152,2024-02
C04153,2024-04
C04153,2024-06
C04153,2024-11
C04154,2024-04
C04154,2024-05
C04154,2024-12
C04156,2024-02
C04157,2024-08
C04158,2024-03
C04158,2024-09
C04158,2025-04
C04158,2025-06
C04159,2024-03
C04159,2024-11
C04160,2024-06
C04160,2024-07
C04160,2024-12
C04160,2025-06
C04161,2024-03
C04162,2024-12
C04163,2024-02
C04163,2025-01
C04163,2025-03
C04165,2025-11
C04166,2024-11
C04166,2024-12
C04166,2025-03
C04166,2025-08
C04167,2024-06
C04167,2024-07
C04167,2024-10
C04167,2025-10
C04168,2024-12
C04168,2025-05
C04169,2024-09
C04169,2025-05
C04171,2025-06
C04171,2025-08
C04171,2025-11
C04172,2024-07
C04172,2025-10
C04173,2025-02
C04174,2025-05
C04175,2025-01
C04175,2025-04
C04175,2025-10
C04176,2024-07
C04177,2024-03
C04178,2024-07
C04179,2024-08
C04179,2025-11
C04182,2024-10
C04182,2024-11
C04183,2025-04
C04185,2025-10
C04186,2024-12
C04188,2024-09
C04190,2025-12
C04191,2025-01
C04192,2024-05
C04192,2024-06
C04192,2025-02
C04192,2025-03
C04192,2025-04
C04193,2024-03
C04193,2024-04
C04193,2024-10
C04193,2024-11
C04193,2025-03
C04193,2025-07
C04193,2025-11
C04195,2025-08
C04196,2025-05
C04196,2025-09
C04197,2025-04
C04198,2024-01
C04198,2024-06
C04198,2025-01
C04198,2025-02
C04198,2025-04
C04198,2025-06
C04200,2024-01
C04200,2024-03
C04201,2025-07
C04201,2025-09
C04202,2024-08
C04203,2025-04
C04204,2024-11
C04205,2025-12
C04206,2024-02
C04206,2024-08
C04206,2025-03
C04207,2025-03
C04208,2024-04
C04208,2024-05
C04208,2024-10
C04208,2025-04
C04210,2025-03
C04212,2024-11
C04213,2025-06
C04213,2025-10
C04214,2025-12
C04215,2025-12
C04216,2024-10
C04216,2025-03
C04216,2025-04
C04217,2024-02
C04217,2024-09
C04217,2025-03
C04218,2024-06
C04218,2025-02
C04218,2025-04
C04219,2024-05
C04219,2024-11
C04220,2024-02
C04220,2025-01
C04220,2025-05
C04221,2025-05
C04222,2024-01
C04222,2024-02
C04222,2024-09
C04222,2024-10
C04222,2024-11
C04222,2025-06
C04222,2025-07
C04223,2024-01
C04223,2024-10
C04223,2024-11
C04223,2025-02
C04223,2025-09
C04225,2024-03
C04227,2025-05
C04229,2024-02
C04229,2024-05
C04229,2025-03
C04229,2025-10
C04229,2025-12
C04230,2024-08
C04230,2025-04
C04230,2025-09
C04231,2024-08
C04231,2024-12
C04231,2025-09
C04232,2024-04
C04232,2024-06
C04233,2024-05
C04234,2025-08
C04235,2024-10
C04235,2025-12
C04236,2024-10
C04236,2024-12
C04236,2025-03
C04236,2025-04
C04237,2024-06
C04237,2025-05
C04237,2025-06
C04238,2024-07
C04238,2025-08
C04239,2025-07
C04239,2025-09
C04241,2024-12
C04242,2024-03
C04242,2024-05
C04242,2025-05
C04242,2025-12
C04244,2024-04
C04244,2025-10
C04245,2024-08
C04245,2025-04
C04245,2025-12
C04248,2025-04
C04249,2024-09
C04249,2025-05
C04250,2024-01
C04250,2024-03
C04250,2024-10
C04250,2024-12
C04250,2025-06
C04251,2024-12
C04252,2024-04
C04252,2024-07
C04252,2025-08
C04254,2024-01
C04254,2024-10
C04254,2024-12
C04254,2025-01
C04254,2025-03
C04256,2024-03
C04256,2024-12
C04256,2025-03
C04256,2025-07
C04257,2025-12
C04260,2025-08
C04261,2024-07
C04261,2024-11
C04261,2025-11
C04263,2024-06
C04263,2024-09
C04264,2025-04
C04265,2025-01
C04265,2025-02
C04265,2025-04
C04267,2025-05
C04267,2025-06
C04269,2024-04
C04269,2025-03
C04269,2025-08
C04271,2025-05
C04271,2025-06
C04272,2024-07
C04272,2024-10
C04272,2025-06
C04274,2024-05
C04274,2024-11
C04274,2025-02
C04274,2025-05
C04274,2025-09
C04274,2025-12
C04275,2025-07
C04277,2025-08
C04277,2025-11
C04278,2024-05
C04278,2024-11
C04278,2025-05
C04279,2024-05
C04279,2024-08
C04279,2024-10
C04280,2024-03
C04280,2024-08
C04280,2025-01
C04280,2025-03
C04280,2025-08
C04281,2025-11
C04283,2024-07
C04283,2024-08
C04283,2024-11
C04283,2025-05
C04283,2025-08
C04284,2024-05
C04284,2025-04
C04284,2025-12
C04286,2025-08
C04287,2024-04
C04287,2025-03
C04287,2025-05
C04287,2025-11
C04288,2024-03
C04288,2024-08
C04289,2024-02
C04291,2024-05
C04291,2025-12
C04292,2024-08
C04292,2024-09
C04293,2024-01
C04293,2025-09
C04293,2025-11
C04294,2024-06
C04294,2024-12
C04294,2025-04
C04294,2025-10
C04295,2025-09
C04296,2024-02
C04296,2024-07
C04296,2024-11
C04296,2025-04
C04298,2025-08
C04299,2025-03
C04301,2024-03
C04301,2024-11
C04301,2025-02
C04301,2025-06
C04301,2025-08
C04302,2025-08
C04302,2025-11
C04303,2024-08
C04304,2024-03
C04304,2024-04
C04304,2025-07
C04304,2025-12
C04305,2025-01
C04305,2025-02
C04305,2025-10
C04307,2024-01
C04307,2024-05
C04307,2025-06
C04308,2024-03
C04308,2025-02
C04308,2025-08
C04309,2024-02
C04310,2024-04
C04312,2024-03
C04313,2025-06
C04314,2024-06
C04314,2024-07
C04314,2025-01
C04314,2025-08
C04315,2024-05
C04316,2024-01
C04316,2024-03
C04316,2024-10
C04316,2025-08
C04316,2025-09
C04320,2025-05
C04320,2025-06
C04320,2025-09
C04323,2024-05
C04323,2025-10
C04324,2025-08
C04324,2025-11
C04324,2025-12
C04325,2025-05
C04325,2025-12
C04326,2024-06
C04327,2024-08
C04327,2024-12
C04327,2025-02
C04327,2025-05
C04328,2025-02
C04330,2024-01
C04330,2024-06
C04330,2025-07
C04331,2024-03
C04331,2025-03
C04331,2025-06
C04332,2025-08
C04332,2025-12
C04333,2024-04
C04334,2024-11
C04335,2024-05
C04335,2025-03
C04336,2024-09
C04336,2024-11
C04336,2025-01
C04336,2025-04
C04337,2024-02
C04337,2024-07
C04337,2025-03
C04337,2025-09
C04339,2024-02
C04339,2024-06
C04339,2024-09
C04339,2025-02
C04340,2024-09
C04341,2024-06
C04343,2025-07
C04344,2024-04
C04344,2024-06
C04344,2024-12
C04344,2025-12
C04345,2025-07
C04346,2024-06
C04346,2025-07
C04347,2025-10
C04349,2024-08
C04349,2024-10
C04351,2025-12
C04352,2024-11
C04352,2025-01
C04352,2025-10
C04354,2024-02
C04354,2024-05
C04354,2025-11
C04354,2025-12
C04355,2024-06
C04355,2025-07
C04356,2024-02
C04356,2024-03
C04356,2024-11
C04356,2025-08
C04357,2024-12
C04357,2025-08
C04358,2024-01
C04358,2024-07
C04358,2025-05
C04358,2025-06
C04358,2025-12
C04359,2024-03
C04359,2025-03
C04359,2025-08
C04359,2025-11
C04360,2025-04
C04361,2024-05
C04361,2025-02
C04361,2025-09
C04361,2025-10
C04362,2024-11
C04365,2024-01
C04365,2024-03
C04365,2024-04
C04365,2024-07
C04366,2024-05
C04366,2024-06
C04366,2024-08
C04366,2024-10
C04369,2024-04
C04369,2024-10
C04369,2025-01
C04370,2024-01
C04370,2024-09
C04370,2024-11
C04370,2024-12
C04371,2025-05
C04372,2025-10
C04374,2024-04
C04374,2024-11
C04376,2024-01
C04376,2024-07
C04377,2024-02
C04378,2024-10
C04379,2025-04
C04380,2024-03
C04380,2025-02
C04380,2025-05
C04380,2025-08
C04381,2025-02
C04381,2025-04
C04381,2025-11
C04382,2024-06
C04382,2025-01
C04382,2025-02
C04383,2025-06
C04385,2024-04
C04385,2025-06
C04385,2025-07
C04385,2025-11
C04385,2025-12
C04386,2025-09
C04386,2025-12
C04387,2024-03
C04387,2025-12
C04388,2024-01
C04388,2024-09
C04388,2025-03
C04388,2025-05
C04389,2024-08
C04390,2024-09
C04390,2024-12
C04390,2025-06
C04390,2025-08
C04392,2025-12
C04393,2024-07
C04393,2024-08
C04393,2024-09
C04394,2024-02
C04395,2024-07
C04395,2024-09
C04395,2024-10
C04395,2024-11
C04397,2024-05
C04397,2024-11
C04397,2024-12
C04397,2025-04
C04397,2025-06
C04397,2025-07
C04397,2025-12
C04398,2024-08
C04398,2025-07
C04399,2024-09
C04400,2024-05
C04400,2025-01
C04401,2024-09
C04401,2025-01
C04401,2025-09
C04401,2025-10
C04402,2024-03
C04402,2024-05
C04402,2025-04
C04402,2025-08
C04403,2024-08
C04403,2025-03
C04404,2025-02
C04404,2025-09
C04404,2025-12
C04405,2024-05
C04406,2024-05
C04406,2025-02
C04406,2025-06
C04406,2025-11
C04408,2025-08
C04409,2024-12
C04409,2025-09
C04410,2024-09
C04411,2024-03
C04411,2024-05
C04411,2025-02
C04411,2025-12
C04412,2024-12
C04412,2025-01
C04412,2025-10
C04413,2024-08
C04414,2025-06
C04416,2024-09
C04416,2024-11
C04416,2025-10
C04417,2024-01
C04419,2024-11
C04419,2025-10
C04420,2025-07
C04421,2025-07
C04421,2025-08
C04422,2025-01
C04422,2025-05
C04422,2025-11
C04424,2025-04
C04424,2025-07
C04425,2024-09
C04425,2024-11
C04425,2025-10
C04426,2024-08
C04426,2024-09
C04426,2025-02
C04426,2025-03
C04428,2025-12
C04429,2024-01
C04429,2025-09
C04429,2025-10
C04430,2024-03
C04431,2024-05
C04432,2025-05
C04434,2024-07
C04434,2025-04
C04434,2025-10
C04435,2024-02
C04437,2024-04
C04437,2024-10
C04437,2025-12
C04438,2024-01
C04439,2024-02
C04439,2024-04
C04440,2024-02
C04440,2025-02
C04440,2025-05
C04441,2024-06
C04441,2025-01
C04442,2024-10
C04442,2025-12
C04444,2024-07
C04444,2024-11
C04445,2025-02
C04446,2025-02
C04446,2025-09
C04447,2024-06
C04447,2024-10
C04448,2024-02
C04448,2024-10
C04449,2024-08
C04449,2025-06
C04449,2025-12
C04450,2024-02
C04450,2024-04
C04450,2024-11
C04450,2025-01
C04450,2025-04
C04450,2025-08
C04451,2024-03
C04451,2024-11
C04451,2025-05
C04453,2024-05
C04453,2025-10
C04454,2024-10
C04454,2025-08
C04455,2025-01
C04457,2024-07
C04458,2024-09
C04458,2024-12
C04460,2025-07
C04460,2025-10
C04462,2024-04
C04462,2024-11
C04462,2025-05
C04462,2025-08
C04462,2025-09
C04463,2024-04
C04464,2024-10
C04465,2024-07
C04465,2024-10
C04466,2025-08
C04467,2024-09
C04467,2025-09
C04468,2024-06
C04468,2024-09
C04468,2024-10
C04468,2024-12
C04468,2025-04
C04468,2025-12
C04469,2024-01
C04469,2024-03
C04469,2025-05
C04470,2024-04
C04470,2024-07
C04470,2025-05
C04470,2025-06
C04470,2025-10
C04470,2025-12
C04471,2024-02
C04471,2025-01
C04471,2025-04
C04473,2024-09
C04473,2025-05
C04473,2025-07
C04474,2024-09
C04475,2024-01
C04475,2024-02
C04475,2024-12
C04475,2025-01
C04475,2025-08
C04477,2024-02
C04477,2025-04
C04477,2025-07
C04477,2025-08
C04478,2025-12
C04479,2025-03
C04479,2025-11
C04480,2024-02
C04480,2024-08
C04481,2024-09
C04481,2025-02
C04482,2025-12
C04483,2024-01
C04483,2024-03
C04483,2024-10
C04484,2024-01
C04484,2024-04
C04484,2024-06
C04484,2025-01
C04484,2025-03
C04484,2025-04
C04484,2025-07
C04485,2024-09
C04485,2025-07
C04486,2024-05
C04486,2024-07
C04486,2024-12
C04488,2024-08
C04488,2025-05
C04488,2025-06
C04489,2025-01
C04491,2024-12
C04493,2024-04
C04493,2024-08
C04493,2024-10
C04493,2024-12
C04493,2025-06
C04496,2025-02
C04496,2025-10
C04498,2024-01
C04498,2024-11
C04499,2024-08
C04499,2025-06
C04499,2025-07
C04499,2025-10
C04499,2025-12
C04500,2024-10
C04500,2025-10
C04500,2025-12
C04503,2024-09
C04504,2024-07
C04504,2024-12
C04505,2024-07
C04505,2024-12
C04505,2025-06
C04505,2025-08
C04507,2025-04
C04508,2024-11
C04508,2025-06
C04510,2024-03
C04510,2025-10
C04510,2025-12
C04511,2024-02
C04511,2025-12
C04513,2024-05
C04513,2025-01
C04513,2025-04
C04513,2025-07
C04514,2024-11
C04514,2025-02
C04514,2025-10
C04515,2025-02
C04515,2025-11
C04516,2024-01
C04516,2025-02
C04518,2024-02
C04518,2024-05
C04519,2024-10
C04520,2025-07
C04521,2025-03
C04521,2025-12
C04522,2024-10
C04522,2025-05
C04522,2025-09
C04522,2025-11
C04523,2024-02
C04523,2025-11
C04524,2024-04
C04524,2025-07
C04524,2025-08
C04526,2024-02
C04526,2025-01
C04526,2025-07
C04526,2025-09
C04529,2024-10
C04530,2024-05
C04530,2024-06
C04530,2025-02
C04530,2025-07
C04531,2024-06
C04531,2024-10
C04532,2024-05
C04532,2025-07
C04533,2025-06
C04536,2024-07
C04537,2024-01
C04537,2024-05
C04537,2025-08
C04539,2025-07
C04540,2024-01
C04540,2025-04
C04540,2025-08
C04541,2025-08
C04542,2024-01
C04542,2025-11
C04543,2024-03
C04543,2024-12
C04543,2025-11
C04544,2024-03
C04545,2024-02
C04545,2024-03
C04545,2024-04
C04545,2024-12
C04545,2025-02
C04545,2025-06
C04547,2024-11
C04548,2024-08
C04548,2024-12
C04548,2025-03
C04548,2025-10
C04548,2025-11
C04550,2025-09
C04551,2024-06
C04552,2025-02
C04552,2025-07
C04552,2025-11
C04554,2025-11
C04555,2024-02
C04555,2024-08
C04555,2025-01
C04555,2025-04
C04555,2025-08
C04556,2024-12
C04556,2025-03
C04556,2025-04
C04556,2025-06
C04556,2025-10
C04557,2025-04
C04558,2024-03
C04558,2025-03
C04558,2025-06
C04563,2025-11
C04564,2024-09
C04564,2025-08
C04564,2025-10
C04564,2025-11
C04565,2024-03
C04565,2024-11
C04566,2024-08
C04566,2025-02
C04566,2025-05
C04566,2025-08
C04566,2025-10
C04566,2025-11
C04566,2025-12
C04570,2025-07
C04572,2024-01
C04572,2024-02
C04572,2024-04
C04572,2025-04
C04572,2025-05
C04573,2024-09
C04573,2024-11
C04573,2025-12
C04575,2025-10
C04577,2024-02
C04577,2024-08
C04577,2025-10
C04578,2024-04
C04578,2025-11
C04579,2024-01
C04579,2024-02
C04579,2024-03
C04579,2024-11
C04580,2025-01
C04580,2025-06
C04580,2025-09
C04581,2024-04
C04582,2024-01
C04582,2024-09
C04582,2024-12
C04584,2025-03
C04584,2025-10
C04585,2024-01
C04585,2024-09
C04585,2024-11
C04585,2025-10
C04587,2024-07
C04587,2024-11
C04587,2025-04
C04587,2025-12
C04588,2024-10
C04588,2025-01
C04588,2025-05
C04589,2024-12
C04589,2025-06
C04590,2024-03
C04590,2025-07
C04591,2024-10
C04591,2025-01
C04591,2025-02
C04591,2025-06
C04592,2024-01
C04593,2024-05
C04593,2024-09
C04593,2025-05
C04593,2025-06
C04594,2024-11
C04594,2025-07
C04595,2024-02
C04595,2024-04
C04595,2025-02
C04595,2025-11
C04596,2024-05
C04596,2025-03
C04596,2025-06
C04598,2025-07
C04598,2025-08
C04600,2024-08
C04600,2025-06
C04601,2024-05
C04601,2024-10
C04601,2024-11
C04601,2025-05
C04601,2025-09
C04602,2024-04
C04602,2025-11
C04603,2024-09
C04603,2025-05
C04603,2025-08
C04604,2024-06
C04604,2024-09
C04606,2024-04
C04606,2025-01
C04607,2024-03
C04607,2024-09
C04607,2025-08
C04607,2025-09
C04608,2025-03
C04608,2025-11
C04610,2024-10
C04610,2025-05
C04611,2024-08
C04612,2024-08
C04612,2025-07
C04613,2024-04
C04613,2024-12
C04614,2024-03
C04614,2024-07
C04616,2024-03
C04616,2025-04
C04616,2025-07
C04617,2025-12
C04619,2024-01
C04619,2024-04
C04619,2024-09
C04619,2025-05
C04620,2024-03
C04620,2025-01
C04620,2025-07
C04622,2024-12
C04622,2025-02
C04623,2024-01
C04623,2024-03
C04624,2024-09
C04625,2024-03
C04625,2025-01
C04626,2024-12
C04626,2025-04
C04626,2025-05
C04627,2025-06
C04628,2024-02
C04628,2024-04
C04628,2025-09
C04628,2025-12
C04629,2024-04
C04629,2025-02
C04629,2025-04
C04629,2025-06
C04630,2024-04
C04630,2024-08
C04630,2024-10
C04630,2025-01
C04631,2024-02
C04631,2024-05
C04631,2024-11
C04631,2025-06
C04632,2024-04
C04632,2024-11
C04632,2025-08
C04633,2024-01
C04633,2024-04
C04633,2024-05
C04633,2024-10
C04633,2025-11
C04634,2024-11
C04634,2025-01
C04634,2025-03
C04634,2025-07
C04634,2025-12
C04635,2025-05
C04636,2024-04
C04636,2024-05
C04636,2024-08
C04636,2024-12
C04637,2025-03
C04637,2025-08
C04638,2025-06
C04639,2024-06
C04639,2025-05
C04640,2025-07
C04640,2025-08
C04640,2025-09
C04641,2025-03
C04642,2024-09
C04642,2025-04
C04642,2025-11
C04643,2024-06
C04644,2024-01
C04644,2024-07
C04644,2024-08
C04644,2025-08
C04645,2024-01
C04645,2024-02
C04647,2024-08
C04648,2024-02
C04648,2025-07
C04649,2025-04
C04650,2024-01
C04650,2024-03
C04650,2024-04
C04650,2024-05
C04650,2024-10
C04650,2025-03
C04650,2025-04
C04650,2025-12
C04651,2024-03
C04651,2024-10
C04652,2024-05
C04654,2025-02
C04654,2025-03
C04654,2025-07
C04654,2025-08
C04655,2024-08
C04656,2024-02
C04656,2024-12
C04656,2025-10
C04657,2025-10
C04658,2024-05
C04658,2024-06
C04658,2024-08
C04659,2025-01
C04659,2025-05
C04659,2025-06
C04660,2024-02
C04660,2024-11
C04660,2025-02
C04661,2024-03
C04661,2025-05
C04663,2024-02
C04664,2024-09
C04665,2024-01
C04665,2025-08
C04665,2025-09
C04666,2024-06
C04666,2025-11
C04667,2025-12
C04668,2024-07
C04668,2024-08
C04668,2024-10
C04668,2024-11
C04668,2025-01
C04668,2025-08
C04670,2024-12
C04671,2024-10
C04671,2024-11
C04671,2025-02
C04671,2025-05
C04671,2025-10
C04672,2025-11
C04673,2025-12
C04675,2024-07
C04675,2024-09
C04675,2025-05
C04676,2024-01
C04676,2024-03
C04677,2024-02
C04680,2024-01
C04680,2024-04
C04680,2025-10
C04681,2024-09
C04681,2024-10
C04681,2025-01
C04681,2025-07
C04681,2025-11
C04682,2024-05
C04682,2024-12
C04682,2025-07
C04683,2024-11
C04683,2025-06
C04683,2025-08
C04684,2024-03
C04684,2025-03
C04684,2025-04
C04685,2024-01
C04686,2024-03
C04686,2024-08
C04686,2025-09
C04686,2025-12
C04687,2024-03
C04687,2024-05
C04687,2024-06
C04687,2024-10
C04687,2024-11
C04687,2025-10
C04688,2024-06
C04689,2024-08
C04689,2025-10
C04690,2024-11
C04690,2025-05
C04690,2025-06
C04690,2025-09
C04691,2024-06
C04691,2024-12
C04694,2024-01
C04694,2024-02
C04694,2024-10
C04694,2024-11
C04694,2024-12
C04694,2025-04
C04694,2025-07
C04695,2024-05
C04695,2024-11
C04695,2025-02
C04697,2024-07
C04697,2025-04
C04697,2025-06
C04697,2025-12
C04701,2025-01
C04703,2024-07
C04703,2024-10
C04703,2024-11
C04703,2025-11
C04704,2024-03
C04704,2024-07
C04704,2025-11
C04705,2024-05
C04705,2024-12
C04706,2025-06
C04707,2024-01
C04707,2024-06
C04707,2024-12
C04707,2025-10
C04707,2025-11
C04710,2024-11
C04711,2024-09
C04711,2024-12
C04712,2024-03
C04712,2024-07
C04712,2025-07
C04712,2025-10
C04712,2025-12
C04713,2024-01
C04713,2025-04
C04714,2024-01
C04714,2024-10
C04715,2025-04
C04716,2024-09
C04717,2024-10
C04718,2024-10
C04720,2025-06
C04720,2025-09
C04721,2025-12
C04722,2024-01
C04722,2024-03
C04722,2025-06
C04724,2024-03
C04724,2024-04
C04727,2025-03
C04728,2024-10
C04728,2025-06
C04731,2025-02
C04732,2024-12
C04732,2025-02
C04733,2025-06
C04734,2024-04
C04734,2025-01
C04734,2025-05
C04735,2024-02
C04735,2024-05
C04735,2025-05
C04735,2025-06
C04736,2025-10
C04737,2024-02
C04737,2024-12
C04738,2024-03
C04740,2024-07
C04742,2025-10
C04743,2024-01
C04743,2025-04
C04743,2025-05
C04744,2024-02
C04744,2024-05
C04744,2024-09
C04744,2025-11
C04745,2024-01
C04748,2024-08
C04751,2024-03
C04751,2024-09
C04751,2025-01
C04752,2025-05
C04752,2025-07
C04752,2025-10
C04753,2024-05
C04753,2024-07
C04753,2025-02
C04753,2025-05
C04754,2024-02
C04754,2025-10
C04755,2024-06
C04755,2024-08
C04755,2025-05
C04755,2025-07
C04756,2024-05
C04756,2024-07
C04756,2025-04
C04756,2025-05
C04756,2025-12
C04757,2024-09
C04757,2025-12
C04759,2025-12
C04760,2024-06
C04760,2025-05
C04760,2025-06
C04760,2025-09
C04761,2024-12
C04761,2025-05
C04761,2025-08
C04761,2025-09
C04762,2024-12
C04762,2025-03
C04762,2025-10
C04763,2025-05
C04764,2024-08
C04764,2024-10
C04764,2025-02
C04764,2025-07
C04764,2025-09
C04765,2024-03
C04765,2024-12
C04765,2025-06
C04765,2025-07
C04766,2024-12
C04768,2024-07
C04768,2025-08
C04770,2024-06
C04770,2025-12
C04771,2025-03
C04771,2025-05
C04772,2024-06
C04772,2024-09
C04772,2024-11
C04772,2025-04
C04772,2025-12
C04774,2024-01
C04774,2024-05
C04774,2025-03
C04776,2024-04
C04776,2024-07
C04778,2024-03
C04781,2024-02
C04782,2024-08
C04782,2024-10
C04783,2024-09
C04783,2025-01
C04783,2025-03
C04785,2025-02
C04785,2025-07
C04786,2025-10
C04787,2024-02
C04787,2025-06
C04791,2024-02
C04793,2025-04
C04793,2025-08
C04793,2025-09
C04796,2024-01
C04798,2024-09
C04798,2025-04
C04798,2025-06
C04798,2025-11
C04799,2024-03
C04799,2024-05
C04800,2024-11
C04800,2025-04
C04800,2025-08
C04801,2025-09
C04801,2025-12
C04802,2024-03
C04803,2024-07
C04803,2024-08
C04803,2024-10
C04803,2025-02
C04804,2024-03
C04804,2024-11
C04804,2025-03
C04805,2025-07
C04806,2024-02
C04806,2025-03
C04807,2025-01
C04808,2025-07
C04809,2024-11
C04810,2024-04
C04810,2024-05
C04810,2024-10
C04810,2025-05
C04810,2025-07
C04810,2025-10
C04811,2024-02
C04812,2025-02
C04812,2025-07
C04813,2025-08
C04816,2024-07
C04818,2024-01
C04818,2024-05
C04818,2024-06
C04820,2024-06
C04820,2024-08
C04820,2024-12
C04820,2025-03
C04820,2025-04
C04821,2025-05
C04821,2025-06
C04822,2024-06
C04822,2025-02
C04822,2025-10
C04823,2025-12
C04825,2025-03
C04825,2025-04
C04825,2025-06
C04825,2025-09
C04825,2025-12
C04826,2025-01
C04826,2025-06
C04826,2025-08
C04829,2024-01
C04829,2025-03
C04829,2025-08
C04830,2024-03
C04830,2025-02
C04830,2025-10
C04831,2024-08
C04831,2024-10
C04831,2024-11
C04831,2025-01
C04831,2025-02
C04831,2025-06
C04831,2025-11
C04832,2024-03
C04834,2024-08
C04834,2024-09
C04834,2025-05
C04834,2025-10
C04835,2024-12
C04835,2025-06
C04836,2025-09
C04836,2025-11
C04836,2025-12
C04837,2025-07
C04839,2025-10
C04840,2024-07
C04840,2024-08
C04840,2024-12
C04841,2024-07
C04841,2024-12
C04842,2024-02
C04842,2024-03
C04842,2025-02
C04842,2025-04
C04842,2025-05
C04842,2025-06
C04842,2025-10
C04843,2024-03
C04844,2024-07
C04845,2024-01
C04845,2024-10
C04845,2025-01
C04846,2025-12
C04847,2024-06
C04847,2025-06
C04847,2025-11
C04848,2025-04
C04848,2025-09
C04848,2025-11
C04849,2025-02
C04849,2025-06
C04850,2025-06
C04851,2024-03
C04852,2024-05
C04854,2024-10
C04854,2024-11
C04855,2024-06
C04855,2024-07
C04855,2025-10
C04856,2024-01
C04856,2024-03
C04856,2024-07
C04856,2024-09
C04856,2025-10
C04857,2024-07
C04857,2025-04
C04859,2025-12
C04860,2025-01
C04860,2025-08
C04861,2024-03
C04861,2024-04
C04861,2024-09
C04861,2025-09
C04861,2025-10
C04861,2025-11
C04862,2024-04
C04862,2025-02
C04862,2025-05
C04862,2025-08
C04862,2025-11
C04862,2025-12
C04864,2024-02
C04864,2024-06
C04864,2024-08
C04864,2024-09
C04864,2025-07
C04864,2025-12
C04865,2024-05
C04865,2025-11
C04867,2024-03
C04867,2024-09
C04867,2025-02
C04867,2025-03
C04868,2024-03
C04868,2024-04
C04869,2025-05
C04870,2024-05
C04870,2024-08
C04870,2025-10
C04871,2025-07
C04872,2024-05
C04872,2024-06
C04872,2024-07
C04872,2024-12
C04872,2025-12
C04873,2024-04
C04873,2025-04
C04875,2025-01
C04875,2025-03
C04875,2025-04
C04875,2025-06
C04878,2024-03
C04878,2024-05
C04878,2024-11
C04878,2025-09
C04879,2024-01
C04879,2024-02
C04879,2024-07
C04879,2025-04
C04879,2025-05
C04879,2025-12
C04880,2024-08
C04881,2024-04
C04882,2024-11
C04882,2024-12
C04883,2025-03
C04884,2024-09
C04884,2025-09
C04885,2024-04
C04885,2024-08
C04886,2025-08
C04887,2024-05
C04887,2024-06
C04888,2024-07
C04888,2025-02
C04891,2024-08
C04893,2024-04
C04893,2024-06
C04894,2025-08
C04895,2024-04
C04895,2025-09
C04896,2025-02
C04896,2025-03
C04897,2025-10
C04898,2025-01
C04898,2025-03
C04898,2025-05
C04898,2025-10
C04898,2025-12
C04899,2025-06
C04900,2024-11
C04900,2025-10
C04902,2024-05
C04902,2024-07
C04902,2024-10
C04903,2024-03
C04903,2025-02
C04903,2025-10
C04904,2024-08
C04907,2024-06
C04908,2024-04
C04908,2024-06
C04908,2025-03
C04908,2025-05
C04909,2025-04
C04910,2024-01
C04910,2025-07
C04912,2025-06
C04912,2025-07
C04912,2025-10
C04913,2024-06
C04913,2025-05
C04914,2024-01
C04914,2024-10
C04914,2025-04
C04914,2025-09
C04914,2025-11
C04915,2024-06
C04916,2024-11
C04916,2024-12
C04916,2025-09
C04917,2024-02
C04918,2024-09
C04918,2025-01
C04918,2025-11
C04920,2025-03
C04921,2025-05
C04921,2025-06
C04923,2025-03
C04925,2024-08
C04925,2024-10
C04925,2024-12
C04925,2025-02
C04925,2025-09
C04926,2024-01
C04926,2024-02
C04926,2024-07
C04926,2024-09
C04926,2024-12
C04926,2025-10
C04927,2024-01
C04927,2024-08
C04927,2025-03
C04927,2025-09
C04928,2024-01
C04928,2024-08
C04928,2024-11
C04928,2025-01
C04929,2024-03
C04931,2024-04
C04931,2024-07
C04931,2024-08
C04931,2025-01
C04931,2025-08
C04931,2025-11
C04932,2024-06
C04932,2024-07
C04932,2025-02
C04932,2025-08
C04934,2024-07
C04934,2024-08
C04934,2024-12
C04935,2024-01
C04935,2025-07
C04936,2025-11
C04937,2024-02
C04938,2024-05
C04938,2025-05
C04938,2025-08
C04940,2024-02
C04940,2024-09
C04941,2025-07
C04942,2024-04
C04942,2024-09
C04942,2025-05
C04942,2025-09
C04943,2024-08
C04943,2025-08
C04943,2025-09
C04944,2024-11
C04944,2024-12
C04944,2025-07
C04944,2025-12
C04945,2024-10
C04946,2024-06
C04947,2025-04
C04948,2025-01
C04948,2025-03
C04949,2025-11
C04950,2024-04
C04950,2024-05
C04950,2024-11
C04950,2025-03
C04950,2025-06
C04950,2025-08
C04951,2024-06
C04951,2025-12
C04952,2025-04
C04952,2025-07
C04953,2024-01
C04953,2024-10
C04953,2025-01
C04953,2025-08
C04954,2024-05
C04955,2024-07
C04955,2024-10
C04955,2024-12
C04955,2025-04
C04956,2025-03
C04958,2024-03
C04958,2025-03
C04958,2025-06
C04958,2025-08
C04959,2025-05
C04960,2024-01
C04961,2024-02
C04963,2025-04
C04963,2025-08
C04963,2025-09
C04963,2025-10
C04965,2024-06
C04966,2025-02
C04968,2024-04
C04968,2024-06
C04968,2024-10
C04969,2024-04
C04970,2025-05
C04970,2025-10
C04971,2025-01
C04972,2024-01
C04972,2024-03
C04973,2025-05
C04974,2024-07
C04974,2025-02
C04974,2025-05
C04977,2024-03
C04977,2024-08
C04977,2025-06
C04977,2025-12
C04978,2025-06
C04978,2025-12
C04980,2024-07
C04980,2025-03
C04980,2025-05
C04980,2025-12
C04981,2025-08
C04982,2024-06
C04982,2025-06
C04983,2024-06
C04984,2025-05
C04985,2025-08
C04986,2024-05
C04987,2024-07
C04988,2024-02
C04988,2024-04
C04988,2024-09
C04988,2025-09
C04988,2025-12
C04989,2024-01
C04989,2024-03
C04989,2024-09
C04989,2024-12
C04989,2025-03
C04989,2025-04
C04989,2025-05
C04989,2025-11
C04990,2025-10
C04993,2024-04
C04993,2025-03
C04994,2024-03
C04994,2025-04
C04994,2025-09
C04996,2024-06
C04996,2024-12
C04996,2025-02
C04997,2024-02
C04997,2024-08
C04997,2025-03
C04998,2024-08
C04998,2025-01
C04998,2025-02
C04998,2025-05
C05000,2024-01
C05000,2024-10
C05000,2025-06
C05000,2025-12
