Customer_ID,first_order_date,cohort_month
C01358,2024-01-01,2024-01
C04093,2024-01-01,2024-01
C04694,2024-01-01,2024-01
C01308,2024-01-01,2024-01
C04713,2024-01-01,2024-01
C01177,2024-01-01,2024-01
C00821,2024-01-01,2024-01
C00016,2024-01-01,2024-01
C03442,2024-01-01,2024-01
C03168,2024-01-01,2024-01
C04293,2024-01-01,2024-01
C00531,2024-01-01,2024-01
C01284,2024-01-01,2024-01
C02185,2024-01-02,2024-01
C01378,2024-01-02,2024-01
C02881,2024-01-02,2024-01
C04796,2024-01-02,2024-01
C00278,2024-01-02,2024-01
C00002,2024-01-02,2024-01
C04475,2024-01-02,2024-01
C01532,2024-01-02,2024-01
C01294,2024-01-02,2024-01
C02670,2024-01-02,2024-01
C00109,2024-01-02,2024-01
C04572,2024-01-02,2024-01
C03013,2024-01-02,2024-01
C04438,2024-01-02,2024-01
C00765,2024-01-02,2024-01
C00192,2024-01-03,2024-01
C04316,2024-01-03,2024-01
C04582,2024-01-03,2024-01
C01622,2024-01-03,2024-01
C02393,2024-01-03,2024-01
C03694,2024-01-03,2024-01
C04633,2024-01-03,2024-01
C02064,2024-01-03,2024-01
C01307,2024-01-03,2024-01
C02167,2024-01-03,2024-01
C04676,2024-01-03,2024-01
C02680,2024-01-03,2024-01
C02843,2024-01-03,2024-01
C04066,2024-01-03,2024-01
C04745,2024-01-03,2024-01
C03885,2024-01-03,2024-01
C02231,2024-01-04,2024-01
C04147,2024-01-04,2024-01
C01483,2024-01-04,2024-01
C01511,2024-01-04,2024-01
C02930,2024-01-04,2024-01
C01867,2024-01-04,2024-01
C00377,2024-01-04,2024-01
C02669,2024-01-04,2024-01
C02201,2024-01-04,2024-01
C00093,2024-01-04,2024-01
C02270,2024-01-04,2024-01
C00971,2024-01-05,2024-01
C03864,2024-01-05,2024-01
C02211,2024-01-05,2024-01
C04650,2024-01-05,2024-01
C02649,2024-01-05,2024-01
C03379,2024-01-05,2024-01
C01800,2024-01-05,2024-01
C00863,2024-01-05,2024-01
C03646,2024-01-05,2024-01
C04743,2024-01-05,2024-01
C03509,2024-01-05,2024-01
C02961,2024-01-06,2024-01
C00857,2024-01-06,2024-01
C02889,2024-01-06,2024-01
C02416,2024-01-06,2024-01
C02782,2024-01-06,2024-01
C04134,2024-01-06,2024-01
C02504,2024-01-06,2024-01
C04680,2024-01-06,2024-01
C04707,2024-01-06,2024-01
C02500,2024-01-06,2024-01
C02102,2024-01-06,2024-01
C00714,2024-01-06,2024-01
C03385,2024-01-06,2024-01
C00451,2024-01-06,2024-01
C03236,2024-01-07,2024-01
C01305,2024-01-07,2024-01
C04198,2024-01-07,2024-01
C03238,2024-01-07,2024-01
C00379,2024-01-07,2024-01
C04358,2024-01-07,2024-01
C03001,2024-01-07,2024-01
C04540,2024-01-07,2024-01
C00855,2024-01-07,2024-01
C04127,2024-01-07,2024-01
C01591,2024-01-07,2024-01
C02362,2024-01-08,2024-01
C03334,2024-01-08,2024-01
C03473,2024-01-08,2024-01
C01673,2024-01-08,2024-01
C01848,2024-01-08,2024-01
C01678,2024-01-08,2024-01
C03715,2024-01-08,2024-01
C00289,2024-01-08,2024-01
C05000,2024-01-08,2024-01
C04665,2024-01-08,2024-01
C03633,2024-01-08,2024-01
C04307,2024-01-08,2024-01
C03132,2024-01-08,2024-01
C00925,2024-01-08,2024-01
C01280,2024-01-08,2024-01
C02463,2024-01-08,2024-01
C01018,2024-01-08,2024-01
C00848,2024-01-08,2024-01
C03643,2024-01-08,2024-01
C02939,2024-01-08,2024-01
C04376,2024-01-09,2024-01
C00758,2024-01-09,2024-01
C03671,2024-01-09,2024-01
C02760,2024-01-09,2024-01
C02761,2024-01-09,2024-01
C03592,2024-01-09,2024-01
C04330,2024-01-09,2024-01
C01425,2024-01-09,2024-01
C03942,2024-01-09,2024-01
C00907,2024-01-09,2024-01
C02344,2024-01-09,2024-01
C00938,2024-01-09,2024-01
C01036,2024-01-09,2024-01
C01583,2024-01-09,2024-01
C01342,2024-01-10,2024-01
C03086,2024-01-10,2024-01
C03693,2024-01-10,2024-01
C01146,2024-01-10,2024-01
C04774,2024-01-10,2024-01
C00843,2024-01-10,2024-01
C01921,2024-01-10,2024-01
C01838,2024-01-10,2024-01
C01729,2024-01-10,2024-01
C03455,2024-01-10,2024-01
C00905,2024-01-10,2024-01
C03018,2024-01-10,2024-01
C02593,2024-01-10,2024-01
C00738,2024-01-10,2024-01
C03984,2024-01-10,2024-01
C04002,2024-01-10,2024-01
C03349,2024-01-10,2024-01
C00668,2024-01-10,2024-01
C04250,2024-01-11,2024-01
C04254,2024-01-11,2024-01
C04542,2024-01-11,2024-01
C02426,2024-01-11,2024-01
C02913,2024-01-11,2024-01
C01496,2024-01-11,2024-01
C03117,2024-01-11,2024-01
C04935,2024-01-11,2024-01
C03260,2024-01-11,2024-01
C02583,2024-01-11,2024-01
C01860,2024-01-11,2024-01
C03366,2024-01-11,2024-01
C00335,2024-01-11,2024-01
C03315,2024-01-12,2024-01
C03114,2024-01-12,2024-01
C03976,2024-01-12,2024-01
C01932,2024-01-12,2024-01
C03207,2024-01-12,2024-01
C01980,2024-01-12,2024-01
C03399,2024-01-12,2024-01
C01224,2024-01-12,2024-01
C01576,2024-01-12,2024-01
C01370,2024-01-12,2024-01
C04417,2024-01-12,2024-01
C02429,2024-01-12,2024-01
C04829,2024-01-13,2024-01
C02013,2024-01-13,2024-01
C01580,2024-01-13,2024-01
C04910,2024-01-13,2024-01
C04645,2024-01-13,2024-01
C02434,2024-01-13,2024-01
C02484,2024-01-13,2024-01
C01554,2024-01-13,2024-01
C03594,2024-01-13,2024-01
C02499,2024-01-14,2024-01
C03656,2024-01-14,2024-01
C01095,2024-01-14,2024-01
C02121,2024-01-14,2024-01
C00022,2024-01-14,2024-01
C04516,2024-01-14,2024-01
C01770,2024-01-14,2024-01
C00739,2024-01-14,2024-01
C02775,2024-01-14,2024-01
C02537,2024-01-14,2024-01
C00182,2024-01-14,2024-01
C03644,2024-01-14,2024-01
C01559,2024-01-15,2024-01
C00140,2024-01-15,2024-01
C03775,2024-01-15,2024-01
C00203,2024-01-15,2024-01
C01312,2024-01-15,2024-01
C01885,2024-01-15,2024-01
C03571,2024-01-15,2024-01
C01133,2024-01-15,2024-01
C00219,2024-01-15,2024-01
C03703,2024-01-16,2024-01
C02073,2024-01-16,2024-01
C04926,2024-01-16,2024-01
C01843,2024-01-16,2024-01
C03677,2024-01-16,2024-01
C04537,2024-01-16,2024-01
C00393,2024-01-16,2024-01
C03411,2024-01-16,2024-01
C03905,2024-01-16,2024-01
C00871,2024-01-16,2024-01
C04914,2024-01-16,2024-01
C04714,2024-01-16,2024-01
C01421,2024-01-16,2024-01
C01010,2024-01-16,2024-01
C02562,2024-01-16,2024-01
C00819,2024-01-16,2024-01
C03719,2024-01-16,2024-01
C03733,2024-01-16,2024-01
C00312,2024-01-16,2024-01
C02392,2024-01-17,2024-01
C01268,2024-01-17,2024-01
C02098,2024-01-17,2024-01
C02903,2024-01-17,2024-01
C01726,2024-01-17,2024-01
C00673,2024-01-17,2024-01
C00579,2024-01-17,2024-01
C01359,2024-01-17,2024-01
C01825,2024-01-17,2024-01
C04370,2024-01-17,2024-01
C03931,2024-01-17,2024-01
C04845,2024-01-17,2024-01
C03276,2024-01-17,2024-01
C01438,2024-01-17,2024-01
C01984,2024-01-17,2024-01
C03432,2024-01-17,2024-01
C00689,2024-01-18,2024-01
C03892,2024-01-18,2024-01
C02612,2024-01-18,2024-01
C03269,2024-01-18,2024-01
C04989,2024-01-18,2024-01
C04818,2024-01-18,2024-01
C00228,2024-01-18,2024-01
C02631,2024-01-18,2024-01
C02590,2024-01-18,2024-01
C01589,2024-01-18,2024-01
C01119,2024-01-18,2024-01
C02199,2024-01-18,2024-01
C00831,2024-01-18,2024-01
C00386,2024-01-18,2024-01
C03804,2024-01-19,2024-01
C01943,2024-01-19,2024-01
C00121,2024-01-19,2024-01
C03291,2024-01-19,2024-01
C00188,2024-01-19,2024-01
C03006,2024-01-19,2024-01
C03619,2024-01-19,2024-01
C04619,2024-01-19,2024-01
C03507,2024-01-19,2024-01
C02301,2024-01-19,2024-01
C00406,2024-01-20,2024-01
C00884,2024-01-20,2024-01
C03893,2024-01-20,2024-01
C04116,2024-01-20,2024-01
C01216,2024-01-20,2024-01
C02294,2024-01-20,2024-01
C01701,2024-01-20,2024-01
C04469,2024-01-20,2024-01
C04623,2024-01-20,2024-01
C01441,2024-01-20,2024-01
C03557,2024-01-20,2024-01
C04223,2024-01-20,2024-01
C00524,2024-01-20,2024-01
C01508,2024-01-20,2024-01
C02347,2024-01-20,2024-01
C02630,2024-01-20,2024-01
C02332,2024-01-21,2024-01
C01125,2024-01-21,2024-01
C01135,2024-01-21,2024-01
C00480,2024-01-21,2024-01
C02458,2024-01-21,2024-01
C04140,2024-01-21,2024-01
C03491,2024-01-21,2024-01
C00684,2024-01-21,2024-01
C00846,2024-01-21,2024-01
C02486,2024-01-21,2024-01
C03812,2024-01-21,2024-01
C00133,2024-01-21,2024-01
C04429,2024-01-21,2024-01
C04149,2024-01-21,2024-01
C02840,2024-01-21,2024-01
C02068,2024-01-21,2024-01
C01100,2024-01-21,2024-01
C04388,2024-01-22,2024-01
C04644,2024-01-22,2024-01
C02972,2024-01-22,2024-01
C00505,2024-01-22,2024-01
C00805,2024-01-22,2024-01
C03517,2024-01-22,2024-01
C01321,2024-01-22,2024-01
C02595,2024-01-22,2024-01
C00207,2024-01-22,2024-01
C04927,2024-01-22,2024-01
C04960,2024-01-22,2024-01
C00747,2024-01-22,2024-01
C01243,2024-01-22,2024-01
C03711,2024-01-23,2024-01
C04074,2024-01-23,2024-01
C03865,2024-01-23,2024-01
C02136,2024-01-23,2024-01
C02457,2024-01-23,2024-01
C01295,2024-01-23,2024-01
C04585,2024-01-23,2024-01
C02083,2024-01-23,2024-01
C00479,2024-01-23,2024-01
C02726,2024-01-23,2024-01
C00136,2024-01-23,2024-01
C01642,2024-01-23,2024-01
C03261,2024-01-23,2024-01
C03858,2024-01-24,2024-01
C02916,2024-01-24,2024-01
C04222,2024-01-24,2024-01
C03637,2024-01-24,2024-01
C02858,2024-01-24,2024-01
C02963,2024-01-24,2024-01
C03817,2024-01-24,2024-01
C00319,2024-01-24,2024-01
C00956,2024-01-24,2024-01
C01741,2024-01-24,2024-01
C03515,2024-01-24,2024-01
C01349,2024-01-25,2024-01
C00339,2024-01-25,2024-01
C02502,2024-01-25,2024-01
C01937,2024-01-25,2024-01
C03324,2024-01-25,2024-01
C00334,2024-01-25,2024-01
C04077,2024-01-25,2024-01
C03991,2024-01-25,2024-01
C00957,2024-01-25,2024-01
C03050,2024-01-25,2024-01
C04972,2024-01-25,2024-01
C02667,2024-01-25,2024-01
C04592,2024-01-25,2024-01
C00666,2024-01-25,2024-01
C01077,2024-01-25,2024-01
C03655,2024-01-25,2024-01
C02289,2024-01-25,2024-01
C03877,2024-01-25,2024-01
C03488,2024-01-26,2024-01
C04365,2024-01-26,2024-01
C04722,2024-01-26,2024-01
C03985,2024-01-26,2024-01
C01982,2024-01-26,2024-01
C02541,2024-01-26,2024-01
C01740,2024-01-26,2024-01
C02360,2024-01-26,2024-01
C04200,2024-01-26,2024-01
C00025,2024-01-26,2024-01
C02474,2024-01-26,2024-01
C00265,2024-01-26,2024-01
C00173,2024-01-26,2024-01
C02302,2024-01-27,2024-01
C03580,2024-01-27,2024-01
C02472,2024-01-27,2024-01
C01758,2024-01-27,2024-01
C03680,2024-01-27,2024-01
C02359,2024-01-27,2024-01
C03344,2024-01-27,2024-01
C02532,2024-01-27,2024-01
C00548,2024-01-27,2024-01
C03618,2024-01-27,2024-01
C04016,2024-01-27,2024-01
C04498,2024-01-27,2024-01
C04579,2024-01-28,2024-01
C00155,2024-01-28,2024-01
C01561,2024-01-28,2024-01
C04484,2024-01-28,2024-01
C01868,2024-01-28,2024-01
C03543,2024-01-28,2024-01
C00604,2024-01-28,2024-01
C01996,2024-01-28,2024-01
C03529,2024-01-28,2024-01
C02576,2024-01-28,2024-01
C01089,2024-01-28,2024-01
C01092,2024-01-28,2024-01
C02893,2024-01-28,2024-01
C04019,2024-01-28,2024-01
C00543,2024-01-28,2024-01
C04089,2024-01-29,2024-01
C03235,2024-01-29,2024-01
C01973,2024-01-29,2024-01
C00403,2024-01-29,2024-01
C04856,2024-01-29,2024-01
C03682,2024-01-29,2024-01
C03156,2024-01-29,2024-01
C01920,2024-01-29,2024-01
C00131,2024-01-29,2024-01
C02022,2024-01-29,2024-01
C01776,2024-01-29,2024-01
C02435,2024-01-29,2024-01
C02109,2024-01-29,2024-01
C03436,2024-01-29,2024-01
C03605,2024-01-30,2024-01
C00549,2024-01-30,2024-01
C04064,2024-01-30,2024-01
C02094,2024-01-30,2024-01
C00160,2024-01-30,2024-01
C00974,2024-01-30,2024-01
C04928,2024-01-30,2024-01
C04953,2024-01-30,2024-01
C00622,2024-01-30,2024-01
C03498,2024-01-30,2024-01
C04879,2024-01-30,2024-01
C02487,2024-01-30,2024-01
C02856,2024-01-30,2024-01
C03308,2024-01-30,2024-01
C03336,2024-01-30,2024-01
C03634,2024-01-30,2024-01
C04041,2024-01-30,2024-01
C02942,2024-01-30,2024-01
C04685,2024-01-30,2024-01
C02009,2024-01-30,2024-01
C01657,2024-01-30,2024-01
C03518,2024-01-30,2024-01
C04483,2024-01-31,2024-01
C01148,2024-01-31,2024-01
C03397,2024-01-31,2024-01
C02735,2024-01-31,2024-01
C00645,2024-01-31,2024-01
C00648,2024-01-31,2024-01
C02103,2024-01-31,2024-01
C01236,2024-01-31,2024-01
C03674,2024-01-31,2024-01
C02629,2024-02-01,2024-02
C03149,2024-02-01,2024-02
C01671,2024-02-01,2024-02
C04040,2024-02-01,2024-02
C02646,2024-02-01,2024-02
C01575,2024-02-01,2024-02
C00190,2024-02-01,2024-02
C04791,2024-02-01,2024-02
C01857,2024-02-02,2024-02
C02014,2024-02-02,2024-02
C03768,2024-02-02,2024-02
C02120,2024-02-02,2024-02
C02128,2024-02-02,2024-02
C03795,2024-02-02,2024-02
C03360,2024-02-02,2024-02
C01517,2024-02-02,2024-02
C00465,2024-02-02,2024-02
C01198,2024-02-02,2024-02
C03689,2024-02-02,2024-02
C03184,2024-02-03,2024-02
C02361,2024-02-03,2024-02
C02684,2024-02-03,2024-02
C01826,2024-02-03,2024-02
C03041,2024-02-03,2024-02
C02471,2024-02-03,2024-02
C04100,2024-02-03,2024-02
C00229,2024-02-03,2024-02
C01971,2024-02-03,2024-02
C03014,2024-02-03,2024-02
C00609,2024-02-03,2024-02
C01061,2024-02-03,2024-02
C02461,2024-02-03,2024-02
C01872,2024-02-03,2024-02
C03886,2024-02-03,2024-02
C04737,2024-02-03,2024-02
C00696,2024-02-03,2024-02
C04152,2024-02-03,2024-02
C04545,2024-02-04,2024-02
C01911,2024-02-04,2024-02
C04477,2024-02-04,2024-02
C01809,2024-02-04,2024-02
C01711,2024-02-04,2024-02
C00924,2024-02-04,2024-02
C02621,2024-02-04,2024-02
C02685,2024-02-04,2024-02
C03133,2024-02-04,2024-02
C00834,2024-02-04,2024-02
C00508,2024-02-04,2024-02
C00440,2024-02-04,2024-02
C04440,2024-02-04,2024-02
C03423,2024-02-04,2024-02
C00330,2024-02-04,2024-02
C01193,2024-02-04,2024-02
C02866,2024-02-04,2024-02
C00035,2024-02-04,2024-02
C02310,2024-02-04,2024-02
C00077,2024-02-04,2024-02
C04025,2024-02-04,2024-02
C04555,2024-02-05,2024-02
C03724,2024-02-05,2024-02
C01355,2024-02-05,2024-02
C01354,2024-02-05,2024-02
C00948,2024-02-05,2024-02
C03686,2024-02-05,2024-02
C01694,2024-02-05,2024-02
C00462,2024-02-05,2024-02
C03993,2024-02-05,2024-02
C00779,2024-02-05,2024-02
C00703,2024-02-05,2024-02
C03754,2024-02-05,2024-02
C04018,2024-02-05,2024-02
C01008,2024-02-05,2024-02
C04394,2024-02-05,2024-02
C01727,2024-02-06,2024-02
C00112,2024-02-06,2024-02
C01330,2024-02-06,2024-02
C00820,2024-02-06,2024-02
C00108,2024-02-06,2024-02
C00902,2024-02-06,2024-02
C02701,2024-02-06,2024-02
C01744,2024-02-06,2024-02
C02733,2024-02-06,2024-02
C04511,2024-02-06,2024-02
C03303,2024-02-06,2024-02
C00382,2024-02-06,2024-02
C03688,2024-02-06,2024-02
C00170,2024-02-07,2024-02
C00245,2024-02-07,2024-02
C00897,2024-02-07,2024-02
C04595,2024-02-07,2024-02
C01839,2024-02-07,2024-02
C04518,2024-02-07,2024-02
C01141,2024-02-07,2024-02
C00582,2024-02-08,2024-02
C02844,2024-02-08,2024-02
C03323,2024-02-08,2024-02
C02539,2024-02-08,2024-02
C04337,2024-02-08,2024-02
C01806,2024-02-08,2024-02
C01977,2024-02-08,2024-02
C01781,2024-02-08,2024-02
C04033,2024-02-08,2024-02
C03956,2024-02-08,2024-02
C02030,2024-02-08,2024-02
C03489,2024-02-08,2024-02
C04309,2024-02-08,2024-02
C04217,2024-02-08,2024-02
C02174,2024-02-08,2024-02
C04677,2024-02-08,2024-02
C04439,2024-02-08,2024-02
C03453,2024-02-08,2024-02
C00872,2024-02-08,2024-02
C00474,2024-02-08,2024-02
C04842,2024-02-09,2024-02
C01653,2024-02-09,2024-02
C03496,2024-02-09,2024-02
C00935,2024-02-09,2024-02
C04917,2024-02-09,2024-02
C04137,2024-02-09,2024-02
C03395,2024-02-09,2024-02
C03100,2024-02-09,2024-02
C04735,2024-02-09,2024-02
C02656,2024-02-09,2024-02
C03299,2024-02-09,2024-02
C00230,2024-02-09,2024-02
C04648,2024-02-09,2024-02
C03990,2024-02-09,2024-02
C01881,2024-02-10,2024-02
C03901,2024-02-10,2024-02
C02993,2024-02-10,2024-02
C02598,2024-02-10,2024-02
C04988,2024-02-10,2024-02
C01953,2024-02-10,2024-02
C01892,2024-02-10,2024-02
C00675,2024-02-10,2024-02
C00669,2024-02-10,2024-02
C01886,2024-02-10,2024-02
C01277,2024-02-10,2024-02
C04206,2024-02-10,2024-02
C02622,2024-02-11,2024-02
C02960,2024-02-11,2024-02
C03826,2024-02-11,2024-02
C01157,2024-02-11,2024-02
C01022,2024-02-11,2024-02
C02186,2024-02-11,2024-02
C00494,2024-02-11,2024-02
C01145,2024-02-11,2024-02
C03947,2024-02-11,2024-02
C03060,2024-02-11,2024-02
C02275,2024-02-12,2024-02
C04631,2024-02-12,2024-02
C01873,2024-02-12,2024-02
C00086,2024-02-12,2024-02
C04471,2024-02-12,2024-02
C03272,2024-02-12,2024-02
C02227,2024-02-12,2024-02
C01640,2024-02-12,2024-02
C04628,2024-02-12,2024-02
C01643,2024-02-12,2024-02
C03888,2024-02-12,2024-02
C00861,2024-02-12,2024-02
C03005,2024-02-12,2024-02
C04339,2024-02-13,2024-02
C04744,2024-02-13,2024-02
C02040,2024-02-13,2024-02
C04754,2024-02-13,2024-02
C04660,2024-02-13,2024-02
C03204,2024-02-13,2024-02
C02803,2024-02-13,2024-02
C00026,2024-02-13,2024-02
C02890,2024-02-13,2024-02
C04111,2024-02-13,2024-02
C02586,2024-02-14,2024-02
C03413,2024-02-14,2024-02
C02644,2024-02-14,2024-02
C04448,2024-02-14,2024-02
C00425,2024-02-14,2024-02
C00318,2024-02-14,2024-02
C00470,2024-02-14,2024-02
C03565,2024-02-14,2024-02
C01188,2024-02-14,2024-02
C03392,2024-02-14,2024-02
C02266,2024-02-14,2024-02
C04435,2024-02-14,2024-02
C01807,2024-02-14,2024-02
C01934,2024-02-15,2024-02
C00959,2024-02-15,2024-02
C03829,2024-02-15,2024-02
C03176,2024-02-15,2024-02
C01395,2024-02-15,2024-02
C04864,2024-02-15,2024-02
C00138,2024-02-15,2024-02
C00352,2024-02-15,2024-02
C04377,2024-02-15,2024-02
C01955,2024-02-15,2024-02
C02759,2024-02-15,2024-02
C01110,2024-02-16,2024-02
C04356,2024-02-16,2024-02
C02268,2024-02-16,2024-02
C01348,2024-02-16,2024-02
C03797,2024-02-16,2024-02
C01081,2024-02-16,2024-02
C00088,2024-02-16,2024-02
C03030,2024-02-16,2024-02
C01209,2024-02-16,2024-02
C02927,2024-02-16,2024-02
C03459,2024-02-16,2024-02
C03363,2024-02-16,2024-02
C02603,2024-02-17,2024-02
C03651,2024-02-17,2024-02
C03474,2024-02-17,2024-02
C03327,2024-02-17,2024-02
C04163,2024-02-17,2024-02
C00976,2024-02-17,2024-02
C00302,2024-02-17,2024-02
C00162,2024-02-17,2024-02
C00055,2024-02-17,2024-02
C03923,2024-02-17,2024-02
C00850,2024-02-17,2024-02
C03337,2024-02-17,2024-02
C03239,2024-02-17,2024-02
C03049,2024-02-18,2024-02
C02732,2024-02-18,2024-02
C04787,2024-02-18,2024-02
C03012,2024-02-18,2024-02
C04480,2024-02-18,2024-02
C02698,2024-02-18,2024-02
C03064,2024-02-18,2024-02
C00493,2024-02-19,2024-02
C00965,2024-02-19,2024-02
C00388,2024-02-19,2024-02
C04450,2024-02-19,2024-02
C00849,2024-02-19,2024-02
C02082,2024-02-19,2024-02
C01599,2024-02-19,2024-02
C03748,2024-02-19,2024-02
C00220,2024-02-19,2024-02
C04577,2024-02-19,2024-02
C04811,2024-02-19,2024-02
C02788,2024-02-19,2024-02
C03058,2024-02-19,2024-02
C02882,2024-02-20,2024-02
C01762,2024-02-20,2024-02
C02796,2024-02-20,2024-02
C04030,2024-02-20,2024-02
C03685,2024-02-20,2024-02
C04121,2024-02-20,2024-02
C00175,2024-02-20,2024-02
C01709,2024-02-20,2024-02
C01582,2024-02-20,2024-02
C00535,2024-02-20,2024-02
C00725,2024-02-20,2024-02
C04156,2024-02-20,2024-02
C00050,2024-02-21,2024-02
C03632,2024-02-21,2024-02
C00899,2024-02-21,2024-02
C00353,2024-02-21,2024-02
C03212,2024-02-21,2024-02
C01062,2024-02-21,2024-02
C02156,2024-02-21,2024-02
C00147,2024-02-21,2024-02
C03402,2024-02-21,2024-02
C02238,2024-02-21,2024-02
C02967,2024-02-22,2024-02
C04656,2024-02-22,2024-02
C00419,2024-02-22,2024-02
C03980,2024-02-22,2024-02
C03932,2024-02-22,2024-02
C04937,2024-02-22,2024-02
C02410,2024-02-22,2024-02
C01437,2024-02-22,2024-02
C02728,2024-02-22,2024-02
C01460,2024-02-22,2024-02
C00310,2024-02-22,2024-02
C02475,2024-02-22,2024-02
C00881,2024-02-22,2024-02
C03608,2024-02-22,2024-02
C00224,2024-02-22,2024-02
C03611,2024-02-23,2024-02
C03889,2024-02-23,2024-02
C01547,2024-02-23,2024-02
C03502,2024-02-23,2024-02
C03652,2024-02-23,2024-02
C00017,2024-02-23,2024-02
C00176,2024-02-23,2024-02
C03426,2024-02-23,2024-02
C04940,2024-02-23,2024-02
C03841,2024-02-24,2024-02
C00567,2024-02-24,2024-02
C00151,2024-02-24,2024-02
C01144,2024-02-24,2024-02
C00019,2024-02-24,2024-02
C03855,2024-02-24,2024-02
C04781,2024-02-24,2024-02
C04997,2024-02-24,2024-02
C03312,2024-02-24,2024-02
C02872,2024-02-25,2024-02
C01114,2024-02-25,2024-02
C00624,2024-02-25,2024-02
C00366,2024-02-25,2024-02
C03512,2024-02-25,2024-02
C00126,2024-02-25,2024-02
C01676,2024-02-25,2024-02
C03427,2024-02-25,2024-02
C03338,2024-02-25,2024-02
C02390,2024-02-25,2024-02
C03428,2024-02-25,2024-02
C04663,2024-02-25,2024-02
C04354,2024-02-26,2024-02
C04075,2024-02-26,2024-02
C00253,2024-02-26,2024-02
C00520,2024-02-26,2024-02
C03284,2024-02-26,2024-02
C04021,2024-02-26,2024-02
C04526,2024-02-26,2024-02
C02860,2024-02-26,2024-02
C03709,2024-02-26,2024-02
C04961,2024-02-26,2024-02
C04806,2024-02-26,2024-02
C00731,2024-02-26,2024-02
C03583,2024-02-26,2024-02
C02718,2024-02-27,2024-02
C01630,2024-02-27,2024-02
C03597,2024-02-27,2024-02
C00826,2024-02-27,2024-02
C00523,2024-02-27,2024-02
C03770,2024-02-27,2024-02
C01981,2024-02-27,2024-02
C04296,2024-02-27,2024-02
C01718,2024-02-27,2024-02
C00122,2024-02-27,2024-02
C03642,2024-02-27,2024-02
C03751,2024-02-27,2024-02
C00833,2024-02-27,2024-02
C00806,2024-02-28,2024-02
C01733,2024-02-28,2024-02
C01894,2024-02-28,2024-02
C02183,2024-02-28,2024-02
C00735,2024-02-28,2024-02
C04229,2024-02-28,2024-02
C04523,2024-02-28,2024-02
C02578,2024-02-28,2024-02
C04289,2024-02-28,2024-02
C01745,2024-02-28,2024-02
C04144,2024-02-28,2024-02
C02772,2024-02-28,2024-02
C00301,2024-02-28,2024-02
C01520,2024-02-29,2024-02
C02700,2024-02-29,2024-02
C03800,2024-02-29,2024-02
C04220,2024-02-29,2024-02
C01792,2024-02-29,2024-02
C00994,2024-02-29,2024-02
C00420,2024-02-29,2024-02
C01461,2024-03-01,2024-03
C01178,2024-03-01,2024-03
C02883,2024-03-01,2024-03
C00713,2024-03-01,2024-03
C03170,2024-03-01,2024-03
C02061,2024-03-01,2024-03
C03054,2024-03-01,2024-03
C04832,2024-03-01,2024-03
C02859,2024-03-01,2024-03
C03105,2024-03-01,2024-03
C02095,2024-03-01,2024-03
C03282,2024-03-02,2024-03
C04193,2024-03-02,2024-03
C04387,2024-03-02,2024-03
C03943,2024-03-02,2024-03
C03663,2024-03-02,2024-03
C02835,2024-03-02,2024-03
C01940,2024-03-02,2024-03
C01616,2024-03-02,2024-03
C01535,2024-03-02,2024-03
C04177,2024-03-02,2024-03
C00632,2024-03-03,2024-03
C03851,2024-03-03,2024-03
C02175,2024-03-03,2024-03
C03476,2024-03-03,2024-03
C04308,2024-03-03,2024-03
C00528,2024-03-03,2024-03
C00972,2024-03-03,2024-03
C03270,2024-03-03,2024-03
C02258,2024-03-03,2024-03
C04590,2024-03-03,2024-03
C00350,2024-03-03,2024-03
C03548,2024-03-03,2024-03
C03815,2024-03-04,2024-03
C00401,2024-03-04,2024-03
C00699,2024-03-04,2024-03
C00343,2024-03-04,2024-03
C03510,2024-03-04,2024-03
C04843,2024-03-04,2024-03
C00621,2024-03-04,2024-03
C04565,2024-03-04,2024-03
C04625,2024-03-04,2024-03
C02686,2024-03-05,2024-03
C03420,2024-03-05,2024-03
C04868,2024-03-05,2024-03
C02512,2024-03-05,2024-03
C00757,2024-03-05,2024-03
C01286,2024-03-05,2024-03
C01774,2024-03-05,2024-03
C02592,2024-03-05,2024-03
C00439,2024-03-05,2024-03
C02695,2024-03-05,2024-03
C00904,2024-03-05,2024-03
C04057,2024-03-05,2024-03
C04614,2024-03-05,2024-03
C01840,2024-03-05,2024-03
C02758,2024-03-05,2024-03
C00625,2024-03-06,2024-03
C02205,2024-03-06,2024-03
C04958,2024-03-06,2024-03
C00823,2024-03-06,2024-03
C01072,2024-03-06,2024-03
C00724,2024-03-06,2024-03
C01994,2024-03-06,2024-03
C00851,2024-03-06,2024-03
C04402,2024-03-06,2024-03
C03977,2024-03-06,2024-03
C03774,2024-03-06,2024-03
C02405,2024-03-06,2024-03
C04544,2024-03-06,2024-03
C00431,2024-03-07,2024-03
C02554,2024-03-07,2024-03
C02943,2024-03-07,2024-03
C03019,2024-03-07,2024-03
C00128,2024-03-07,2024-03
C01537,2024-03-07,2024-03
C02195,2024-03-07,2024-03
C00172,2024-03-08,2024-03
C03206,2024-03-08,2024-03
C00841,2024-03-08,2024-03
C00879,2024-03-08,2024-03
C01944,2024-03-08,2024-03
C02559,2024-03-08,2024-03
C00472,2024-03-08,2024-03
C04331,2024-03-08,2024-03
C00780,2024-03-08,2024-03
C00159,2024-03-08,2024-03
C02233,2024-03-08,2024-03
C00561,2024-03-09,2024-03
C04430,2024-03-09,2024-03
C04087,2024-03-09,2024-03
C02116,2024-03-09,2024-03
C04159,2024-03-09,2024-03
C01412,2024-03-09,2024-03
C01958,2024-03-09,2024-03
C01998,2024-03-09,2024-03
C03805,2024-03-10,2024-03
C04060,2024-03-10,2024-03
C02815,2024-03-10,2024-03
C00946,2024-03-10,2024-03
C01289,2024-03-10,2024-03
C00617,2024-03-10,2024-03
C00683,2024-03-10,2024-03
C04242,2024-03-10,2024-03
C04778,2024-03-10,2024-03
C01331,2024-03-10,2024-03
C03601,2024-03-10,2024-03
C01020,2024-03-10,2024-03
C04738,2024-03-10,2024-03
C04280,2024-03-11,2024-03
C04765,2024-03-11,2024-03
C02879,2024-03-11,2024-03
C04867,2024-03-11,2024-03
C01025,2024-03-11,2024-03
C02679,2024-03-11,2024-03
C00661,2024-03-11,2024-03
C02884,2024-03-11,2024-03
C01098,2024-03-12,2024-03
C04607,2024-03-12,2024-03
C02482,2024-03-12,2024-03
C02633,2024-03-12,2024-03
C04687,2024-03-12,2024-03
C03589,2024-03-12,2024-03
C03649,2024-03-12,2024-03
C02848,2024-03-12,2024-03
C00154,2024-03-12,2024-03
C02081,2024-03-12,2024-03
C03579,2024-03-12,2024-03
C01682,2024-03-12,2024-03
C00638,2024-03-12,2024-03
C04158,2024-03-13,2024-03
C04136,2024-03-13,2024-03
C01138,2024-03-13,2024-03
C01057,2024-03-13,2024-03
C02793,2024-03-13,2024-03
C02674,2024-03-13,2024-03
C03342,2024-03-13,2024-03
C02507,2024-03-13,2024-03
C01617,2024-03-13,2024-03
C03906,2024-03-14,2024-03
C01486,2024-03-14,2024-03
C01083,2024-03-14,2024-03
C00539,2024-03-14,2024-03
C01248,2024-03-14,2024-03
C00760,2024-03-14,2024-03
C02794,2024-03-14,2024-03
C01252,2024-03-14,2024-03
C00720,2024-03-14,2024-03
C02494,2024-03-14,2024-03
C03705,2024-03-14,2024-03
C03062,2024-03-15,2024-03
C03083,2024-03-15,2024-03
C04451,2024-03-15,2024-03
C00455,2024-03-15,2024-03
C03914,2024-03-15,2024-03
C01285,2024-03-15,2024-03
C01602,2024-03-15,2024-03
C04312,2024-03-15,2024-03
C00385,2024-03-15,2024-03
C04304,2024-03-15,2024-03
C04543,2024-03-15,2024-03
C03493,2024-03-16,2024-03
C00551,2024-03-16,2024-03
C04751,2024-03-16,2024-03
C00506,2024-03-16,2024-03
C04724,2024-03-16,2024-03
C02079,2024-03-16,2024-03
C04225,2024-03-16,2024-03
C00584,2024-03-17,2024-03
C01399,2024-03-17,2024-03
C03568,2024-03-17,2024-03
C01503,2024-03-17,2024-03
C02380,2024-03-17,2024-03
C02439,2024-03-17,2024-03
C02922,2024-03-17,2024-03
C00269,2024-03-17,2024-03
C03137,2024-03-17,2024-03
C00868,2024-03-17,2024-03
C02663,2024-03-17,2024-03
C03435,2024-03-17,2024-03
C02801,2024-03-17,2024-03
C00716,2024-03-18,2024-03
C04686,2024-03-18,2024-03
C01212,2024-03-18,2024-03
C02777,2024-03-18,2024-03
C00082,2024-03-18,2024-03
C03186,2024-03-18,2024-03
C03460,2024-03-18,2024-03
C00660,2024-03-18,2024-03
C00636,2024-03-18,2024-03
C02220,2024-03-18,2024-03
C04903,2024-03-18,2024-03
C01281,2024-03-18,2024-03
C02446,2024-03-18,2024-03
C00148,2024-03-18,2024-03
C01259,2024-03-18,2024-03
C03124,2024-03-19,2024-03
C04288,2024-03-19,2024-03
C02606,2024-03-19,2024-03
C03495,2024-03-19,2024-03
C03584,2024-03-19,2024-03
C03727,2024-03-19,2024-03
C00213,2024-03-19,2024-03
C00546,2024-03-19,2024-03
C03926,2024-03-19,2024-03
C03799,2024-03-20,2024-03
C04861,2024-03-20,2024-03
C04301,2024-03-20,2024-03
C01032,2024-03-20,2024-03
C02619,2024-03-20,2024-03
C04616,2024-03-20,2024-03
C00183,2024-03-20,2024-03
C03897,2024-03-20,2024-03
C01821,2024-03-20,2024-03
C00726,2024-03-20,2024-03
C04684,2024-03-20,2024-03
C00071,2024-03-20,2024-03
C00644,2024-03-20,2024-03
C02321,2024-03-20,2024-03
C03591,2024-03-20,2024-03
C01405,2024-03-20,2024-03
C02234,2024-03-21,2024-03
C04878,2024-03-21,2024-03
C01710,2024-03-21,2024-03
C01479,2024-03-21,2024-03
C02178,2024-03-21,2024-03
C03329,2024-03-22,2024-03
C00677,2024-03-22,2024-03
C01506,2024-03-22,2024-03
C02427,2024-03-22,2024-03
C01853,2024-03-22,2024-03
C03854,2024-03-22,2024-03
C03960,2024-03-22,2024-03
C00358,2024-03-22,2024-03
C00127,2024-03-22,2024-03
C01852,2024-03-23,2024-03
C00530,2024-03-23,2024-03
C02288,2024-03-23,2024-03
C04704,2024-03-23,2024-03
C03621,2024-03-23,2024-03
C03391,2024-03-23,2024-03
C02714,2024-03-23,2024-03
C02560,2024-03-24,2024-03
C03521,2024-03-24,2024-03
C01030,2024-03-24,2024-03
C00149,2024-03-24,2024-03
C00369,2024-03-24,2024-03
C00533,2024-03-24,2024-03
C04830,2024-03-24,2024-03
C04161,2024-03-24,2024-03
C04620,2024-03-24,2024-03
C01534,2024-03-24,2024-03
C00728,2024-03-24,2024-03
C01493,2024-03-24,2024-03
C04802,2024-03-24,2024-03
C03409,2024-03-25,2024-03
C04799,2024-03-25,2024-03
C01700,2024-03-25,2024-03
C02481,2024-03-25,2024-03
C00280,2024-03-25,2024-03
C00488,2024-03-25,2024-03
C00376,2024-03-25,2024-03
C01603,2024-03-25,2024-03
C03479,2024-03-25,2024-03
C01269,2024-03-25,2024-03
C04651,2024-03-25,2024-03
C00700,2024-03-25,2024-03
C01407,2024-03-25,2024-03
C00620,2024-03-25,2024-03
C01422,2024-03-26,2024-03
C00031,2024-03-26,2024-03
C00262,2024-03-26,2024-03
C00786,2024-03-26,2024-03
C00979,2024-03-26,2024-03
C01158,2024-03-26,2024-03
C02516,2024-03-26,2024-03
C02117,2024-03-26,2024-03
C03246,2024-03-26,2024-03
C04851,2024-03-26,2024-03
C04411,2024-03-26,2024-03
C00990,2024-03-26,2024-03
C03842,2024-03-26,2024-03
C00783,2024-03-26,2024-03
C02245,2024-03-26,2024-03
C01836,2024-03-26,2024-03
C04929,2024-03-26,2024-03
C04359,2024-03-27,2024-03
C02949,2024-03-27,2024-03
C00263,2024-03-27,2024-03
C04661,2024-03-27,2024-03
C01586,2024-03-27,2024-03
C00557,2024-03-27,2024-03
C02436,2024-03-27,2024-03
C04804,2024-03-27,2024-03
C03846,2024-03-27,2024-03
C00721,2024-03-27,2024-03
C01791,2024-03-27,2024-03
C00825,2024-03-27,2024-03
C02241,2024-03-27,2024-03
C00670,2024-03-27,2024-03
C04977,2024-03-27,2024-03
C00518,2024-03-28,2024-03
C02791,2024-03-28,2024-03
C02074,2024-03-28,2024-03
C00607,2024-03-28,2024-03
C03378,2024-03-28,2024-03
C02029,2024-03-28,2024-03
C00581,2024-03-28,2024-03
C01514,2024-03-28,2024-03
C03407,2024-03-28,2024-03
C04994,2024-03-29,2024-03
C00768,2024-03-29,2024-03
C00120,2024-03-29,2024-03
C03860,2024-03-29,2024-03
C01273,2024-03-29,2024-03
C01946,2024-03-29,2024-03
C01387,2024-03-29,2024-03
C01357,2024-03-29,2024-03
C03883,2024-03-29,2024-03
C03298,2024-03-29,2024-03
C01999,2024-03-29,2024-03
C00822,2024-03-29,2024-03
C00458,2024-03-29,2024-03
C04510,2024-03-30,2024-03
C03254,2024-03-30,2024-03
C00810,2024-03-30,2024-03
C01000,2024-03-30,2024-03
C01074,2024-03-30,2024-03
C01869,2024-03-30,2024-03
C00146,2024-03-30,2024-03
C01351,2024-03-30,2024-03
C01108,2024-03-30,2024-03
C00631,2024-03-30,2024-03
C04380,2024-03-31,2024-03
C04712,2024-03-31,2024-03
C02063,2024-03-31,2024-03
C02020,2024-03-31,2024-03
C02811,2024-03-31,2024-03
C03928,2024-03-31,2024-03
C00710,2024-03-31,2024-03
C04256,2024-03-31,2024-03
C00797,2024-03-31,2024-03
C01012,2024-03-31,2024-03
C00693,2024-03-31,2024-03
C04558,2024-03-31,2024-03
C02391,2024-04-01,2024-04
C01192,2024-04-01,2024-04
C03318,2024-04-01,2024-04
C03982,2024-04-01,2024-04
C04969,2024-04-01,2024-04
C00413,2024-04-01,2024-04
C04630,2024-04-01,2024-04
C03630,2024-04-01,2024-04
C03954,2024-04-01,2024-04
C04044,2024-04-02,2024-04
C04810,2024-04-02,2024-04
C03222,2024-04-02,2024-04
C01046,2024-04-02,2024-04
C04153,2024-04-02,2024-04
C03514,2024-04-02,2024-04
C01900,2024-04-02,2024-04
C03831,2024-04-02,2024-04
C02774,2024-04-02,2024-04
C01795,2024-04-02,2024-04
C00180,2024-04-02,2024-04
C04993,2024-04-02,2024-04
C00594,2024-04-02,2024-04
C02970,2024-04-03,2024-04
C01510,2024-04-03,2024-04
C00532,2024-04-03,2024-04
C00414,2024-04-03,2024-04
C02615,2024-04-03,2024-04
C01818,2024-04-03,2024-04
C01912,2024-04-03,2024-04
C02283,2024-04-03,2024-04
C04232,2024-04-03,2024-04
C04385,2024-04-03,2024-04
C02086,2024-04-03,2024-04
C01539,2024-04-04,2024-04
C01929,2024-04-04,2024-04
C02995,2024-04-04,2024-04
C02638,2024-04-04,2024-04
C04058,2024-04-04,2024-04
C02899,2024-04-04,2024-04
C04629,2024-04-04,2024-04
C02280,2024-04-04,2024-04
C00753,2024-04-04,2024-04
C02226,2024-04-04,2024-04
C02556,2024-04-04,2024-04
C01954,2024-04-04,2024-04
C00469,2024-04-05,2024-04
C01082,2024-04-05,2024-04
C02067,2024-04-05,2024-04
C00383,2024-04-05,2024-04
C04950,2024-04-05,2024-04
C00450,2024-04-05,2024-04
C02016,2024-04-05,2024-04
C02130,2024-04-05,2024-04
C01239,2024-04-05,2024-04
C01619,2024-04-05,2024-04
C00591,2024-04-05,2024-04
C03196,2024-04-05,2024-04
C00205,2024-04-05,2024-04
C00912,2024-04-05,2024-04
C03714,2024-04-05,2024-04
C00877,2024-04-06,2024-04
C02127,2024-04-06,2024-04
C03076,2024-04-06,2024-04
C03736,2024-04-06,2024-04
C04942,2024-04-06,2024-04
C04602,2024-04-06,2024-04
C01704,2024-04-06,2024-04
C02396,2024-04-06,2024-04
C01071,2024-04-07,2024-04
C04862,2024-04-07,2024-04
C03940,2024-04-07,2024-04
C01048,2024-04-07,2024-04
C04524,2024-04-07,2024-04
C01037,2024-04-07,2024-04
C03165,2024-04-07,2024-04
C03097,2024-04-07,2024-04
C00039,2024-04-08,2024-04
C01598,2024-04-08,2024-04
C04885,2024-04-08,2024-04
C02037,2024-04-08,2024-04
C02218,2024-04-08,2024-04
C02363,2024-04-08,2024-04
C00304,2024-04-08,2024-04
C01541,2024-04-08,2024-04
C02493,2024-04-08,2024-04
C02712,2024-04-08,2024-04
C00084,2024-04-08,2024-04
C00961,2024-04-08,2024-04
C01748,2024-04-08,2024-04
C03731,2024-04-08,2024-04
C04333,2024-04-08,2024-04
C01936,2024-04-09,2024-04
C02168,2024-04-09,2024-04
C00258,2024-04-09,2024-04
C03567,2024-04-09,2024-04
C03434,2024-04-10,2024-04
C02149,2024-04-10,2024-04
C00320,2024-04-10,2024-04
C04908,2024-04-10,2024-04
C01344,2024-04-10,2024-04
C01084,2024-04-10,2024-04
C02625,2024-04-10,2024-04
C00888,2024-04-10,2024-04
C01923,2024-04-11,2024-04
C00324,2024-04-11,2024-04
C01150,2024-04-11,2024-04
C04067,2024-04-11,2024-04
C04968,2024-04-11,2024-04
C02239,2024-04-11,2024-04
C00627,2024-04-11,2024-04
C00562,2024-04-11,2024-04
C03551,2024-04-11,2024-04
C03425,2024-04-12,2024-04
C02075,2024-04-12,2024-04
C04881,2024-04-12,2024-04
C00709,2024-04-12,2024-04
C02535,2024-04-12,2024-04
C01418,2024-04-12,2024-04
C01768,2024-04-12,2024-04
C00746,2024-04-12,2024-04
C00606,2024-04-12,2024-04
C02448,2024-04-12,2024-04
C02115,2024-04-12,2024-04
C04154,2024-04-12,2024-04
C00816,2024-04-12,2024-04
C00274,2024-04-12,2024-04
C03273,2024-04-13,2024-04
C02323,2024-04-13,2024-04
C01324,2024-04-13,2024-04
C02953,2024-04-13,2024-04
C04094,2024-04-13,2024-04
C04208,2024-04-13,2024-04
C03163,2024-04-13,2024-04
C03216,2024-04-13,2024-04
C04581,2024-04-13,2024-04
C01054,2024-04-13,2024-04
C01747,2024-04-14,2024-04
C02182,2024-04-14,2024-04
C01376,2024-04-14,2024-04
C01202,2024-04-14,2024-04
C02979,2024-04-14,2024-04
C00165,2024-04-14,2024-04
C03873,2024-04-15,2024-04
C01632,2024-04-15,2024-04
C03819,2024-04-15,2024-04
C02025,2024-04-15,2024-04
C02748,2024-04-15,2024-04
C03232,2024-04-15,2024-04
C04369,2024-04-15,2024-04
C04252,2024-04-15,2024-04
C00395,2024-04-15,2024-04
C01310,2024-04-15,2024-04
C01467,2024-04-15,2024-04
C02690,2024-04-15,2024-04
C02723,2024-04-15,2024-04
C00540,2024-04-16,2024-04
C00187,2024-04-16,2024-04
C00168,2024-04-16,2024-04
C04636,2024-04-16,2024-04
C04310,2024-04-16,2024-04
C04893,2024-04-17,2024-04
C04287,2024-04-17,2024-04
C04470,2024-04-17,2024-04
C02869,2024-04-17,2024-04
C03111,2024-04-17,2024-04
C01432,2024-04-17,2024-04
C02466,2024-04-17,2024-04
C02517,2024-04-17,2024-04
C03544,2024-04-17,2024-04
C01214,2024-04-17,2024-04
C03955,2024-04-17,2024-04
C02990,2024-04-17,2024-04
C04107,2024-04-17,2024-04
C04463,2024-04-17,2024-04
C03174,2024-04-18,2024-04
C04578,2024-04-18,2024-04
C00323,2024-04-18,2024-04
C03296,2024-04-18,2024-04
C02877,2024-04-18,2024-04
C04606,2024-04-18,2024-04
C03482,2024-04-18,2024-04
C02770,2024-04-18,2024-04
C02766,2024-04-19,2024-04
C01350,2024-04-19,2024-04
C04052,2024-04-19,2024-04
C01553,2024-04-19,2024-04
C02069,2024-04-19,2024-04
C04873,2024-04-19,2024-04
C03839,2024-04-19,2024-04
C02311,2024-04-19,2024-04
C00685,2024-04-19,2024-04
C01966,2024-04-20,2024-04
C03647,2024-04-20,2024-04
C03389,2024-04-20,2024-04
C00499,2024-04-20,2024-04
C01149,2024-04-20,2024-04
C01755,2024-04-20,2024-04
C02424,2024-04-20,2024-04
C04437,2024-04-21,2024-04
C01581,2024-04-21,2024-04
C03380,2024-04-21,2024-04
C01903,2024-04-21,2024-04
C03513,2024-04-21,2024-04
C01590,2024-04-21,2024-04
C01571,2024-04-22,2024-04
C04092,2024-04-22,2024-04
C01169,2024-04-22,2024-04
C02798,2024-04-22,2024-04
C01654,2024-04-22,2024-04
C03761,2024-04-23,2024-04
C01970,2024-04-23,2024-04
C03445,2024-04-23,2024-04
C02252,2024-04-23,2024-04
C04734,2024-04-23,2024-04
C01780,2024-04-23,2024-04
C00628,2024-04-23,2024-04
C00466,2024-04-24,2024-04
C01315,2024-04-24,2024-04
C00212,2024-04-24,2024-04
C03187,2024-04-24,2024-04
C01311,2024-04-24,2024-04
C00513,2024-04-24,2024-04
C04931,2024-04-25,2024-04
C02148,2024-04-25,2024-04
C00256,2024-04-25,2024-04
C00152,2024-04-25,2024-04
C01343,2024-04-25,2024-04
C04493,2024-04-25,2024-04
C04462,2024-04-25,2024-04
C02931,2024-04-25,2024-04
C04613,2024-04-25,2024-04
C01669,2024-04-25,2024-04
C01856,2024-04-25,2024-04
C02015,2024-04-26,2024-04
C02134,2024-04-26,2024-04
C02589,2024-04-26,2024-04
C02335,2024-04-26,2024-04
C01006,2024-04-26,2024-04
C04632,2024-04-26,2024-04
C00743,2024-04-26,2024-04
C03640,2024-04-26,2024-04
C01328,2024-04-26,2024-04
C04269,2024-04-27,2024-04
C02506,2024-04-27,2024-04
C03697,2024-04-27,2024-04
C02372,2024-04-27,2024-04
C00057,2024-04-27,2024-04
C03484,2024-04-27,2024-04
C02153,2024-04-27,2024-04
C03552,2024-04-28,2024-04
C03202,2024-04-28,2024-04
C04344,2024-04-28,2024-04
C01274,2024-04-28,2024-04
C02213,2024-04-28,2024-04
C03525,2024-04-28,2024-04
C00079,2024-04-28,2024-04
C04776,2024-04-28,2024-04
C03576,2024-04-28,2024-04
C01107,2024-04-29,2024-04
C02441,2024-04-29,2024-04
C03096,2024-04-29,2024-04
C03659,2024-04-29,2024-04
C01430,2024-04-29,2024-04
C03767,2024-04-29,2024-04
C04244,2024-04-29,2024-04
C00950,2024-04-29,2024-04
C02717,2024-04-30,2024-04
C01381,2024-04-30,2024-04
C02110,2024-04-30,2024-04
C03810,2024-04-30,2024-04
C01759,2024-04-30,2024-04
C01523,2024-04-30,2024-04
C00516,2024-04-30,2024-04
C03279,2024-04-30,2024-04
C04895,2024-04-30,2024-04
C00612,2024-04-30,2024-04
C04133,2024-04-30,2024-04
C04374,2024-04-30,2024-04
C03891,2024-04-30,2024-04
C01166,2024-04-30,2024-04
C04601,2024-05-01,2024-05
C04695,2024-05-01,2024-05
C01488,2024-05-01,2024-05
C02531,2024-05-01,2024-05
C02293,2024-05-01,2024-05
C02852,2024-05-01,2024-05
C00903,2024-05-01,2024-05
C02027,2024-05-01,2024-05
C01455,2024-05-01,2024-05
C00667,2024-05-02,2024-05
C00910,2024-05-02,2024-05
C01297,2024-05-02,2024-05
C01190,2024-05-02,2024-05
C04753,2024-05-02,2024-05
C02682,2024-05-02,2024-05
C01874,2024-05-02,2024-05
C02415,2024-05-02,2024-05
C02035,2024-05-02,2024-05
C03532,2024-05-03,2024-05
C04397,2024-05-03,2024-05
C02545,2024-05-03,2024-05
C00818,2024-05-03,2024-05
C02442,2024-05-03,2024-05
C02423,2024-05-03,2024-05
C00536,2024-05-03,2024-05
C01513,2024-05-03,2024-05
C00657,2024-05-04,2024-05
C01174,2024-05-04,2024-05
C04366,2024-05-04,2024-05
C00103,2024-05-04,2024-05
C02984,2024-05-04,2024-05
C00231,2024-05-04,2024-05
C00550,2024-05-04,2024-05
C02671,2024-05-04,2024-05
C01332,2024-05-04,2024-05
C00134,2024-05-04,2024-05
C01664,2024-05-04,2024-05
C03590,2024-05-04,2024-05
C03756,2024-05-04,2024-05
C00865,2024-05-04,2024-05
C00116,2024-05-05,2024-05
C02932,2024-05-05,2024-05
C04192,2024-05-05,2024-05
C00299,2024-05-05,2024-05
C03339,2024-05-05,2024-05
C02778,2024-05-05,2024-05
C03274,2024-05-06,2024-05
C03843,2024-05-06,2024-05
C02418,2024-05-06,2024-05
C04015,2024-05-06,2024-05
C03654,2024-05-06,2024-05
C04291,2024-05-06,2024-05
C03725,2024-05-06,2024-05
C00569,2024-05-06,2024-05
C03987,2024-05-06,2024-05
C00999,2024-05-06,2024-05
C02518,2024-05-06,2024-05
C04887,2024-05-06,2024-05
C03726,2024-05-06,2024-05
C00052,2024-05-07,2024-05
C03068,2024-05-07,2024-05
C01272,2024-05-07,2024-05
C04274,2024-05-07,2024-05
C00423,2024-05-07,2024-05
C00418,2024-05-07,2024-05
C00577,2024-05-07,2024-05
C03679,2024-05-07,2024-05
C00464,2024-05-07,2024-05
C01038,2024-05-07,2024-05
C01414,2024-05-08,2024-05
C04400,2024-05-08,2024-05
C00110,2024-05-08,2024-05
C03699,2024-05-08,2024-05
C01211,2024-05-08,2024-05
C00511,2024-05-08,2024-05
C01879,2024-05-08,2024-05
C00945,2024-05-08,2024-05
C00098,2024-05-09,2024-05
C04361,2024-05-09,2024-05
C02901,2024-05-09,2024-05
C04513,2024-05-09,2024-05
C04278,2024-05-09,2024-05
C02105,2024-05-09,2024-05
C02955,2024-05-10,2024-05
C02425,2024-05-10,2024-05
C03673,2024-05-10,2024-05
C01646,2024-05-10,2024-05
C01641,2024-05-10,2024-05
C02242,2024-05-10,2024-05
C01802,2024-05-10,2024-05
C03072,2024-05-10,2024-05
C03025,2024-05-11,2024-05
C02917,2024-05-11,2024-05
C01220,2024-05-11,2024-05
C00790,2024-05-11,2024-05
C01864,2024-05-11,2024-05
C00782,2024-05-11,2024-05
C04024,2024-05-11,2024-05
C01692,2024-05-11,2024-05
C00602,2024-05-11,2024-05
C02276,2024-05-11,2024-05
C04530,2024-05-12,2024-05
C04705,2024-05-12,2024-05
C00640,2024-05-12,2024-05
C04406,2024-05-12,2024-05
C02131,2024-05-12,2024-05
C03175,2024-05-12,2024-05
C04865,2024-05-12,2024-05
C03818,2024-05-12,2024-05
C03539,2024-05-12,2024-05
C04279,2024-05-12,2024-05
C03769,2024-05-12,2024-05
C04532,2024-05-12,2024-05
C03075,2024-05-13,2024-05
C03302,2024-05-13,2024-05
C01938,2024-05-13,2024-05
C02842,2024-05-13,2024-05
C02462,2024-05-13,2024-05
C02945,2024-05-13,2024-05
C00619,2024-05-13,2024-05
C02383,2024-05-13,2024-05
C02938,2024-05-13,2024-05
C03053,2024-05-13,2024-05
C03667,2024-05-13,2024-05
C00315,2024-05-13,2024-05
C01113,2024-05-14,2024-05
C03320,2024-05-14,2024-05
C03847,2024-05-14,2024-05
C03243,2024-05-14,2024-05
C03922,2024-05-15,2024-05
C01845,2024-05-15,2024-05
C03181,2024-05-15,2024-05
C00191,2024-05-15,2024-05
C02865,2024-05-15,2024-05
C03211,2024-05-15,2024-05
C04431,2024-05-15,2024-05
C03089,2024-05-15,2024-05
C02078,2024-05-16,2024-05
C04902,2024-05-16,2024-05
C01251,2024-05-16,2024-05
C03603,2024-05-16,2024-05
C03945,2024-05-16,2024-05
C04106,2024-05-16,2024-05
C02591,2024-05-16,2024-05
C04315,2024-05-16,2024-05
C04658,2024-05-17,2024-05
C03561,2024-05-17,2024-05
C02902,2024-05-17,2024-05
C01403,2024-05-17,2024-05
C02489,2024-05-17,2024-05
C03470,2024-05-17,2024-05
C02062,2024-05-17,2024-05
C04486,2024-05-17,2024-05
C03973,2024-05-17,2024-05
C01434,2024-05-17,2024-05
C01764,2024-05-17,2024-05
C01577,2024-05-17,2024-05
C04096,2024-05-17,2024-05
C00512,2024-05-17,2024-05
C04233,2024-05-17,2024-05
C04682,2024-05-17,2024-05
C03192,2024-05-17,2024-05
C01118,2024-05-17,2024-05
C03044,2024-05-18,2024-05
C01651,2024-05-18,2024-05
C03321,2024-05-18,2024-05
C03374,2024-05-18,2024-05
C04070,2024-05-18,2024-05
C01771,2024-05-18,2024-05
C02319,2024-05-19,2024-05
C02152,2024-05-19,2024-05
C03263,2024-05-19,2024-05
C03240,2024-05-19,2024-05
C01059,2024-05-19,2024-05
C00953,2024-05-20,2024-05
C00107,2024-05-20,2024-05
C00029,2024-05-20,2024-05
C02708,2024-05-20,2024-05
C04039,2024-05-20,2024-05
C02187,2024-05-21,2024-05
C02271,2024-05-21,2024-05
C01489,2024-05-21,2024-05
C02751,2024-05-21,2024-05
C03157,2024-05-21,2024-05
C03166,2024-05-21,2024-05
C02139,2024-05-22,2024-05
C03903,2024-05-22,2024-05
C01633,2024-05-22,2024-05
C01609,2024-05-22,2024-05
C03553,2024-05-22,2024-05
C02906,2024-05-22,2024-05
C04081,2024-05-23,2024-05
C01690,2024-05-23,2024-05
C01474,2024-05-23,2024-05
C03696,2024-05-23,2024-05
C01672,2024-05-23,2024-05
C01361,2024-05-23,2024-05
C01658,2024-05-23,2024-05
C00359,2024-05-23,2024-05
C02804,2024-05-23,2024-05
C03558,2024-05-23,2024-05
C02805,2024-05-23,2024-05
C04219,2024-05-23,2024-05
C00364,2024-05-23,2024-05
C03537,2024-05-23,2024-05
C03950,2024-05-23,2024-05
C04323,2024-05-24,2024-05
C01810,2024-05-24,2024-05
C03079,2024-05-24,2024-05
C01757,2024-05-24,2024-05
C00859,2024-05-24,2024-05
C01173,2024-05-25,2024-05
C02911,2024-05-25,2024-05
C02757,2024-05-25,2024-05
C01171,2024-05-25,2024-05
C02944,2024-05-25,2024-05
C02914,2024-05-25,2024-05
C03650,2024-05-25,2024-05
C02431,2024-05-25,2024-05
C04938,2024-05-25,2024-05
C04335,2024-05-25,2024-05
C00809,2024-05-25,2024-05
C01442,2024-05-25,2024-05
C02088,2024-05-26,2024-05
C00829,2024-05-26,2024-05
C01604,2024-05-26,2024-05
C03448,2024-05-26,2024-05
C02784,2024-05-26,2024-05
C00217,2024-05-26,2024-05
C02477,2024-05-26,2024-05
C04852,2024-05-26,2024-05
C03250,2024-05-26,2024-05
C04652,2024-05-26,2024-05
C04284,2024-05-27,2024-05
C02138,2024-05-27,2024-05
C04872,2024-05-27,2024-05
C01530,2024-05-27,2024-05
C03713,2024-05-27,2024-05
C01786,2024-05-27,2024-05
C04405,2024-05-27,2024-05
C01296,2024-05-27,2024-05
C02341,2024-05-28,2024-05
C04756,2024-05-28,2024-05
C01231,2024-05-28,2024-05
C04593,2024-05-29,2024-05
C04043,2024-05-29,2024-05
C01076,2024-05-29,2024-05
C03832,2024-05-29,2024-05
C02699,2024-05-29,2024-05
C00698,2024-05-29,2024-05
C00495,2024-05-29,2024-05
C04986,2024-05-29,2024-05
C03701,2024-05-29,2024-05
C01476,2024-05-29,2024-05
C04954,2024-05-29,2024-05
C01288,2024-05-30,2024-05
C03792,2024-05-30,2024-05
C01128,2024-05-30,2024-05
C02908,2024-05-30,2024-05
C01769,2024-05-31,2024-05
C04596,2024-05-31,2024-05
C00208,2024-05-31,2024-05
C00800,2024-05-31,2024-05
C02394,2024-05-31,2024-05
C04453,2024-05-31,2024-05
C04870,2024-05-31,2024-05
C01515,2024-05-31,2024-05
C01543,2024-05-31,2024-05
C02428,2024-05-31,2024-05
C03536,2024-06-01,2024-06
C00679,2024-06-01,2024-06
C03245,2024-06-01,2024-06
C04355,2024-06-01,2024-06
C00449,2024-06-01,2024-06
C01587,2024-06-01,2024-06
C02966,2024-06-01,2024-06
C04907,2024-06-01,2024-06
C04770,2024-06-01,2024-06
C01893,2024-06-01,2024-06
C02727,2024-06-01,2024-06
C00463,2024-06-02,2024-06
C01064,2024-06-02,2024-06
C01516,2024-06-02,2024-06
C00375,2024-06-02,2024-06
C03964,2024-06-02,2024-06
C03023,2024-06-02,2024-06
C03610,2024-06-02,2024-06
C04006,2024-06-03,2024-06
C04151,2024-06-03,2024-06
C02100,2024-06-03,2024-06
C01546,2024-06-03,2024-06
C04982,2024-06-03,2024-06
C01067,2024-06-03,2024-06
C04551,2024-06-03,2024-06
C02180,2024-06-03,2024-06
C01607,2024-06-03,2024-06
C00838,2024-06-03,2024-06
C02587,2024-06-03,2024-06
C04913,2024-06-03,2024-06
C01579,2024-06-04,2024-06
C04294,2024-06-04,2024-06
C04915,2024-06-04,2024-06
C03999,2024-06-04,2024-06
C02818,2024-06-04,2024-06
C04062,2024-06-04,2024-06
C02736,2024-06-04,2024-06
C04965,2024-06-04,2024-06
C02170,2024-06-05,2024-06
C03760,2024-06-05,2024-06
C03662,2024-06-05,2024-06
C00010,2024-06-05,2024-06
C01930,2024-06-05,2024-06
C01283,2024-06-05,2024-06
C04946,2024-06-05,2024-06
C01731,2024-06-05,2024-06
C03090,2024-06-05,2024-06
C00089,2024-06-05,2024-06
C01447,2024-06-06,2024-06
C04604,2024-06-06,2024-06
C04441,2024-06-06,2024-06
C03214,2024-06-06,2024-06
C04056,2024-06-06,2024-06
C02721,2024-06-07,2024-06
C03796,2024-06-07,2024-06
C01337,2024-06-07,2024-06
C04109,2024-06-07,2024-06
C00467,2024-06-07,2024-06
C03910,2024-06-08,2024-06
C02200,2024-06-08,2024-06
C03934,2024-06-08,2024-06
C04032,2024-06-08,2024-06
C04029,2024-06-08,2024-06
C02720,2024-06-09,2024-06
C04146,2024-06-09,2024-06
C04055,2024-06-09,2024-06
C00008,2024-06-10,2024-06
C02816,2024-06-10,2024-06
C01246,2024-06-10,2024-06
C02365,2024-06-10,2024-06
C00080,2024-06-10,2024-06
C03737,2024-06-10,2024-06
C04069,2024-06-11,2024-06
C00056,2024-06-11,2024-06
C02447,2024-06-11,2024-06
C03109,2024-06-11,2024-06
C01750,2024-06-11,2024-06
C03871,2024-06-11,2024-06
C01123,2024-06-11,2024-06
C04447,2024-06-11,2024-06
C01004,2024-06-11,2024-06
C01287,2024-06-11,2024-06
C02451,2024-06-11,2024-06
C01011,2024-06-12,2024-06
C03974,2024-06-12,2024-06
C00293,2024-06-12,2024-06
C04772,2024-06-13,2024-06
C03218,2024-06-13,2024-06
C04691,2024-06-13,2024-06
C00647,2024-06-13,2024-06
C02159,2024-06-13,2024-06
C04218,2024-06-13,2024-06
C02552,2024-06-13,2024-06
C04688,2024-06-13,2024-06
C01544,2024-06-14,2024-06
C01221,2024-06-14,2024-06
C02459,2024-06-14,2024-06
C02007,2024-06-14,2024-06
C03408,2024-06-14,2024-06
C00970,2024-06-14,2024-06
C02313,2024-06-14,2024-06
C01227,2024-06-14,2024-06
C02080,2024-06-14,2024-06
C00429,2024-06-14,2024-06
C00452,2024-06-15,2024-06
C02214,2024-06-15,2024-06
C04531,2024-06-15,2024-06
C04061,2024-06-15,2024-06
C03872,2024-06-15,2024-06
C03718,2024-06-15,2024-06
C00960,2024-06-15,2024-06
C00012,2024-06-15,2024-06
C03241,2024-06-15,2024-06
C04666,2024-06-16,2024-06
C00249,2024-06-16,2024-06
C04468,2024-06-16,2024-06
C03876,2024-06-16,2024-06
C03052,2024-06-16,2024-06
C03741,2024-06-16,2024-06
C03757,2024-06-17,2024-06
C04051,2024-06-17,2024-06
C04346,2024-06-17,2024-06
C00496,2024-06-17,2024-06
C03933,2024-06-17,2024-06
C02861,2024-06-17,2024-06
C04639,2024-06-17,2024-06
C00565,2024-06-17,2024-06
C01756,2024-06-17,2024-06
C02099,2024-06-17,2024-06
C01502,2024-06-18,2024-06
C04996,2024-06-18,2024-06
C00917,2024-06-18,2024-06
C04760,2024-06-18,2024-06
C01897,2024-06-18,2024-06
C02655,2024-06-18,2024-06
C03040,2024-06-18,2024-06
C02659,2024-06-19,2024-06
C00476,2024-06-19,2024-06
C01176,2024-06-19,2024-06
C00288,2024-06-19,2024-06
C03606,2024-06-19,2024-06
C00313,2024-06-19,2024-06
C01772,2024-06-19,2024-06
C04326,2024-06-19,2024-06
C01801,2024-06-19,2024-06
C03154,2024-06-19,2024-06
C01165,2024-06-19,2024-06
C00391,2024-06-19,2024-06
C04237,2024-06-20,2024-06
C03838,2024-06-20,2024-06
C00919,2024-06-20,2024-06
C03750,2024-06-20,2024-06
C02369,2024-06-20,2024-06
C00901,2024-06-20,2024-06
C01945,2024-06-21,2024-06
C04160,2024-06-21,2024-06
C04382,2024-06-21,2024-06
C04847,2024-06-21,2024-06
C00811,2024-06-21,2024-06
C01102,2024-06-21,2024-06
C03051,2024-06-21,2024-06
C03457,2024-06-22,2024-06
C00589,2024-06-22,2024-06
C01793,2024-06-22,2024-06
C01655,2024-06-22,2024-06
C00665,2024-06-22,2024-06
C04086,2024-06-22,2024-06
C04643,2024-06-22,2024-06
C02750,2024-06-22,2024-06
C04755,2024-06-23,2024-06
C02251,2024-06-23,2024-06
C03545,2024-06-23,2024-06
C00996,2024-06-23,2024-06
C04167,2024-06-23,2024-06
C04082,2024-06-23,2024-06
C02601,2024-06-23,2024-06
C02177,2024-06-23,2024-06
C02831,2024-06-24,2024-06
C02528,2024-06-24,2024-06
C01099,2024-06-24,2024-06
C02284,2024-06-24,2024-06
C00051,2024-06-24,2024-06
C04983,2024-06-24,2024-06
C02978,2024-06-24,2024-06
C02171,2024-06-24,2024-06
C02221,2024-06-25,2024-06
C01697,2024-06-25,2024-06
C01225,2024-06-25,2024-06
C01374,2024-06-25,2024-06
C04034,2024-06-25,2024-06
C04263,2024-06-25,2024-06
C02000,2024-06-25,2024-06
C02395,2024-06-26,2024-06
C01262,2024-06-26,2024-06
C01364,2024-06-26,2024-06
C02830,2024-06-26,2024-06
C04822,2024-06-26,2024-06
C03063,2024-06-26,2024-06
C04855,2024-06-26,2024-06
C03986,2024-06-27,2024-06
C00605,2024-06-27,2024-06
C00004,2024-06-27,2024-06
C01789,2024-06-27,2024-06
C01865,2024-06-27,2024-06
C00117,2024-06-28,2024-06
C01916,2024-06-28,2024-06
C02574,2024-06-28,2024-06
C04951,2024-06-28,2024-06
C04341,2024-06-28,2024-06
C00446,2024-06-28,2024-06
C04932,2024-06-29,2024-06
C04314,2024-06-29,2024-06
C00691,2024-06-29,2024-06
C03295,2024-06-29,2024-06
C00651,2024-06-29,2024-06
C00772,2024-06-29,2024-06
C03772,2024-06-30,2024-06
C04820,2024-06-30,2024-06
C00982,2024-06-30,2024-06
C02640,2024-06-30,2024-06
C01419,2024-06-30,2024-06
C03478,2024-06-30,2024-06
C00186,2024-06-30,2024-06
C02964,2024-07-01,2024-07
C03957,2024-07-01,2024-07
C04261,2024-07-01,2024-07
C04122,2024-07-01,2024-07
C02154,2024-07-01,2024-07
C00237,2024-07-01,2024-07
C02747,2024-07-01,2024-07
C03102,2024-07-01,2024-07
C03547,2024-07-02,2024-07
C04172,2024-07-02,2024-07
C03010,2024-07-02,2024-07
C04536,2024-07-02,2024-07
C03745,2024-07-02,2024-07
C01505,2024-07-02,2024-07
C01991,2024-07-02,2024-07
C04668,2024-07-03,2024-07
C01014,2024-07-03,2024-07
C02639,2024-07-03,2024-07
C00179,2024-07-03,2024-07
C03223,2024-07-03,2024-07
C04841,2024-07-03,2024-07
C02620,2024-07-03,2024-07
C00733,2024-07-04,2024-07
C00036,2024-07-04,2024-07
C01034,2024-07-04,2024-07
C02952,2024-07-04,2024-07
C02985,2024-07-04,2024-07
C00087,2024-07-04,2024-07
C01983,2024-07-04,2024-07
C03909,2024-07-04,2024-07
C04816,2024-07-04,2024-07
C00964,2024-07-05,2024-07
C01292,2024-07-05,2024-07
C02223,2024-07-05,2024-07
C03231,2024-07-05,2024-07
C03669,2024-07-05,2024-07
C04587,2024-07-06,2024-07
C01928,2024-07-06,2024-07
C04008,2024-07-06,2024-07
C04505,2024-07-06,2024-07
C00150,2024-07-06,2024-07
C03879,2024-07-06,2024-07
C00005,2024-07-06,2024-07
C02762,2024-07-06,2024-07
C00656,2024-07-06,2024-07
C02476,2024-07-06,2024-07
C00357,2024-07-06,2024-07
C04504,2024-07-07,2024-07
C01318,2024-07-07,2024-07
C00453,2024-07-07,2024-07
C02660,2024-07-07,2024-07
C00078,2024-07-07,2024-07
C02973,2024-07-07,2024-07
C03996,2024-07-07,2024-07
C01830,2024-07-07,2024-07
C01509,2024-07-08,2024-07
C03367,2024-07-08,2024-07
C03541,2024-07-08,2024-07
C03343,2024-07-08,2024-07
C01066,2024-07-08,2024-07
C04974,2024-07-08,2024-07
C00767,2024-07-08,2024-07
C03486,2024-07-08,2024-07
C01767,2024-07-08,2024-07
C01635,2024-07-08,2024-07
C01558,2024-07-08,2024-07
C03895,2024-07-08,2024-07
C02765,2024-07-09,2024-07
C03971,2024-07-09,2024-07
C00558,2024-07-09,2024-07
C00194,2024-07-09,2024-07
C01222,2024-07-10,2024-07
C01687,2024-07-10,2024-07
C01245,2024-07-10,2024-07
C01055,2024-07-10,2024-07
C00076,2024-07-10,2024-07
C02548,2024-07-10,2024-07
C00252,2024-07-10,2024-07
C03294,2024-07-10,2024-07
C00311,2024-07-11,2024-07
C00949,2024-07-11,2024-07
C03381,2024-07-11,2024-07
C04768,2024-07-11,2024-07
C00254,2024-07-11,2024-07
C00973,2024-07-11,2024-07
C00525,2024-07-11,2024-07
C04955,2024-07-12,2024-07
C03919,2024-07-12,2024-07
C02191,2024-07-12,2024-07
C00744,2024-07-12,2024-07
C01805,2024-07-12,2024-07
C01338,2024-07-12,2024-07
C04465,2024-07-12,2024-07
C00321,2024-07-12,2024-07
C02666,2024-07-13,2024-07
C00552,2024-07-13,2024-07
C04703,2024-07-13,2024-07
C02188,2024-07-13,2024-07
C02409,2024-07-13,2024-07
C02432,2024-07-14,2024-07
C00578,2024-07-14,2024-07
C03466,2024-07-14,2024-07
C04840,2024-07-14,2024-07
C04395,2024-07-14,2024-07
C03190,2024-07-14,2024-07
C04844,2024-07-14,2024-07
C01548,2024-07-14,2024-07
C00781,2024-07-15,2024-07
C00937,2024-07-15,2024-07
C00275,2024-07-15,2024-07
C04434,2024-07-15,2024-07
C03884,2024-07-15,2024-07
C03106,2024-07-15,2024-07
C02370,2024-07-15,2024-07
C00232,2024-07-15,2024-07
C04119,2024-07-15,2024-07
C00785,2024-07-16,2024-07
C04803,2024-07-16,2024-07
C02403,2024-07-16,2024-07
C03678,2024-07-17,2024-07
C01907,2024-07-17,2024-07
C03277,2024-07-17,2024-07
C03088,2024-07-17,2024-07
C00006,2024-07-18,2024-07
C00044,2024-07-18,2024-07
C04934,2024-07-18,2024-07
C03144,2024-07-18,2024-07
C03577,2024-07-18,2024-07
C04857,2024-07-19,2024-07
C02379,2024-07-19,2024-07
C01219,2024-07-19,2024-07
C02909,2024-07-19,2024-07
C01796,2024-07-19,2024-07
C03225,2024-07-19,2024-07
C02722,2024-07-19,2024-07
C00773,2024-07-19,2024-07
C04079,2024-07-19,2024-07
C03229,2024-07-20,2024-07
C00083,2024-07-20,2024-07
C02165,2024-07-20,2024-07
C01851,2024-07-20,2024-07
C04178,2024-07-21,2024-07
C04283,2024-07-22,2024-07
C02834,2024-07-22,2024-07
C02924,2024-07-22,2024-07
C01957,2024-07-22,2024-07
C01154,2024-07-22,2024-07
C00676,2024-07-22,2024-07
C03319,2024-07-23,2024-07
C02989,2024-07-23,2024-07
C04272,2024-07-23,2024-07
C04001,2024-07-23,2024-07
C03256,2024-07-23,2024-07
C04393,2024-07-24,2024-07
C03779,2024-07-24,2024-07
C04675,2024-07-24,2024-07
C01827,2024-07-24,2024-07
C01965,2024-07-24,2024-07
C00795,2024-07-24,2024-07
C04176,2024-07-24,2024-07
C02673,2024-07-25,2024-07
C02579,2024-07-25,2024-07
C00491,2024-07-25,2024-07
C00940,2024-07-25,2024-07
C00409,2024-07-25,2024-07
C00065,2024-07-25,2024-07
C02557,2024-07-25,2024-07
C04059,2024-07-25,2024-07
C01613,2024-07-25,2024-07
C04987,2024-07-25,2024-07
C03530,2024-07-25,2024-07
C00373,2024-07-26,2024-07
C04697,2024-07-26,2024-07
C02113,2024-07-26,2024-07
C02918,2024-07-26,2024-07
C00214,2024-07-26,2024-07
C03242,2024-07-26,2024-07
C03958,2024-07-27,2024-07
C01533,2024-07-27,2024-07
C02147,2024-07-27,2024-07
C02142,2024-07-27,2024-07
C00529,2024-07-27,2024-07
C04980,2024-07-27,2024-07
C04888,2024-07-27,2024-07
C02272,2024-07-27,2024-07
C01449,2024-07-27,2024-07
C03158,2024-07-27,2024-07
C02577,2024-07-28,2024-07
C00909,2024-07-28,2024-07
C02969,2024-07-28,2024-07
C03615,2024-07-28,2024-07
C03387,2024-07-28,2024-07
C04090,2024-07-28,2024-07
C01466,2024-07-29,2024-07
C00702,2024-07-29,2024-07
C02904,2024-07-29,2024-07
C01545,2024-07-29,2024-07
C00381,2024-07-29,2024-07
C02386,2024-07-29,2024-07
C03357,2024-07-29,2024-07
C04740,2024-07-29,2024-07
C01322,2024-07-29,2024-07
C04457,2024-07-30,2024-07
C02607,2024-07-30,2024-07
C00860,2024-07-30,2024-07
C04238,2024-07-30,2024-07
C01601,2024-07-30,2024-07
C02202,2024-07-30,2024-07
C03032,2024-07-30,2024-07
C03522,2024-07-30,2024-07
C03454,2024-07-31,2024-07
C00074,2024-07-31,2024-07
C00201,2024-07-31,2024-07
C00142,2024-07-31,2024-07
C03793,2024-07-31,2024-07
C04444,2024-07-31,2024-07
C00135,2024-08-01,2024-08
C03668,2024-08-01,2024-08
C04998,2024-08-01,2024-08
C01453,2024-08-01,2024-08
C00456,2024-08-01,2024-08
C03623,2024-08-01,2024-08
C01964,2024-08-02,2024-08
C04834,2024-08-02,2024-08
C01854,2024-08-02,2024-08
C00926,2024-08-02,2024-08
C03115,2024-08-02,2024-08
C00975,2024-08-02,2024-08
C02521,2024-08-02,2024-08
C02265,2024-08-02,2024-08
C03665,2024-08-03,2024-08
C04245,2024-08-03,2024-08
C01499,2024-08-03,2024-08
C03112,2024-08-03,2024-08
C03475,2024-08-03,2024-08
C01719,2024-08-03,2024-08
C03738,2024-08-04,2024-08
C04925,2024-08-04,2024-08
C01106,2024-08-04,2024-08
C04782,2024-08-04,2024-08
C01112,2024-08-04,2024-08
C04426,2024-08-05,2024-08
C02569,2024-08-05,2024-08
C01507,2024-08-05,2024-08
C03405,2024-08-05,2024-08
C04179,2024-08-06,2024-08
C04499,2024-08-06,2024-08
C04349,2024-08-06,2024-08
C01552,2024-08-07,2024-08
C02414,2024-08-07,2024-08
C01093,2024-08-07,2024-08
C00475,2024-08-07,2024-08
C03128,2024-08-07,2024-08
C03916,2024-08-07,2024-08
C03257,2024-08-07,2024-08
C04071,2024-08-07,2024-08
C01667,2024-08-07,2024-08
C00802,2024-08-07,2024-08
C04891,2024-08-07,2024-08
C03500,2024-08-08,2024-08
C03390,2024-08-08,2024-08
C02519,2024-08-09,2024-08
C01445,2024-08-09,2024-08
C00635,2024-08-09,2024-08
C02228,2024-08-09,2024-08
C02437,2024-08-09,2024-08
C00749,2024-08-09,2024-08
C01754,2024-08-10,2024-08
C00985,2024-08-10,2024-08
C04028,2024-08-10,2024-08
C02056,2024-08-10,2024-08
C00034,2024-08-10,2024-08
C02975,2024-08-10,2024-08
C03880,2024-08-10,2024-08
C04611,2024-08-10,2024-08
C04655,2024-08-10,2024-08
C01235,2024-08-11,2024-08
C04202,2024-08-11,2024-08
C04612,2024-08-11,2024-08
C00166,2024-08-11,2024-08
C01877,2024-08-11,2024-08
C02096,2024-08-11,2024-08
C00889,2024-08-11,2024-08
C04904,2024-08-11,2024-08
C02996,2024-08-12,2024-08
C00608,2024-08-12,2024-08
C04076,2024-08-12,2024-08
C02473,2024-08-12,2024-08
C02581,2024-08-12,2024-08
C01942,2024-08-12,2024-08
C01815,2024-08-13,2024-08
C00009,2024-08-13,2024-08
C03483,2024-08-14,2024-08
C00891,2024-08-14,2024-08
C04230,2024-08-14,2024-08
C00261,2024-08-14,2024-08
C03979,2024-08-14,2024-08
C04748,2024-08-14,2024-08
C03504,2024-08-14,2024-08
C00587,2024-08-14,2024-08
C03164,2024-08-14,2024-08
C04042,2024-08-15,2024-08
C03418,2024-08-15,2024-08
C01031,2024-08-15,2024-08
C04413,2024-08-15,2024-08
C02217,2024-08-15,2024-08
C00913,2024-08-15,2024-08
C02734,2024-08-15,2024-08
C00686,2024-08-15,2024-08
C03852,2024-08-15,2024-08
C02267,2024-08-16,2024-08
C03305,2024-08-16,2024-08
C02236,2024-08-16,2024-08
C02536,2024-08-16,2024-08
C04398,2024-08-16,2024-08
C04403,2024-08-16,2024-08
C02683,2024-08-16,2024-08
C04566,2024-08-17,2024-08
C04548,2024-08-17,2024-08
C03813,2024-08-17,2024-08
C00704,2024-08-17,2024-08
C04600,2024-08-18,2024-08
C00715,2024-08-18,2024-08
C00408,2024-08-18,2024-08
C03351,2024-08-18,2024-08
C03048,2024-08-19,2024-08
C04831,2024-08-19,2024-08
C03247,2024-08-19,2024-08
C00427,2024-08-19,2024-08
C01618,2024-08-19,2024-08
C04488,2024-08-20,2024-08
C00196,2024-08-20,2024-08
C02597,2024-08-20,2024-08
C03924,2024-08-20,2024-08
C02038,2024-08-20,2024-08
C04764,2024-08-21,2024-08
C02951,2024-08-21,2024-08
C00378,2024-08-21,2024-08
C02420,2024-08-21,2024-08
C03069,2024-08-21,2024-08
C02929,2024-08-22,2024-08
C00526,2024-08-22,2024-08
C03043,2024-08-22,2024-08
C02743,2024-08-22,2024-08
C04943,2024-08-22,2024-08
C00240,2024-08-22,2024-08
C02737,2024-08-22,2024-08
C00593,2024-08-22,2024-08
C04327,2024-08-23,2024-08
C00144,2024-08-23,2024-08
C04880,2024-08-23,2024-08
C04231,2024-08-23,2024-08
C02886,2024-08-23,2024-08
C03970,2024-08-23,2024-08
C00920,2024-08-24,2024-08
C01644,2024-08-24,2024-08
C00234,2024-08-24,2024-08
C01799,2024-08-24,2024-08
C00711,2024-08-24,2024-08
C02894,2024-08-24,2024-08
C03790,2024-08-25,2024-08
C01572,2024-08-25,2024-08
C00030,2024-08-25,2024-08
C03131,2024-08-25,2024-08
C02480,2024-08-25,2024-08
C00115,2024-08-25,2024-08
C03209,2024-08-25,2024-08
C04157,2024-08-26,2024-08
C02868,2024-08-26,2024-08
C01470,2024-08-26,2024-08
C01763,2024-08-26,2024-08
C00047,2024-08-27,2024-08
C00215,2024-08-27,2024-08
C01814,2024-08-27,2024-08
C02248,2024-08-27,2024-08
C01237,2024-08-28,2024-08
C00509,2024-08-28,2024-08
C02290,2024-08-28,2024-08
C01626,2024-08-28,2024-08
C00394,2024-08-28,2024-08
C03789,2024-08-28,2024-08
C04292,2024-08-28,2024-08
C04689,2024-08-29,2024-08
C02730,2024-08-29,2024-08
C02787,2024-08-29,2024-08
C02367,2024-08-30,2024-08
C02497,2024-08-30,2024-08
C04389,2024-08-30,2024-08
C04303,2024-08-30,2024-08
C01813,2024-08-30,2024-08
C04647,2024-08-30,2024-08
C00354,2024-08-31,2024-08
C04449,2024-08-31,2024-08
C02550,2024-08-31,2024-08
C02407,2024-08-31,2024-08
C02212,2024-08-31,2024-08
C02166,2024-09-01,2024-09
C04473,2024-09-01,2024-09
C00295,2024-09-01,2024-09
C04416,2024-09-01,2024-09
C01197,2024-09-01,2024-09
C03540,2024-09-01,2024-09
C03422,2024-09-01,2024-09
C01427,2024-09-02,2024-09
C03091,2024-09-02,2024-09
C04664,2024-09-03,2024-09
C04481,2024-09-03,2024-09
C03550,2024-09-03,2024-09
C04410,2024-09-03,2024-09
C02763,2024-09-03,2024-09
C04399,2024-09-03,2024-09
C00048,2024-09-03,2024-09
C03887,2024-09-04,2024-09
C03271,2024-09-04,2024-09
C04783,2024-09-04,2024-09
C03249,2024-09-04,2024-09
C04573,2024-09-04,2024-09
C03285,2024-09-04,2024-09
C02453,2024-09-04,2024-09
C00389,2024-09-04,2024-09
C02210,2024-09-04,2024-09
C00248,2024-09-04,2024-09
C00583,2024-09-04,2024-09
C03355,2024-09-05,2024-09
C04798,2024-09-05,2024-09
C01978,2024-09-05,2024-09
C01790,2024-09-05,2024-09
C01400,2024-09-06,2024-09
C01753,2024-09-06,2024-09
C02610,2024-09-06,2024-09
C04918,2024-09-06,2024-09
C01410,2024-09-06,2024-09
C04249,2024-09-06,2024-09
C00654,2024-09-06,2024-09
C02072,2024-09-06,2024-09
C02053,2024-09-06,2024-09
C02374,2024-09-06,2024-09
C04336,2024-09-07,2024-09
C01473,2024-09-07,2024-09
C02011,2024-09-07,2024-09
C04120,2024-09-07,2024-09
C02968,2024-09-07,2024-09
C01569,2024-09-08,2024-09
C01597,2024-09-08,2024-09
C03683,2024-09-08,2024-09
C01861,2024-09-09,2024-09
C01606,2024-09-09,2024-09
C04425,2024-09-09,2024-09
C04564,2024-09-09,2024-09
C04467,2024-09-09,2024-09
C02421,2024-09-09,2024-09
C01891,2024-09-09,2024-09
C00943,2024-09-09,2024-09
C04031,2024-09-09,2024-09
C02769,2024-09-09,2024-09
C02003,2024-09-10,2024-09
C00837,2024-09-10,2024-09
C04503,2024-09-10,2024-09
C03487,2024-09-11,2024-09
C02101,2024-09-11,2024-09
C02352,2024-09-11,2024-09
C04681,2024-09-12,2024-09
C00404,2024-09-12,2024-09
C00198,2024-09-12,2024-09
C00411,2024-09-12,2024-09
C00893,2024-09-12,2024-09
C04474,2024-09-12,2024-09
C03171,2024-09-12,2024-09
C02505,2024-09-13,2024-09
C02300,2024-09-13,2024-09
C03881,2024-09-13,2024-09
C04642,2024-09-13,2024-09
C00326,2024-09-13,2024-09
C03224,2024-09-13,2024-09
C03811,2024-09-14,2024-09
C00690,2024-09-14,2024-09
C02543,2024-09-14,2024-09
C00459,2024-09-14,2024-09
C03814,2024-09-14,2024-09
C02627,2024-09-14,2024-09
C00292,2024-09-15,2024-09
C02077,2024-09-15,2024-09
C03099,2024-09-15,2024-09
C01431,2024-09-15,2024-09
C03526,2024-09-15,2024-09
C01883,2024-09-16,2024-09
C02203,2024-09-16,2024-09
C02828,2024-09-16,2024-09
C01420,2024-09-16,2024-09
C00497,2024-09-16,2024-09
C03961,2024-09-16,2024-09
C04485,2024-09-16,2024-09
C04188,2024-09-16,2024-09
C04401,2024-09-17,2024-09
C03410,2024-09-17,2024-09
C03735,2024-09-17,2024-09
C02977,2024-09-17,2024-09
C02169,2024-09-17,2024-09
C00854,2024-09-17,2024-09
C04113,2024-09-18,2024-09
C02194,2024-09-18,2024-09
C00368,2024-09-18,2024-09
C03946,2024-09-18,2024-09
C02959,2024-09-18,2024-09
C00483,2024-09-19,2024-09
C03406,2024-09-19,2024-09
C00124,2024-09-19,2024-09
C03383,2024-09-19,2024-09
C01723,2024-09-20,2024-09
C00650,2024-09-20,2024-09
C02054,2024-09-20,2024-09
C02357,2024-09-20,2024-09
C04169,2024-09-20,2024-09
C00729,2024-09-20,2024-09
C03875,2024-09-20,2024-09
C03837,2024-09-20,2024-09
C01016,2024-09-21,2024-09
C01401,2024-09-21,2024-09
C00130,2024-09-21,2024-09
C00886,2024-09-21,2024-09
C02926,2024-09-21,2024-09
C00468,2024-09-21,2024-09
C00799,2024-09-21,2024-09
C02702,2024-09-21,2024-09
C00422,2024-09-21,2024-09
C03907,2024-09-22,2024-09
C00678,2024-09-22,2024-09
C01424,2024-09-22,2024-09
C03823,2024-09-22,2024-09
C04340,2024-09-22,2024-09
C02114,2024-09-22,2024-09
C04716,2024-09-22,2024-09
C04390,2024-09-23,2024-09
C02071,2024-09-23,2024-09
C01560,2024-09-23,2024-09
C01494,2024-09-23,2024-09
C02260,2024-09-23,2024-09
C00723,2024-09-23,2024-09
C03918,2024-09-23,2024-09
C04624,2024-09-23,2024-09
C00815,2024-09-23,2024-09
C00062,2024-09-23,2024-09
C03037,2024-09-24,2024-09
C04603,2024-09-24,2024-09
C03443,2024-09-24,2024-09
C03447,2024-09-25,2024-09
C02309,2024-09-26,2024-09
C02181,2024-09-26,2024-09
C02257,2024-09-26,2024-09
C01540,2024-09-26,2024-09
C04884,2024-09-27,2024-09
C04711,2024-09-27,2024-09
C01732,2024-09-27,2024-09
C01975,2024-09-28,2024-09
C03451,2024-09-28,2024-09
C00655,2024-09-28,2024-09
C03989,2024-09-28,2024-09
C02282,2024-09-28,2024-09
C02012,2024-09-28,2024-09
C01153,2024-09-29,2024-09
C04458,2024-09-29,2024-09
C03681,2024-09-29,2024-09
C03143,2024-09-29,2024-09
C04757,2024-09-30,2024-09
C00024,2024-09-30,2024-09
C00477,2024-09-30,2024-09
C01352,2024-09-30,2024-09
C04049,2024-09-30,2024-09
C00563,2024-09-30,2024-09
C00947,2024-10-01,2024-10
C00443,2024-10-01,2024-10
C04519,2024-10-01,2024-10
C02031,2024-10-01,2024-10
C00380,2024-10-02,2024-10
C01233,2024-10-02,2024-10
C00730,2024-10-02,2024-10
C02628,2024-10-03,2024-10
C02781,2024-10-03,2024-10
C04004,2024-10-03,2024-10
C02411,2024-10-03,2024-10
C01648,2024-10-03,2024-10
C00344,2024-10-03,2024-10
C04588,2024-10-04,2024-10
C02567,2024-10-04,2024-10
C03794,2024-10-04,2024-10
C01218,2024-10-05,2024-10
C03962,2024-10-05,2024-10
C01404,2024-10-05,2024-10
C04464,2024-10-05,2024-10
C01501,2024-10-06,2024-10
C03386,2024-10-06,2024-10
C01439,2024-10-06,2024-10
C02688,2024-10-06,2024-10
C01804,2024-10-06,2024-10
C03801,2024-10-06,2024-10
C03494,2024-10-07,2024-10
C02838,2024-10-07,2024-10
C03304,2024-10-07,2024-10
C00774,2024-10-07,2024-10
C02814,2024-10-08,2024-10
C01002,2024-10-08,2024-10
C02163,2024-10-08,2024-10
C03467,2024-10-08,2024-10
C00600,2024-10-09,2024-10
C00798,2024-10-09,2024-10
C04591,2024-10-09,2024-10
C03160,2024-10-09,2024-10
C02895,2024-10-09,2024-10
C03716,2024-10-09,2024-10
C04728,2024-10-10,2024-10
C01819,2024-10-10,2024-10
C03899,2024-10-10,2024-10
C02445,2024-10-10,2024-10
C03904,2024-10-10,2024-10
C01752,2024-10-10,2024-10
C04216,2024-10-11,2024-10
C00003,2024-10-11,2024-10
C03868,2024-10-11,2024-10
C01469,2024-10-11,2024-10
C02741,2024-10-11,2024-10
C03259,2024-10-12,2024-10
C03449,2024-10-12,2024-10
C03335,2024-10-13,2024-10
C04717,2024-10-13,2024-10
C02125,2024-10-13,2024-10
C03612,2024-10-14,2024-10
C03317,2024-10-14,2024-10
C03253,2024-10-14,2024-10
C00932,2024-10-14,2024-10
C02093,2024-10-14,2024-10
C04236,2024-10-15,2024-10
C02122,2024-10-15,2024-10
C00338,2024-10-15,2024-10
C00291,2024-10-15,2024-10
C00977,2024-10-16,2024-10
C01304,2024-10-16,2024-10
C01784,2024-10-16,2024-10
C00481,2024-10-16,2024-10
C03648,2024-10-16,2024-10
C04182,2024-10-17,2024-10
C04108,2024-10-17,2024-10
C02767,2024-10-17,2024-10
C00156,2024-10-17,2024-10
C00284,2024-10-18,2024-10
C03587,2024-10-18,2024-10
C00544,2024-10-19,2024-10
C01495,2024-10-19,2024-10
C01275,2024-10-19,2024-10
C00896,2024-10-19,2024-10
C00058,2024-10-19,2024-10
C01159,2024-10-19,2024-10
C04035,2024-10-20,2024-10
C01386,2024-10-20,2024-10
C04454,2024-10-21,2024-10
C04098,2024-10-21,2024-10
C00719,2024-10-22,2024-10
C02343,2024-10-22,2024-10
C04095,2024-10-22,2024-10
C02297,2024-10-22,2024-10
C00630,2024-10-22,2024-10
C01033,2024-10-23,2024-10
C03616,2024-10-23,2024-10
C02045,2024-10-23,2024-10
C02157,2024-10-23,2024-10
C00983,2024-10-23,2024-10
C01362,2024-10-23,2024-10
C02193,2024-10-23,2024-10
C02575,2024-10-23,2024-10
C01521,2024-10-24,2024-10
C04500,2024-10-24,2024-10
C03095,2024-10-24,2024-10
C02954,2024-10-24,2024-10
C00570,2024-10-24,2024-10
C04235,2024-10-24,2024-10
C01902,2024-10-24,2024-10
C00763,2024-10-24,2024-10
C03742,2024-10-24,2024-10
C02792,2024-10-25,2024-10
C04529,2024-10-25,2024-10
C01454,2024-10-25,2024-10
C00118,2024-10-25,2024-10
C04718,2024-10-25,2024-10
C04378,2024-10-25,2024-10
C02162,2024-10-25,2024-10
C02118,2024-10-26,2024-10
C02126,2024-10-26,2024-10
C00309,2024-10-26,2024-10
C01960,2024-10-26,2024-10
C00951,2024-10-26,2024-10
C03465,2024-10-26,2024-10
C04854,2024-10-26,2024-10
C04945,2024-10-26,2024-10
C02876,2024-10-27,2024-10
C03628,2024-10-27,2024-10
C02511,2024-10-27,2024-10
C00572,2024-10-27,2024-10
C02983,2024-10-27,2024-10
C04522,2024-10-27,2024-10
C01416,2024-10-27,2024-10
C03275,2024-10-28,2024-10
C02672,2024-10-28,2024-10
C00792,2024-10-28,2024-10
C03729,2024-10-29,2024-10
C02849,2024-10-29,2024-10
C02402,2024-10-29,2024-10
C01702,2024-10-29,2024-10
C03492,2024-10-29,2024-10
C01882,2024-10-30,2024-10
C03416,2024-10-30,2024-10
C00097,2024-10-30,2024-10
C04671,2024-10-31,2024-10
C01909,2024-10-31,2024-10
C03658,2024-10-31,2024-10
C04442,2024-10-31,2024-10
C04610,2024-10-31,2024-10
C03867,2024-11-01,2024-11
C04204,2024-11-01,2024-11
C03788,2024-11-02,2024-11
C03687,2024-11-02,2024-11
C03497,2024-11-02,2024-11
C04514,2024-11-02,2024-11
C00329,2024-11-02,2024-11
C03073,2024-11-02,2024-11
C00598,2024-11-03,2024-11
C03902,2024-11-03,2024-11
C01680,2024-11-03,2024-11
C04112,2024-11-03,2024-11
C02291,2024-11-03,2024-11
C00997,2024-11-04,2024-11
C03653,2024-11-04,2024-11
C03463,2024-11-05,2024-11
C03341,2024-11-05,2024-11
C01435,2024-11-05,2024-11
C02898,2024-11-05,2024-11
C01254,2024-11-05,2024-11
C02340,2024-11-05,2024-11
C02305,2024-11-05,2024-11
C02821,2024-11-06,2024-11
C00282,2024-11-06,2024-11
C03915,2024-11-06,2024-11
C00325,2024-11-06,2024-11
C04166,2024-11-07,2024-11
C03698,2024-11-07,2024-11
C01009,2024-11-08,2024-11
C00939,2024-11-08,2024-11
C02643,2024-11-08,2024-11
C01668,2024-11-08,2024-11
C04419,2024-11-08,2024-11
C03759,2024-11-08,2024-11
C04362,2024-11-08,2024-11
C03110,2024-11-08,2024-11
C01373,2024-11-08,2024-11
C00298,2024-11-08,2024-11
C02948,2024-11-08,2024-11
C03952,2024-11-08,2024-11
C03193,2024-11-09,2024-11
C04334,2024-11-09,2024-11
C02249,2024-11-09,2024-11
C03549,2024-11-09,2024-11
C01592,2024-11-10,2024-11
C01379,2024-11-10,2024-11
C01462,2024-11-10,2024-11
C04800,2024-11-10,2024-11
C04547,2024-11-10,2024-11
C02060,2024-11-10,2024-11
C00442,2024-11-10,2024-11
C00360,2024-11-10,2024-11
C04882,2024-11-11,2024-11
C01699,2024-11-11,2024-11
C01433,2024-11-11,2024-11
C01688,2024-11-11,2024-11
C04809,2024-11-11,2024-11
C04710,2024-11-11,2024-11
C04683,2024-11-11,2024-11
C00734,2024-11-11,2024-11
C00227,2024-11-12,2024-11
C02694,2024-11-12,2024-11
C00995,2024-11-12,2024-11
C00864,2024-11-13,2024-11
C00266,2024-11-13,2024-11
C00653,2024-11-13,2024-11
C02807,2024-11-13,2024-11
C02422,2024-11-14,2024-11
C00361,2024-11-14,2024-11
C02657,2024-11-14,2024-11
C02070,2024-11-14,2024-11
C01695,2024-11-15,2024-11
C01319,2024-11-15,2024-11
C02397,2024-11-15,2024-11
C04508,2024-11-15,2024-11
C02802,2024-11-15,2024-11
C03857,2024-11-15,2024-11
C02697,2024-11-15,2024-11
C00267,2024-11-16,2024-11
C01890,2024-11-16,2024-11
C04944,2024-11-17,2024-11
C02703,2024-11-17,2024-11
C02907,2024-11-17,2024-11
C00281,2024-11-17,2024-11
C00845,2024-11-17,2024-11
C02824,2024-11-18,2024-11
C01392,2024-11-18,2024-11
C00075,2024-11-18,2024-11
C02677,2024-11-18,2024-11
C02316,2024-11-18,2024-11
C00662,2024-11-18,2024-11
C00169,2024-11-19,2024-11
C00189,2024-11-19,2024-11
C00941,2024-11-19,2024-11
C04103,2024-11-19,2024-11
C02008,2024-11-20,2024-11
C04916,2024-11-20,2024-11
C01956,2024-11-20,2024-11
C03809,2024-11-21,2024-11
C01068,2024-11-21,2024-11
C04135,2024-11-21,2024-11
C00504,2024-11-21,2024-11
C03780,2024-11-21,2024-11
C00487,2024-11-21,2024-11
C02046,2024-11-21,2024-11
C04138,2024-11-21,2024-11
C01039,2024-11-22,2024-11
C04900,2024-11-22,2024-11
C01253,2024-11-22,2024-11
C04594,2024-11-22,2024-11
C03825,2024-11-22,2024-11
C04690,2024-11-23,2024-11
C04634,2024-11-23,2024-11
C01299,2024-11-23,2024-11
C00991,2024-11-24,2024-11
C01612,2024-11-24,2024-11
C00755,2024-11-24,2024-11
C03833,2024-11-24,2024-11
C02024,2024-11-24,2024-11
C03464,2024-11-25,2024-11
C03766,2024-11-25,2024-11
C04212,2024-11-25,2024-11
C01019,2024-11-26,2024-11
C04085,2024-11-26,2024-11
C01698,2024-11-27,2024-11
C03024,2024-11-27,2024-11
C01182,2024-11-27,2024-11
C00225,2024-11-27,2024-11
C02706,2024-11-27,2024-11
C02928,2024-11-27,2024-11
C00158,2024-11-28,2024-11
C03600,2024-11-28,2024-11
C00399,2024-11-28,2024-11
C03266,2024-11-28,2024-11
C04036,2024-11-28,2024-11
C01156,2024-11-28,2024-11
C04352,2024-11-29,2024-11
C02026,2024-11-29,2024-11
C01120,2024-11-29,2024-11
C02184,2024-11-29,2024-11
C02752,2024-11-30,2024-11
C02320,2024-11-30,2024-11
C00384,2024-11-30,2024-11
C00541,2024-11-30,2024-11
C02158,2024-11-30,2024-11
C04766,2024-12-01,2024-12
C03456,2024-12-01,2024-12
C01716,2024-12-01,2024-12
C03227,2024-12-01,2024-12
C02668,2024-12-02,2024-12
C02366,2024-12-02,2024-12
C04589,2024-12-02,2024-12
C00814,2024-12-02,2024-12
C02172,2024-12-03,2024-12
C02529,2024-12-03,2024-12
C04003,2024-12-03,2024-12
C01906,2024-12-04,2024-12
C00202,2024-12-04,2024-12
C01375,2024-12-04,2024-12
C02780,2024-12-05,2024-12
C00328,2024-12-05,2024-12
C04732,2024-12-05,2024-12
C02219,2024-12-05,2024-12
C00236,2024-12-05,2024-12
C03499,2024-12-06,2024-12
C02303,2024-12-06,2024-12
C00776,2024-12-06,2024-12
C02237,2024-12-07,2024-12
C01526,2024-12-07,2024-12
C04491,2024-12-07,2024-12
C03749,2024-12-07,2024-12
C04009,2024-12-07,2024-12
C02146,2024-12-07,2024-12
C02281,2024-12-07,2024-12
C02197,2024-12-08,2024-12
C01686,2024-12-08,2024-12
C02588,2024-12-08,2024-12
C02307,2024-12-08,2024-12
C00681,2024-12-08,2024-12
C03008,2024-12-09,2024-12
C02650,2024-12-09,2024-12
C01721,2024-12-09,2024-12
C02246,2024-12-09,2024-12
C02256,2024-12-09,2024-12
C01208,2024-12-10,2024-12
C04412,2024-12-10,2024-12
C02274,2024-12-10,2024-12
C02711,2024-12-10,2024-12
C02179,2024-12-11,2024-12
C03033,2024-12-12,2024-12
C00742,2024-12-12,2024-12
C01935,2024-12-12,2024-12
C00880,2024-12-12,2024-12
C01566,2024-12-12,2024-12
C04670,2024-12-12,2024-12
C03268,2024-12-13,2024-12
C02947,2024-12-13,2024-12
C01829,2024-12-13,2024-12
C03762,2024-12-13,2024-12
C02454,2024-12-14,2024-12
C03430,2024-12-15,2024-12
C00143,2024-12-15,2024-12
C03195,2024-12-15,2024-12
C04556,2024-12-16,2024-12
C00387,2024-12-16,2024-12
C04020,2024-12-16,2024-12
C02375,2024-12-16,2024-12
C03213,2024-12-16,2024-12
C04622,2024-12-17,2024-12
C01026,2024-12-17,2024-12
C04073,2024-12-17,2024-12
C03121,2024-12-17,2024-12
C04762,2024-12-18,2024-12
C01563,2024-12-18,2024-12
C03913,2024-12-18,2024-12
C03691,2024-12-18,2024-12
C04357,2024-12-18,2024-12
C00303,2024-12-18,2024-12
C01849,2024-12-19,2024-12
C00791,2024-12-19,2024-12
C01567,2024-12-19,2024-12
C01250,2024-12-19,2024-12
C04241,2024-12-20,2024-12
C02456,2024-12-20,2024-12
C01901,2024-12-21,2024-12
C01053,2024-12-21,2024-12
C04162,2024-12-21,2024-12
C04168,2024-12-22,2024-12
C02594,2024-12-22,2024-12
C02624,2024-12-22,2024-12
C00575,2024-12-22,2024-12
C03415,2024-12-22,2024-12
C04072,2024-12-22,2024-12
C01518,2024-12-22,2024-12
C02444,2024-12-23,2024-12
C03297,2024-12-23,2024-12
C00853,2024-12-23,2024-12
C02198,2024-12-24,2024-12
C04835,2024-12-24,2024-12
C03917,2024-12-24,2024-12
C04626,2024-12-25,2024-12
C02331,2024-12-25,2024-12
C03028,2024-12-25,2024-12
C02616,2024-12-25,2024-12
C04761,2024-12-26,2024-12
C03578,2024-12-26,2024-12
C01340,2024-12-26,2024-12
C03511,2024-12-26,2024-12
C02923,2024-12-26,2024-12
C02820,2024-12-27,2024-12
C02356,2024-12-27,2024-12
C02263,2024-12-28,2024-12
C00559,2024-12-28,2024-12
C04251,2024-12-28,2024-12
C02540,2024-12-28,2024-12
C00286,2024-12-28,2024-12
C02823,2024-12-28,2024-12
C03787,2024-12-29,2024-12
C01835,2024-12-29,2024-12
C01056,2024-12-29,2024-12
C03840,2024-12-29,2024-12
C03629,2024-12-29,2024-12
C03129,2024-12-30,2024-12
C01139,2024-12-30,2024-12
C00911,2024-12-30,2024-12
C02602,2024-12-30,2024-12
C04186,2024-12-30,2024-12
C02874,2024-12-31,2024-12
C03198,2024-12-31,2024-12
C00862,2024-12-31,2024-12
C02776,2024-12-31,2024-12
C04409,2024-12-31,2024-12
C03641,2024-12-31,2024-12
C04046,2024-12-31,2024-12
C03870,2025-01-01,2025-01
C00365,2025-01-01,2025-01
C01206,2025-01-02,2025-01
C04898,2025-01-02,2025-01
C01267,2025-01-02,2025-01
C03505,2025-01-02,2025-01
C01440,2025-01-03,2025-01
C01685,2025-01-03,2025-01
C04175,2025-01-03,2025-01
C00021,2025-01-03,2025-01
C03595,2025-01-03,2025-01
C00882,2025-01-03,2025-01
C04659,2025-01-03,2025-01
C03373,2025-01-03,2025-01
C01451,2025-01-04,2025-01
C01931,2025-01-05,2025-01
C03728,2025-01-05,2025-01
C01993,2025-01-05,2025-01
C00020,2025-01-05,2025-01
C04807,2025-01-05,2025-01
C04265,2025-01-05,2025-01
C03639,2025-01-05,2025-01
C00448,2025-01-06,2025-01
C01124,2025-01-06,2025-01
C04191,2025-01-06,2025-01
C00503,2025-01-06,2025-01
C04971,2025-01-06,2025-01
C01987,2025-01-06,2025-01
C02647,2025-01-07,2025-01
C04948,2025-01-07,2025-01
C04422,2025-01-07,2025-01
C01097,2025-01-07,2025-01
C03394,2025-01-07,2025-01
C00184,2025-01-07,2025-01
C03281,2025-01-08,2025-01
C04826,2025-01-08,2025-01
C00705,2025-01-08,2025-01
C01875,2025-01-08,2025-01
C03690,2025-01-08,2025-01
C01666,2025-01-08,2025-01
C01728,2025-01-08,2025-01
C00993,2025-01-08,2025-01
C01760,2025-01-09,2025-01
C04104,2025-01-09,2025-01
C03070,2025-01-09,2025-01
C04097,2025-01-09,2025-01
C03582,2025-01-09,2025-01
C01242,2025-01-09,2025-01
C01785,2025-01-09,2025-01
C01828,2025-01-10,2025-01
C04305,2025-01-10,2025-01
C00141,2025-01-11,2025-01
C00626,2025-01-11,2025-01
C02354,2025-01-11,2025-01
C02278,2025-01-11,2025-01
C00392,2025-01-11,2025-01
C02028,2025-01-12,2025-01
C03087,2025-01-12,2025-01
C03307,2025-01-12,2025-01
C03994,2025-01-12,2025-01
C04580,2025-01-13,2025-01
C01915,2025-01-14,2025-01
C00340,2025-01-14,2025-01
C01264,2025-01-14,2025-01
C02841,2025-01-14,2025-01
C01090,2025-01-14,2025-01
C01600,2025-01-15,2025-01
C01411,2025-01-16,2025-01
C01465,2025-01-16,2025-01
C02388,2025-01-17,2025-01
C00317,2025-01-17,2025-01
C02946,2025-01-18,2025-01
C02524,2025-01-18,2025-01
C03717,2025-01-18,2025-01
C02401,2025-01-19,2025-01
C03782,2025-01-19,2025-01
C01047,2025-01-19,2025-01
C00242,2025-01-20,2025-01
C03695,2025-01-20,2025-01
C03215,2025-01-21,2025-01
C03764,2025-01-21,2025-01
C04050,2025-01-22,2025-01
C03546,2025-01-22,2025-01
C02005,2025-01-22,2025-01
C02353,2025-01-22,2025-01
C04091,2025-01-22,2025-01
C02132,2025-01-23,2025-01
C04701,2025-01-23,2025-01
C03975,2025-01-24,2025-01
C02264,2025-01-25,2025-01
C01738,2025-01-25,2025-01
C03622,2025-01-25,2025-01
C01127,2025-01-25,2025-01
C03130,2025-01-25,2025-01
C03740,2025-01-26,2025-01
C01663,2025-01-26,2025-01
C04875,2025-01-27,2025-01
C00547,2025-01-27,2025-01
C02509,2025-01-27,2025-01
C03194,2025-01-28,2025-01
C03866,2025-01-28,2025-01
C03080,2025-01-28,2025-01
C02544,2025-01-28,2025-01
C01183,2025-01-29,2025-01
C00646,2025-01-29,2025-01
C03384,2025-01-29,2025-01
C01743,2025-01-29,2025-01
C02350,2025-01-29,2025-01
C00597,2025-01-30,2025-01
C04088,2025-01-30,2025-01
C04489,2025-01-30,2025-01
C04860,2025-01-30,2025-01
C01371,2025-01-31,2025-01
C04455,2025-01-31,2025-01
C04045,2025-01-31,2025-01
C00502,2025-01-31,2025-01
C02915,2025-02-01,2025-02
C04849,2025-02-01,2025-02
C00471,2025-02-01,2025-02
C01279,2025-02-01,2025-02
C04445,2025-02-02,2025-02
C00032,2025-02-02,2025-02
C03078,2025-02-02,2025-02
C01797,2025-02-03,2025-02
C04496,2025-02-03,2025-02
C03501,2025-02-03,2025-02
C00962,2025-02-03,2025-02
C03108,2025-02-03,2025-02
C00978,2025-02-03,2025-02
C00671,2025-02-04,2025-02
C03348,2025-02-04,2025-02
C04552,2025-02-05,2025-02
C00164,2025-02-05,2025-02
C04381,2025-02-05,2025-02
C00484,2025-02-06,2025-02
C01629,2025-02-06,2025-02
C03758,2025-02-06,2025-02
C01309,2025-02-06,2025-02
C01007,2025-02-06,2025-02
C02253,2025-02-06,2025-02
C00139,2025-02-06,2025-02
C01525,2025-02-06,2025-02
C03776,2025-02-07,2025-02
C03205,2025-02-08,2025-02
C03333,2025-02-08,2025-02
C04328,2025-02-08,2025-02
C00067,2025-02-10,2025-02
C00492,2025-02-11,2025-02
C02675,2025-02-11,2025-02
C03997,2025-02-11,2025-02
C01215,2025-02-11,2025-02
C01578,2025-02-12,2025-02
C00659,2025-02-12,2025-02
C03586,2025-02-13,2025-02
C04812,2025-02-13,2025-02
C00923,2025-02-13,2025-02
C01194,2025-02-13,2025-02
C00424,2025-02-13,2025-02
C00337,2025-02-14,2025-02
C02328,2025-02-14,2025-02
C04654,2025-02-15,2025-02
C02104,2025-02-15,2025-02
C01043,2025-02-15,2025-02
C00297,2025-02-15,2025-02
C00787,2025-02-15,2025-02
C04038,2025-02-15,2025-02
C00750,2025-02-16,2025-02
C04515,2025-02-16,2025-02
C00038,2025-02-16,2025-02
C01782,2025-02-16,2025-02
C00870,2025-02-16,2025-02
C02490,2025-02-16,2025-02
C00599,2025-02-16,2025-02
C03071,2025-02-17,2025-02
C01228,2025-02-17,2025-02
C04731,2025-02-18,2025-02
C02561,2025-02-19,2025-02
C02111,2025-02-19,2025-02
C02905,2025-02-19,2025-02
C04130,2025-02-19,2025-02
C01336,2025-02-19,2025-02
C03848,2025-02-19,2025-02
C00817,2025-02-20,2025-02
C03830,2025-02-20,2025-02
C03039,2025-02-20,2025-02
C01063,2025-02-20,2025-02
C02324,2025-02-20,2025-02
C00955,2025-02-21,2025-02
C01282,2025-02-21,2025-02
C02133,2025-02-21,2025-02
C00775,2025-02-21,2025-02
C02797,2025-02-21,2025-02
C03177,2025-02-21,2025-02
C04785,2025-02-21,2025-02
C00332,2025-02-22,2025-02
C01180,2025-02-22,2025-02
C02371,2025-02-22,2025-02
C00958,2025-02-23,2025-02
C04446,2025-02-24,2025-02
C04000,2025-02-24,2025-02
C03370,2025-02-24,2025-02
C04173,2025-02-25,2025-02
C00460,2025-02-25,2025-02
C03624,2025-02-25,2025-02
C01963,2025-02-25,2025-02
C00435,2025-02-26,2025-02
C01184,2025-02-26,2025-02
C04966,2025-02-26,2025-02
C04896,2025-02-27,2025-02
C04404,2025-02-27,2025-02
C01111,2025-02-27,2025-02
C02693,2025-02-27,2025-02
C02551,2025-02-27,2025-02
C02364,2025-02-27,2025-02
C03596,2025-02-27,2025-02
C03614,2025-02-28,2025-02
C03022,2025-02-28,2025-02
C02525,2025-02-28,2025-02
C03152,2025-02-28,2025-02
C03921,2025-02-28,2025-02
C03588,2025-03-01,2025-03
C02055,2025-03-01,2025-03
C02273,2025-03-01,2025-03
C02006,2025-03-01,2025-03
C03094,2025-03-01,2025-03
C01229,2025-03-01,2025-03
C01969,2025-03-02,2025-03
C03310,2025-03-02,2025-03
C02298,2025-03-02,2025-03
C00641,2025-03-02,2025-03
C02208,2025-03-02,2025-03
C01050,2025-03-03,2025-03
C03440,2025-03-03,2025-03
C04584,2025-03-03,2025-03
C00883,2025-03-03,2025-03
C01333,2025-03-03,2025-03
C02412,2025-03-03,2025-03
C00100,2025-03-04,2025-03
C00104,2025-03-04,2025-03
C00351,2025-03-05,2025-03
C02430,2025-03-05,2025-03
C04825,2025-03-05,2025-03
C02614,2025-03-05,2025-03
C00285,2025-03-05,2025-03
C01247,2025-03-06,2025-03
C00157,2025-03-06,2025-03
C01913,2025-03-07,2025-03
C01001,2025-03-07,2025-03
C04210,2025-03-07,2025-03
C00276,2025-03-07,2025-03
C03773,2025-03-07,2025-03
C03267,2025-03-07,2025-03
C04207,2025-03-08,2025-03
C02176,2025-03-08,2025-03
C04608,2025-03-09,2025-03
C03035,2025-03-10,2025-03
C00223,2025-03-10,2025-03
C02097,2025-03-10,2025-03
C00874,2025-03-10,2025-03
C00251,2025-03-10,2025-03
C03325,2025-03-10,2025-03
C03834,2025-03-11,2025-03
C00998,2025-03-12,2025-03
C04641,2025-03-12,2025-03
C01080,2025-03-13,2025-03
C01734,2025-03-13,2025-03
C04521,2025-03-13,2025-03
C01429,2025-03-13,2025-03
C01028,2025-03-13,2025-03
C03377,2025-03-14,2025-03
C03101,2025-03-14,2025-03
C04771,2025-03-14,2025-03
C02654,2025-03-15,2025-03
C00433,2025-03-15,2025-03
C02555,2025-03-16,2025-03
C03730,2025-03-16,2025-03
C00585,2025-03-17,2025-03
C04017,2025-03-17,2025-03
C00163,2025-03-17,2025-03
C01317,2025-03-18,2025-03
C02322,2025-03-18,2025-03
C01162,2025-03-18,2025-03
C01910,2025-03-18,2025-03
C03598,2025-03-19,2025-03
C03221,2025-03-19,2025-03
C01270,2025-03-19,2025-03
C02785,2025-03-19,2025-03
C04920,2025-03-20,2025-03
C02151,2025-03-20,2025-03
C01820,2025-03-20,2025-03
C03808,2025-03-21,2025-03
C02564,2025-03-21,2025-03
C02240,2025-03-21,2025-03
C04923,2025-03-22,2025-03
C02408,2025-03-23,2025-03
C03328,2025-03-24,2025-03
C03045,2025-03-24,2025-03
C01706,2025-03-24,2025-03
C02287,2025-03-24,2025-03
C03142,2025-03-25,2025-03
C04637,2025-03-25,2025-03
C00501,2025-03-25,2025-03
C00590,2025-03-25,2025-03
C04956,2025-03-25,2025-03
C00566,2025-03-26,2025-03
C02440,2025-03-26,2025-03
C01817,2025-03-26,2025-03
C01614,2025-03-27,2025-03
C04023,2025-03-27,2025-03
C02470,2025-03-27,2025-03
C04479,2025-03-28,2025-03
C02523,2025-03-28,2025-03
C04727,2025-03-28,2025-03
C04883,2025-03-28,2025-03
C03230,2025-03-29,2025-03
C02135,2025-03-29,2025-03
C02087,2025-03-29,2025-03
C02141,2025-03-29,2025-03
C00769,2025-03-29,2025-03
C02596,2025-03-29,2025-03
C01610,2025-03-30,2025-03
C01650,2025-03-30,2025-03
C00921,2025-03-31,2025-03
C00222,2025-03-31,2025-03
C04299,2025-03-31,2025-03
C02318,2025-03-31,2025-03
C03593,2025-03-31,2025-03
C00966,2025-04-01,2025-04
C04507,2025-04-01,2025-04
C01234,2025-04-01,2025-04
C04963,2025-04-02,2025-04
C01060,2025-04-02,2025-04
C03081,2025-04-02,2025-04
C04952,2025-04-03,2025-04
C04947,2025-04-03,2025-04
C04360,2025-04-03,2025-04
C02645,2025-04-03,2025-04
C00756,2025-04-03,2025-04
C03803,2025-04-03,2025-04
C02919,2025-04-03,2025-04
C01475,2025-04-03,2025-04
C00235,2025-04-03,2025-04
C02837,2025-04-04,2025-04
C02819,2025-04-04,2025-04
C03029,2025-04-04,2025-04
C02468,2025-04-04,2025-04
C02296,2025-04-05,2025-04
C01320,2025-04-05,2025-04
C01069,2025-04-05,2025-04
C04379,2025-04-06,2025-04
C04557,2025-04-07,2025-04
C02982,2025-04-08,2025-04
C00260,2025-04-08,2025-04
C02455,2025-04-09,2025-04
C02312,2025-04-10,2025-04
C04264,2025-04-10,2025-04
C03173,2025-04-11,2025-04
C04909,2025-04-11,2025-04
C00033,2025-04-11,2025-04
C00876,2025-04-12,2025-04
C00195,2025-04-12,2025-04
C03180,2025-04-12,2025-04
C02994,2025-04-13,2025-04
C03199,2025-04-13,2025-04
C02958,2025-04-13,2025-04
C02991,2025-04-14,2025-04
C04197,2025-04-14,2025-04
C04424,2025-04-15,2025-04
C01142,2025-04-15,2025-04
C04183,2025-04-15,2025-04
C00663,2025-04-15,2025-04
C00936,2025-04-16,2025-04
C00490,2025-04-16,2025-04
C01480,2025-04-16,2025-04
C02940,2025-04-17,2025-04
C03258,2025-04-17,2025-04
C03120,2025-04-17,2025-04
C00073,2025-04-17,2025-04
C04848,2025-04-18,2025-04
C02604,2025-04-18,2025-04
C00842,2025-04-18,2025-04
C02546,2025-04-18,2025-04
C02021,2025-04-19,2025-04
C00852,2025-04-19,2025-04
C03004,2025-04-19,2025-04
C01880,2025-04-19,2025-04
C01021,2025-04-19,2025-04
C04115,2025-04-19,2025-04
C03978,2025-04-20,2025-04
C04793,2025-04-20,2025-04
C03948,2025-04-20,2025-04
C04102,2025-04-20,2025-04
C01833,2025-04-20,2025-04
C02417,2025-04-21,2025-04
C00643,2025-04-21,2025-04
C02689,2025-04-22,2025-04
C03533,2025-04-23,2025-04
C04649,2025-04-24,2025-04
C01302,2025-04-25,2025-04
C03912,2025-04-26,2025-04
C01385,2025-04-27,2025-04
C02742,2025-04-27,2025-04
C01624,2025-04-27,2025-04
C04715,2025-04-27,2025-04
C00348,2025-04-27,2025-04
C02091,2025-04-28,2025-04
C01798,2025-04-28,2025-04
C04248,2025-04-28,2025-04
C02243,2025-04-29,2025-04
C00701,2025-04-29,2025-04
C04012,2025-04-29,2025-04
C02515,2025-04-29,2025-04
C03988,2025-04-29,2025-04
C01834,2025-04-29,2025-04
C00770,2025-04-30,2025-04
C01884,2025-04-30,2025-04
C04203,2025-04-30,2025-04
C04752,2025-05-01,2025-05
C02846,2025-05-01,2025-05
C04271,2025-05-02,2025-05
C04763,2025-05-02,2025-05
C00642,2025-05-04,2025-05
C04141,2025-05-05,2025-05
C01101,2025-05-05,2025-05
C04984,2025-05-05,2025-05
C00722,2025-05-05,2025-05
C04959,2025-05-05,2025-05
C04921,2025-05-06,2025-05
C04221,2025-05-06,2025-05
C00279,2025-05-06,2025-05
C02314,2025-05-07,2025-05
C02710,2025-05-08,2025-05
C03178,2025-05-08,2025-05
C04970,2025-05-08,2025-05
C03356,2025-05-08,2025-05
C04227,2025-05-09,2025-05
C02262,2025-05-09,2025-05
C03082,2025-05-09,2025-05
C04325,2025-05-10,2025-05
C01746,2025-05-10,2025-05
C01132,2025-05-10,2025-05
C03516,2025-05-11,2025-05
C02745,2025-05-12,2025-05
C03617,2025-05-12,2025-05
C02974,2025-05-12,2025-05
C00445,2025-05-12,2025-05
C03188,2025-05-13,2025-05
C01452,2025-05-13,2025-05
C01164,2025-05-13,2025-05
C02632,2025-05-14,2025-05
C04432,2025-05-14,2025-05
C00367,2025-05-14,2025-05
C04267,2025-05-15,2025-05
C00081,2025-05-15,2025-05
C00652,2025-05-15,2025-05
C04821,2025-05-16,2025-05
C03210,2025-05-16,2025-05
C01949,2025-05-17,2025-05
C00167,2025-05-17,2025-05
C02681,2025-05-17,2025-05
C01181,2025-05-17,2025-05
C00200,2025-05-17,2025-05
C00568,2025-05-17,2025-05
C01871,2025-05-18,2025-05
C03172,2025-05-18,2025-05
C02997,2025-05-18,2025-05
C01389,2025-05-18,2025-05
C02269,2025-05-18,2025-05
C01683,2025-05-19,2025-05
C00283,2025-05-19,2025-05
C00485,2025-05-19,2025-05
C03807,2025-05-20,2025-05
C01263,2025-05-20,2025-05
C01105,2025-05-20,2025-05
C02373,2025-05-20,2025-05
C04973,2025-05-21,2025-05
C01041,2025-05-21,2025-05
C04635,2025-05-21,2025-05
C04007,2025-05-22,2025-05
C03353,2025-05-23,2025-05
C03965,2025-05-23,2025-05
C00027,2025-05-23,2025-05
C04320,2025-05-24,2025-05
C04196,2025-05-24,2025-05
C04869,2025-05-24,2025-05
C00410,2025-05-25,2025-05
C01889,2025-05-25,2025-05
C04126,2025-05-26,2025-05
C04174,2025-05-26,2025-05
C01631,2025-05-26,2025-05
C02957,2025-05-26,2025-05
C00300,2025-05-27,2025-05
C02065,2025-05-27,2025-05
C00515,2025-05-27,2025-05
C03197,2025-05-28,2025-05
C04371,2025-05-28,2025-05
C01394,2025-05-28,2025-05
C03074,2025-05-28,2025-05
C02161,2025-05-28,2025-05
C01459,2025-05-28,2025-05
C02478,2025-05-30,2025-05
C03802,2025-05-30,2025-05
C03123,2025-05-30,2025-05
C01313,2025-05-30,2025-05
C03393,2025-05-31,2025-05
C03376,2025-05-31,2025-05
C02286,2025-05-31,2025-05
C02850,2025-06-02,2025-06
C00270,2025-06-02,2025-06
C01323,2025-06-02,2025-06
C01232,2025-06-03,2025-06
C04313,2025-06-03,2025-06
C02389,2025-06-03,2025-06
C01538,2025-06-04,2025-06
C04627,2025-06-04,2025-06
C03458,2025-06-04,2025-06
C01446,2025-06-05,2025-06
C03828,2025-06-05,2025-06
C01160,2025-06-05,2025-06
C03365,2025-06-06,2025-06
C03944,2025-06-07,2025-06
C02339,2025-06-07,2025-06
C01223,2025-06-08,2025-06
C04978,2025-06-08,2025-06
C01939,2025-06-08,2025-06
C04706,2025-06-08,2025-06
C03169,2025-06-09,2025-06
C02051,2025-06-09,2025-06
C02042,2025-06-09,2025-06
C03047,2025-06-09,2025-06
C01500,2025-06-09,2025-06
C00873,2025-06-10,2025-06
C03219,2025-06-10,2025-06
C01005,2025-06-10,2025-06
C00869,2025-06-10,2025-06
C03827,2025-06-11,2025-06
C01187,2025-06-11,2025-06
C01722,2025-06-11,2025-06
C02809,2025-06-12,2025-06
C04383,2025-06-12,2025-06
C03777,2025-06-13,2025-06
C03481,2025-06-13,2025-06
C03031,2025-06-13,2025-06
C01091,2025-06-13,2025-06
C00812,2025-06-14,2025-06
C03026,2025-06-15,2025-06
C00954,2025-06-15,2025-06
C02044,2025-06-16,2025-06
C03330,2025-06-16,2025-06
C04171,2025-06-17,2025-06
C01689,2025-06-18,2025-06
C02771,2025-06-18,2025-06
C04850,2025-06-19,2025-06
C04912,2025-06-19,2025-06
C03127,2025-06-19,2025-06
C00345,2025-06-20,2025-06
C01200,2025-06-20,2025-06
C02381,2025-06-20,2025-06
C02925,2025-06-20,2025-06
C01255,2025-06-21,2025-06
C03290,2025-06-21,2025-06
C04638,2025-06-21,2025-06
C04213,2025-06-22,2025-06
C01024,2025-06-22,2025-06
C02196,2025-06-22,2025-06
C01492,2025-06-22,2025-06
C00239,2025-06-22,2025-06
C01122,2025-06-22,2025-06
C01203,2025-06-23,2025-06
C02538,2025-06-23,2025-06
C01443,2025-06-23,2025-06
C03400,2025-06-24,2025-06
C03664,2025-06-24,2025-06
C01615,2025-06-25,2025-06
C04414,2025-06-25,2025-06
C02378,2025-06-26,2025-06
C02449,2025-06-26,2025-06
C03702,2025-06-26,2025-06
C04533,2025-06-26,2025-06
C00832,2025-06-26,2025-06
C03228,2025-06-27,2025-06
C04080,2025-06-27,2025-06
C01773,2025-06-28,2025-06
C01143,2025-06-28,2025-06
C04720,2025-06-29,2025-06
C00534,2025-06-29,2025-06
C01831,2025-06-29,2025-06
C01639,2025-06-29,2025-06
C04899,2025-06-29,2025-06
C03314,2025-06-30,2025-06
C01204,2025-06-30,2025-06
C01472,2025-06-30,2025-06
C00129,2025-06-30,2025-06
C04733,2025-06-30,2025-06
C00331,2025-07-01,2025-07
C02317,2025-07-01,2025-07
C04808,2025-07-01,2025-07
C04640,2025-07-02,2025-07
C02123,2025-07-03,2025-07
C00980,2025-07-04,2025-07
C02962,2025-07-04,2025-07
C00601,2025-07-05,2025-07
C01085,2025-07-05,2025-07
C04460,2025-07-05,2025-07
C04420,2025-07-05,2025-07
C01842,2025-07-06,2025-07
C04570,2025-07-07,2025-07
C01712,2025-07-07,2025-07
C04239,2025-07-08,2025-07
C03520,2025-07-08,2025-07
C03856,2025-07-08,2025-07
C01568,2025-07-08,2025-07
C04871,2025-07-08,2025-07
C04837,2025-07-08,2025-07
C01858,2025-07-08,2025-07
C02897,2025-07-09,2025-07
C01761,2025-07-09,2025-07
C01527,2025-07-10,2025-07
C04150,2025-07-10,2025-07
C04520,2025-07-11,2025-07
C03021,2025-07-12,2025-07
C00273,2025-07-13,2025-07
C03786,2025-07-13,2025-07
C04275,2025-07-13,2025-07
C01850,2025-07-14,2025-07
C02812,2025-07-15,2025-07
C03570,2025-07-15,2025-07
C04941,2025-07-16,2025-07
C00918,2025-07-17,2025-07
C04598,2025-07-17,2025-07
C02143,2025-07-17,2025-07
C00296,2025-07-18,2025-07
C02634,2025-07-18,2025-07
C00090,2025-07-19,2025-07
C01301,2025-07-20,2025-07
C03141,2025-07-20,2025-07
C01260,2025-07-22,2025-07
C04539,2025-07-22,2025-07
C00014,2025-07-23,2025-07
C04201,2025-07-24,2025-07
C02705,2025-07-26,2025-07
C03042,2025-07-27,2025-07
C04805,2025-07-27,2025-07
C00342,2025-07-27,2025-07
C03067,2025-07-28,2025-07
C01742,2025-07-29,2025-07
C00426,2025-07-29,2025-07
C04343,2025-07-29,2025-07
C02715,2025-07-30,2025-07
C04421,2025-07-30,2025-07
C01679,2025-07-30,2025-07
C01384,2025-07-30,2025-07
C04345,2025-07-30,2025-07
C01207,2025-07-31,2025-07
C00271,2025-07-31,2025-07
C03559,2025-07-31,2025-07
C00603,2025-07-31,2025-07
C04302,2025-08-01,2025-08
C00887,2025-08-01,2025-08
C02510,2025-08-02,2025-08
C01696,2025-08-03,2025-08
C01588,2025-08-04,2025-08
C00813,2025-08-04,2025-08
C04813,2025-08-04,2025-08
C02863,2025-08-05,2025-08
C04286,2025-08-05,2025-08
C04408,2025-08-05,2025-08
C01017,2025-08-06,2025-08
C04332,2025-08-07,2025-08
C03700,2025-08-07,2025-08
C01638,2025-08-07,2025-08
C04260,2025-08-07,2025-08
C04981,2025-08-08,2025-08
C04234,2025-08-08,2025-08
C02795,2025-08-08,2025-08
C03755,2025-08-09,2025-08
C03431,2025-08-09,2025-08
C02527,2025-08-09,2025-08
C03429,2025-08-09,2025-08
C04985,2025-08-10,2025-08
C00398,2025-08-10,2025-08
C01735,2025-08-10,2025-08
C03244,2025-08-10,2025-08
C00687,2025-08-11,2025-08
C03959,2025-08-12,2025-08
C04277,2025-08-12,2025-08
C00011,2025-08-14,2025-08
C04886,2025-08-14,2025-08
C00177,2025-08-14,2025-08
C00762,2025-08-15,2025-08
C02259,2025-08-15,2025-08
C02691,2025-08-15,2025-08
C01335,2025-08-16,2025-08
C03441,2025-08-16,2025-08
C02987,2025-08-18,2025-08
C01356,2025-08-18,2025-08
C03119,2025-08-19,2025-08
C03139,2025-08-19,2025-08
C00007,2025-08-20,2025-08
C00244,2025-08-20,2025-08
C00417,2025-08-20,2025-08
C02565,2025-08-20,2025-08
C01485,2025-08-20,2025-08
C00618,2025-08-20,2025-08
C00132,2025-08-21,2025-08
C01627,2025-08-21,2025-08
C01402,2025-08-21,2025-08
C00407,2025-08-22,2025-08
C03791,2025-08-22,2025-08
C03820,2025-08-24,2025-08
C02043,2025-08-24,2025-08
C02845,2025-08-24,2025-08
C02921,2025-08-24,2025-08
C00001,2025-08-24,2025-08
C00457,2025-08-24,2025-08
C02469,2025-08-25,2025-08
C01334,2025-08-26,2025-08
C01529,2025-08-26,2025-08
C04195,2025-08-26,2025-08
C01314,2025-08-26,2025-08
C00053,2025-08-27,2025-08
C03555,2025-08-27,2025-08
C04894,2025-08-27,2025-08
C04541,2025-08-27,2025-08
C00106,2025-08-28,2025-08
C00085,2025-08-28,2025-08
C01715,2025-08-28,2025-08
C02107,2025-08-28,2025-08
C03670,2025-08-29,2025-08
C02799,2025-08-30,2025-08
C03816,2025-08-30,2025-08
C04466,2025-08-30,2025-08
C03364,2025-08-30,2025-08
C00092,2025-08-30,2025-08
C04298,2025-08-31,2025-08
C04324,2025-08-31,2025-08
C00580,2025-08-31,2025-08
C04836,2025-09-02,2025-09
C00929,2025-09-02,2025-09
C02508,2025-09-02,2025-09
C02862,2025-09-03,2025-09
C03836,2025-09-03,2025-09
C02941,2025-09-04,2025-09
C04386,2025-09-05,2025-09
C01637,2025-09-05,2025-09
C03850,2025-09-05,2025-09
C02119,2025-09-05,2025-09
C00336,2025-09-06,2025-09
C00341,2025-09-07,2025-09
C00482,2025-09-07,2025-09
C00560,2025-09-08,2025-09
C01739,2025-09-09,2025-09
C03034,2025-09-09,2025-09
C03734,2025-09-09,2025-09
C00327,2025-09-10,2025-09
C03252,2025-09-13,2025-09
C02900,2025-09-13,2025-09
C00875,2025-09-16,2025-09
C00527,2025-09-16,2025-09
C02467,2025-09-17,2025-09
C03226,2025-09-17,2025-09
C02443,2025-09-17,2025-09
C03179,2025-09-17,2025-09
C04295,2025-09-17,2025-09
C03286,2025-09-18,2025-09
C03534,2025-09-19,2025-09
C02465,2025-09-19,2025-09
C00018,2025-09-20,2025-09
C04801,2025-09-20,2025-09
C01257,2025-09-20,2025-09
C01316,2025-09-20,2025-09
C00037,2025-09-21,2025-09
C02327,2025-09-22,2025-09
C00054,2025-09-22,2025-09
C00788,2025-09-22,2025-09
C02160,2025-09-22,2025-09
C01380,2025-09-23,2025-09
C02329,2025-09-23,2025-09
C02580,2025-09-24,2025-09
C03966,2025-09-25,2025-09
C01078,2025-09-25,2025-09
C02813,2025-09-25,2025-09
C04550,2025-09-25,2025-09
C01073,2025-09-26,2025-09
C00193,2025-09-27,2025-09
C02192,2025-09-27,2025-09
C02786,2025-09-28,2025-09
C03057,2025-09-30,2025-09
C01205,2025-10-01,2025-10
C03146,2025-10-03,2025-10
C03424,2025-10-03,2025-10
C04786,2025-10-05,2025-10
C01201,2025-10-05,2025-10
C02636,2025-10-05,2025-10
C01787,2025-10-06,2025-10
C01846,2025-10-06,2025-10
C03859,2025-10-07,2025-10
C02563,2025-10-07,2025-10
C03765,2025-10-08,2025-10
C04347,2025-10-09,2025-10
C03000,2025-10-09,2025-10
C01088,2025-10-09,2025-10
C04839,2025-10-09,2025-10
C03322,2025-10-11,2025-10
C03581,2025-10-12,2025-10
C03869,2025-10-12,2025-10
C03609,2025-10-12,2025-10
C00412,2025-10-13,2025-10
C00473,2025-10-13,2025-10
C02485,2025-10-13,2025-10
C04990,2025-10-13,2025-10
C03332,2025-10-13,2025-10
C04145,2025-10-13,2025-10
C01035,2025-10-14,2025-10
C02857,2025-10-15,2025-10
C04736,2025-10-16,2025-10
C01995,2025-10-16,2025-10
C02822,2025-10-17,2025-10
C01926,2025-10-18,2025-10
C04185,2025-10-21,2025-10
C03138,2025-10-22,2025-10
C04897,2025-10-22,2025-10
C01363,2025-10-22,2025-10
C02651,2025-10-23,2025-10
C04742,2025-10-23,2025-10
C00858,2025-10-24,2025-10
C02661,2025-10-24,2025-10
C04575,2025-10-24,2025-10
C01241,2025-10-25,2025-10
C02066,2025-10-25,2025-10
C02346,2025-10-25,2025-10
C00305,2025-10-26,2025-10
C03983,2025-10-26,2025-10
C00989,2025-10-26,2025-10
C00447,2025-10-26,2025-10
C00174,2025-10-28,2025-10
C03369,2025-10-29,2025-10
C04657,2025-10-30,2025-10
C04372,2025-10-30,2025-10
C01824,2025-10-30,2025-10
C03437,2025-10-31,2025-10
C04165,2025-11-01,2025-11
C01013,2025-11-01,2025-11
C02829,2025-11-01,2025-11
C00766,2025-11-02,2025-11
C04672,2025-11-02,2025-11
C01369,2025-11-02,2025-11
C00969,2025-11-05,2025-11
C04013,2025-11-05,2025-11
C00247,2025-11-05,2025-11
C02398,2025-11-06,2025-11
C01134,2025-11-07,2025-11
C04949,2025-11-07,2025-11
C00043,2025-11-08,2025-11
C04281,2025-11-08,2025-11
C02039,2025-11-09,2025-11
C03930,2025-11-10,2025-11
C01972,2025-11-11,2025-11
C02533,2025-11-11,2025-11
C02716,2025-11-11,2025-11
C00517,2025-11-14,2025-11
C00595,2025-11-14,2025-11
C03524,2025-11-14,2025-11
C04554,2025-11-15,2025-11
C01677,2025-11-15,2025-11
C02773,2025-11-16,2025-11
C02041,2025-11-17,2025-11
C03569,2025-11-18,2025-11
C03461,2025-11-18,2025-11
C00091,2025-11-18,2025-11
C01823,2025-11-19,2025-11
C01104,2025-11-20,2025-11
C02090,2025-11-21,2025-11
C02637,2025-11-21,2025-11
C01594,2025-11-22,2025-11
C03421,2025-11-23,2025-11
C00210,2025-11-24,2025-11
C00197,2025-11-25,2025-11
C00712,2025-11-25,2025-11
C01783,2025-11-25,2025-11
C04936,2025-11-26,2025-11
C03798,2025-11-26,2025-11
C00500,2025-11-27,2025-11
C04563,2025-11-27,2025-11
C02582,2025-11-28,2025-11
C03585,2025-11-28,2025-11
C02754,2025-11-29,2025-11
C03953,2025-11-29,2025-11
C02935,2025-11-29,2025-11
C00867,2025-11-30,2025-11
C04428,2025-12-01,2025-12
C01661,2025-12-01,2025-12
C01444,2025-12-01,2025-12
C03785,2025-12-01,2025-12
C04478,2025-12-01,2025-12
C00545,2025-12-01,2025-12
C04846,2025-12-02,2025-12
C04673,2025-12-03,2025-12
C01240,2025-12-03,2025-12
C03396,2025-12-04,2025-12
C00346,2025-12-04,2025-12
C02665,2025-12-05,2025-12
C03862,2025-12-06,2025-12
C01717,2025-12-07,2025-12
C03162,2025-12-07,2025-12
C03998,2025-12-07,2025-12
C01564,2025-12-07,2025-12
C02058,2025-12-08,2025-12
C00695,2025-12-08,2025-12
C00113,2025-12-08,2025-12
C04482,2025-12-09,2025-12
C02875,2025-12-09,2025-12
C01052,2025-12-10,2025-12
C04125,2025-12-11,2025-12
C00060,2025-12-11,2025-12
C03450,2025-12-11,2025-12
C04190,2025-12-12,2025-12
C01714,2025-12-13,2025-12
C04257,2025-12-13,2025-12
C02880,2025-12-13,2025-12
C03806,2025-12-13,2025-12
C03684,2025-12-14,2025-12
C04205,2025-12-14,2025-12
C00040,2025-12-14,2025-12
C02450,2025-12-14,2025-12
C03009,2025-12-15,2025-12
C03398,2025-12-15,2025-12
C03002,2025-12-15,2025-12
C02150,2025-12-15,2025-12
C02744,2025-12-16,2025-12
C04392,2025-12-16,2025-12
C00542,2025-12-17,2025-12
C02740,2025-12-17,2025-12
C00796,2025-12-17,2025-12
C01042,2025-12-18,2025-12
C02998,2025-12-19,2025-12
C03372,2025-12-19,2025-12
C04759,2025-12-19,2025-12
C03625,2025-12-20,2025-12
C04215,2025-12-20,2025-12
C04823,2025-12-21,2025-12
C00094,2025-12-21,2025-12
C04214,2025-12-21,2025-12
C04667,2025-12-22,2025-12
C04351,2025-12-22,2025-12
C02112,2025-12-22,2025-12
C04859,2025-12-23,2025-12
C00145,2025-12-23,2025-12
C01199,2025-12-23,2025-12
C01948,2025-12-24,2025-12
C03844,2025-12-24,2025-12
C01152,2025-12-25,2025-12
C01584,2025-12-25,2025-12
C02635,2025-12-27,2025-12
C03732,2025-12-28,2025-12
C04617,2025-12-28,2025-12
C04721,2025-12-29,2025-12
C03676,2025-12-29,2025-12
C01463,2025-12-29,2025-12
C04037,2025-12-30,2025-12
C01950,2025-12-30,2025-12
